customer_id,contract_type,contract_start_date,last_call_date,minutes_used_two_months_ago,minutes_used_last_month,minutes_used_current_month,helpdesk_calls_3m,avg_monthly_bill,unpaid_invoices,region_code,retention_offer_sent,region_churn_rate,contract_end_date,churn
C04665,Prepaid,2020-05-11,2023-05-07,69,72,66,0,,0,9740,0,0.174,,0
C00339,Prepaid,2022-01-20,2023-06-28,97,102,105,2,,0,4390,0,0.071,,0
C04624,Postpaid,2014-05-20,2023-06-09,3351,3627,3387,1,308.1,0,9160,0,0.153,,0
C03985,Postpaid,2021-04-29,2023-06-23,1195,1267,1360,3,122.02,0,3270,0,0.0,2024-09-18,0
C01354,Prepaid,2019-09-22,2023-06-15,120,121,128,1,,0,1850,0,0.2,,0
C01837,Postpaid,2018-01-28,2023-06-19,887,880,869,2,94.89,1,1890,0,0.235,,0
C00964,Postpaid,2016-09-29,2023-06-11,507,473,475,3,49.96,0,3000 Leuven,0,0.173,,0
C02467,Postpaid,2018-03-21,2023-05-06,277,306,293,1,40.84,0,3000 Leuven,0,0.173,,0
C03016,Prepaid,2021-07-08,2023-05-26,137,77,4,2,,0,4600,1,0.102,,1
C01464,Prepaid,2021-01-20,2023-05-16,119,124,122,1,,0,3250,0,0.062,,0
C04922,Prepaid,2019-01-12,2023-06-15,71,81,80,0,,0,9330,0,0.333,,0
C02131,Postpaid,2015-11-07,2023-05-28,146,142,133,1,32.25,1,3300,0,0.214,,0
C02747,Postpaid,2016-04-24,2023-06-22,128,132,134,0,37.46,1,1200,0,0.116,,0
C02364,Prepaid,2014-01-22,2023-05-19,130,123,2,2,,0,3660,0,0.235,,1
C02988,Prepaid,2015-10-06,2023-04-30,52,27,0,1,,0,4370,1,0.074,,1
C02765,Postpaid,2020-05-14,2023-05-25,130,112,120,3,42.66,1,3160,0,0.0,,0
C00664,Postpaid,2018-07-31,2023-06-23,214,230,243,0,53.69,1,9160,0,0.153,,0
C01915,Postpaid,2014-07-27,2023-05-26,144,124,6,2,35.64,0,3000,0,0.173,2023-06-29,1
C01912,Prepaid,2015-01-24,2023-06-08,31,27,26,0,,0,7650,0,0.182,,0
C04206,Prepaid,2018-06-28,2023-06-16,128,137,132,0,,0,9160,0,0.153,,0
C02611,Prepaid,2022-12-18,2023-06-20,80,74,76,2,,0,3000,0,0.173,,0
C00937,Prepaid,2016-04-30,2023-06-18,242,211,199,2,,0,3000,0,0.173,,0
C04686,Prepaid,2018-09-24,2023-05-08,79,42,1,4,,0,3000 Leuven,0,0.173,,1
C01528,Postpaid,2021-04-29,2023-05-04,295,262,238,0,36.94,0,6020,0,0.167,,0
C04022,Postpaid,2016-11-01,2023-06-29,77,69,65,0,26.7,0,2000,0,0.182,,0
C04607,Prepaid,2014-01-02,2023-05-13,68,35,0,3,,0,5350,0,0.214,,1
C01065,Prepaid,2020-12-22,2023-05-09,55,49,2,0,,0,1700,1,0.342,,1
C03847,Postpaid,2021-06-21,2023-06-23,384,377,406,2,52.26,0,3200,0,0.222,,0
C03980,Postpaid,2015-01-24,2023-06-02,354,367,378,2,50.25,0,1670,0,0.125,,0
C02771,Postpaid,2021-09-20,2023-06-16,438,376,364,1,53.34,0,6620,0,0.118,,0
C01615,Postpaid,2014-04-20,2023-05-15,922,1005,927,2,107.77,1,1300,0,0.26,,0
C01101,Postpaid,2015-06-04,2023-05-07,157,127,6,0,44.55,0,9100,0,0.136,2023-06-17,1
C02196,Postpaid,2021-01-28,2023-05-24,95,74,3,1,31.62,0,2670,1,0.086,2023-06-30,1
C03045,Postpaid,2019-07-04,2023-05-23,168,161,165,1,45.93,0,9760,0,0.25,,0
C04228,Postpaid,2022-12-08,2023-05-28,226,117,1,1,50.56,0,9160,0,0.153,2023-06-07,1
C04668,Postpaid,2018-04-03,2023-05-06,294,284,309,1,43.2,0,6900,0,0.205,,0
C03456,Postpaid,2014-01-22,2023-06-29,519,487,516,0,57.65,3,8310,1,0.175,2025-01-29,0
C04120,Prepaid,2017-06-19,2023-06-23,23,25,27,0,,0,4390,0,0.071,,0
C01003,Postpaid,2015-06-22,2023-05-26,590,625,639,2,68.48,0,1080,0,0.381,,0
C00386,Postpaid,2014-06-16,2023-06-22,191,165,162,0,49.29,0,4750,0,0.25,,0
C02265,Postpaid,2016-05-14,2023-06-11,312,301,273,0,47.74,0,6010,0,0.0,2023-11-21,0
C02039,Postpaid,2023-04-06,2023-04-29,283,214,7,5,38.75,1,6900,1,0.205,2023-06-12,1
C03866,Postpaid,03/07/2016,2023-06-02,270,239,262,0,39.13,0,9100,0,0.136,2024-02-29,0
C02178,Postpaid,2017-07-12,2023-06-26,30,34,34,2,28.22,1,8000,0,0.211,,0
C00550,Postpaid,2017-08-20,2023-06-22,142,160,168,0,38.69,0,1310,0,0.143,2024-05-13,0
C02560,Postpaid,2021-10-30,2023-05-03,340,380,388,1,46.33,0,9160,0,0.153,,0
C03098,Postpaid,2017-12-30,2023-05-19,286,242,10,3,47.56,1,9160,1,0.153,2023-06-04,1
C01573,Prepaid,2015-07-26,2023-05-11,125,113,105,0,,0,6870,0,0.28,,0
C04817,Prepaid,2018-01-20,2023-04-21,687,526,31,1,,0,3000 Leuven,0,0.173,,1
C04632,Prepaid,2023-02-26,2023-05-17,153,165,155,2,,0,3900,0,0.143,,0
C02591,Postpaid,2017-01-25,2023-06-20,104,98,88,1,36.9,0,9160,0,0.153,,0
C04676,Postpaid,2023-05-13,2023-06-23,665,747,753,2,93.66,0,9160,0,0.153,,0
C03480,Postpaid,2014-12-24,2023-06-19,100,104,95,1,34.63,0,6900,0,0.205,,0
C01394,Prepaid,2021-08-26,2023-06-03,37,33,34,0,,0,4350,0,0.0,,0
C04782,Prepaid,2023-04-04,2023-06-07,86,78,84,2,,0,2670,0,0.086,,0
C02220,Postpaid,2019-03-01,2023-06-11,57,59,53,0,23.13,0,3080,0,0.0,,0
C02177,Prepaid,2015-07-18,2023-06-22,40,36,39,1,,0,LEU-3000,0,0.173,,0
C04931,Prepaid,2018-08-20,2023-04-13,52,26,1,3,,0,1690,1,0.167,,1
C02067,Postpaid,2022-05-30,2023-06-17,292,276,267,2,46.83,1,4300,0,0.25,,0
C02543,Prepaid,2021-05-20,2023-06-08,83,95,90,2,,0,5210,0,0.0,,0
C01641,Postpaid,2016-09-17,2023-06-14,31,27,28,0,32.12,0,7500,0,0.079,,0
C01291,Postpaid,2021-01-15,2023-06-07,473,512,488,1,,1,2670,0,0.086,,0
C00659,Prepaid,2017-03-08,2023-06-23,163,159,170,1,,0,9100,0,0.136,,0
C00490,Prepaid,2019-08-22,2023-04-10,79,74,2,1,,0,9020,0,0.143,,1
C04142,Postpaid,2015-08-17,2023-06-30,778,731,682,1,80.28,1,9160,0,0.153,2023-11-08,0
C00829,Postpaid,2016-08-11,2023-05-25,405,370,17,4,52.3,1,6960,1,0.359,2023-06-03,1
C02133,Postpaid,2020-10-10,2023-06-16,322,330,333,1,50.34,0,6250,0,0.133,,0
C02608,Postpaid,2018-11-21,2023-06-17,811,769,789,1,72.81,0,4020,0,0.071,2024-11-03,0
C00314,Postpaid,2017-10-30,2023-04-15,287,203,2,4,44.54,1,1480,0,0.375,2023-06-03,1
C02833,Prepaid,2017-04-07,2023-06-10,50,55,51,1,,0,1890,0,0.235,,0
C04608,Prepaid,2020-04-24,2023-06-06,81,87,95,1,,0,9160,0,0.153,,0
C00564,Postpaid,2023-01-14,2023-06-01,232,165,1,3,33.28,1,6680,1,0.286,2023-06-20,1
C03142,Postpaid,2021-08-23,2023-05-06,409,466,435,2,68.64,1,3660,0,0.235,,0
C00036,Postpaid,2022-04-20,2023-06-01,763,849,829,0,98.38,2,9160,0,0.153,,0
C04848,Prepaid,2020-01-26,2023-05-20,25,22,1,2,,0,3930,0,0.571,,1
C02426,Postpaid,2018-08-26,2023-05-29,216,132,7,0,39.72,1,4740,1,0.5,2023-06-16,1
C03194,Prepaid,2016-07-17,2023-06-10,47,54,57,0,,0,7500,0,0.079,,0
C00623,Prepaid,2021-08-03,2023-06-16,91,83,88,0,,0,3740,0,0.129,,0
C03219,Postpaid,2016-10-31,2023-06-15,235,200,213,16,32.67,0,3250,0,0.062,2025-07-28,0
C03389,Prepaid,2021-11-28,2023-06-30,79,84,83,1,,0,3000,0,0.173,,0
C02251,Postpaid,2016-09-18,2023-05-16,350,299,12,0,50.86,0,3000 Leuven,1,0.173,2023-06-01,1
C04399,Prepaid,2015-12-10,2023-05-22,89,78,79,2,,0,3000,0,0.173,,0
C01173,Prepaid,2021-06-28,2023-05-12,67,73,78,2,,0,2670,0,0.086,,0
C03356,Prepaid,2015-08-15,2023-06-19,148,167,165,1,,0,6200,0,0.167,,0
C04909,Postpaid,2016-03-14,2023-05-25,1204,1286,1202,3,127.07,1,8630,0,0.188,,0
C00398,Prepaid,2014-05-05,2023-06-29,118,119,124,0,,0,3000,0,0.173,,0
C01388,PREPAID,2019-01-01,2023-06-25,163,141,151,0,,0,LEU-3000,0,0.173,,0
C00199,Prepaid,2021-05-08,2023-05-14,286,317,293,2,,0,2670,0,0.086,,0
C01934,Prepaid,2018-08-27,2023-06-10,43,41,42,3,,0,8560,0,0.233,,0
C04498,Prepaid,2018-04-06,2023-06-14,61,54,53,0,,0,2150,0,0.094,,0
C03093,Postpaid,2017-06-19,2023-06-23,251,253,228,2,46.82,0,1700,0,0.342,,0
C04365,Postpaid,2015-05-01,2023-05-18,36,32,31,2,28.66,0,9100,0,0.136,,0
C00120,Prepaid,2022-01-27,2023-05-26,94,99,102,1,,0,5490,1,0.118,,0
C00239,Prepaid,2015-10-05,2023-06-02,553,633,620,0,,0,6000,0,0.182,,0
C04145,Postpaid,2017-05-30,2023-04-09,428,436,26,5,49.36,1,2600,1,0.231,2023-06-01,1
C00375,Prepaid,2022-06-04,2023-05-31,56,27,0,1,,0,2190,1,0.143,,1
C02731,Prepaid,2014-05-14,2023-06-26,69,69,67,2,,0,4220,1,0.0,,0
C00739,Postpaid,2019-08-10,2023-06-13,715,769,801,1,80.55,0,3000,0,0.173,,0
C01177,Postpaid,2016-01-24,2023-06-10,1181,1280,1160,3,129.26,0,7310,0,0.111,,0
C04082,Prepaid,2017-02-16,2023-06-02,31,17,1,1,,0,3660,1,0.235,,1
C00743,Prepaid,2015-08-18,2023-06-18,89,78,84,1,,0,7110,0,0.3,,0
C00381,Postpaid,2018-07-21,2023-06-20,166,151,164,0,48.51,0,9130,0,0.0,,0
C04953,Prepaid,2022-10-22,2023-06-17,166,179,165,2,,0,4600,0,0.102,,0
C00827,Postpaid,2019-06-27,2023-05-15,200,111,5,2,45.62,0,6900,1,0.205,2023-06-12,1
C01147,Postpaid,2022-05-21,2023-06-05,174,100,1,0,26.35,0,6960,0,0.359,2023-06-30,1
C00867,Postpaid,2022-03-29,2023-05-14,43,33,0,1,42.86,1,4370,1,0.074,2023-06-25,1
C00122,Prepaid,2016-11-07,2023-04-29,56,30,1,0,,0,1700,1,0.342,,1
C04833,Prepaid,2015-07-11,2023-06-24,60,51,53,1,,0,9770,0,0.083,,0
C04871,Prepaid,2015-07-13,2023-06-26,82,76,78,1,,0,9100,0,0.136,,0
C02883,Prepaid,2019-09-10,2023-06-19,65,68,65,0,,0,9860,0,0.132,,0
C04473,Postpaid,2022-07-22,2023-06-02,322,311,293,2,53.35,0,3050,0,0.111,,0
C01919,Postpaid,2020-03-24,2023-06-06,256,234,225,1,48.78,1,3001,0,0.0,,0
C02340,Postpaid,2020-03-06,2023-06-07,459,444,481,1,71.06,0,9860,0,0.132,,0
C00620,Postpaid,2023-03-13,2023-05-29,256,260,237,1,50.99,0,9100,0,0.136,,0
C04167,Prepaid,2014-07-28,2023-05-30,135,84,1,2,,0,1700,1,0.342,,1
C00130,Postpaid,2021-09-08,2023-06-27,32,30,32,0,28.31,500,3080,0,0.0,,0
C00378,Postpaid,2023-01-25,2023-05-15,114,118,124,2,37.76,0,1300,0,0.26,,0
C03886,Postpaid,2021-12-07,2023-05-21,89,81,83,3,31.36,0,4380,0,0.125,,0
C03144,Postpaid,2016-06-02,2023-05-11,247,204,0,2,42.99,0,3980,1,0.222,2023-06-30,1
C01832,Postpaid,2022-12-23,2023-05-10,425,259,12,3,50.58,0,3000,1,0.173,2023-06-27,1
C03917,Prepaid,2019-11-14,2023-06-28,108,92,93,0,,0,9160,0,0.153,,0
C03301,Postpaid,2019-10-15,2023-06-06,355,346,320,1,61.24,0,1700,0,0.342,,0
C02726,Prepaid,2022-06-12,2023-06-04,83,94,99,4,,0,9110,0,0.0,,0
C04033,Postpaid,2017-11-25,2023-06-23,124,110,116,1,37.63,1,4600,0,0.102,,0
C00281,Prepaid,2017-01-08,2023-06-30,395,345,313,0,,0,9160,0,0.153,,0
C02790,Postpaid,2018-09-05,2023-05-16,758,846,805,0,98.88,1,5350,0,0.214,,0
C00501,Postpaid,2016-06-24,2023-04-10,66,63,3,0,18.67,1,8800,1,0.231,2023-06-02,1
C00799,Prepaid,2023-04-04,2023-06-09,55,58,55,1,,0,2670,0,0.086,,0
C03771,Postpaid,2018-02-16,2023-06-26,512,459,459,1,68.49,0, 1200,0,0.116,,0
C03279,Prepaid,2015-11-29,2023-06-16,120,124,132,0,,0,7500,0,0.079,,0
C02153,Postpaid,2020-07-25,2023-06-19,140,120,119,0,33.36,0,1740,0,0.161,,0
C01243,Prepaid,2019-04-09,2023-06-27,40,37,35,0,,0,6620,0,0.118,,0
C01088,Prepaid,2020-12-25,2023-06-01,275,251,253,1,,0,9100,0,0.136,,0
C00089,Postpaid,2014-04-08,2023-06-17,1635,1392,1386,0,127.13,0,1850,0,0.2,,0
C00977,Postpaid,2019-04-13,2023-05-06,225,218,223,0,40.35,0,2670,0,0.086,,0
C01501,Postpaid,2018-12-02,2023-06-14,238,267,250,1,59.4,0,9160,0,0.153,,0
C01714,postpaid,2018-10-08,2023-06-14,470,415,420,1,62.96,1,9160,0,0.153,,0
C02909,Postpaid,2014-04-07,2023-06-27,197,212,198,0,39.52,0,6140,0,0.0,,0
C03424,Prepaid,2019-03-10,2023-06-30,31,28,26,1,,0,9100,1,0.136,,0
C04988,Prepaid,2021-01-16,2023-06-08,74,75,71,1,,0,9100,0,0.136,,0
C03450,Post-paid,2022-04-26,2023-06-09,88,84,90,0,30.82,0,5490,0,0.118,,0
C00883,Postpaid,2018-09-23,2023-06-22,268,240,232,1,49.49,1,4890,0,0.136,,0
C01561,Postpaid,2014-12-30,2023-06-17,297,322,323,1,57.54,1,4190,0,0.182,,0
C03062,Postpaid,2018-08-05,2023-06-25,342,356,335,2,51.44,0,7970,0,0.125,,0
C01421,Postpaid,2017-08-15,2023-06-18,86,79,71,2,37.69,0,5680,0,0.333,,0
C01108,Postpaid,2021-02-01,2023-06-01,180,188,10,2,34.0,1,3660,1,0.235,2023-06-29,1
C02213,Postpaid,2016-05-19,2023-05-29,202,175,169,0,43.28,0,2660,0,0.25,,0
C03834,Postpaid,2017-01-29,2023-06-24,241,228,227,1,43.22,0,9160,0,0.153,,0
C03117,Postpaid,2017-03-26,2023-06-25,234,248,243,0,54.47,0,1200,0,0.116,,0
C00802,Postpaid,2020-01-16,2023-06-20,411,380,368,0,55.27,0,1500,0,0.0,,0
C03273,Postpaid,2015-08-11,2023-06-24,201,224,222,0,55.81,0,9160,0,0.153,,0
C03640,Postpaid,2016-10-30,2023-05-08,85,87,5,2,34.08,0,3060,1,0.286,2023-06-25,1
C04948,Prepaid,2020-05-21,2023-06-29,36,37,34,0,,0,9160,0,0.153,,0
C03622,Postpaid,2020-01-13,2023-06-02,73,84,86,0,33.15,0,3000,0,0.173,2023-09-27,0
C01400,postpaid,2022-07-18,2023-06-14,766,806,869,0,82.29,1,6200,0,0.167,,0
C02011,Prepaid,2015-08-24,2023-05-23,208,187,173,3,,0,3630,0,0.286,,0
C00840,Postpaid,2015-06-26,2023-06-28,239,244,234,0,41.8,0,1700,1,0.342,,0
C04329,Postpaid,2015-04-30,2023-06-28,120,129,135,0,22.95,0,2670,0,0.086,,0
C03911,Prepaid,2016-07-22,2023-04-14,193,136,6,0,,0, 1070,1,0.2,,1
C00538,Postpaid,2021-05-10,2023-06-05,123,116,108,0,38.81,0,3660,0,0.235,2024-11-13,0
C01020,Postpaid,2022-12-11,2023-05-11,113,112,4,0,35.22,0,2670,1,0.086,2023-06-09,1
C04730,Prepaid,2016-01-30,2023-05-04,50,54,58,0,,0, 8000,0,0.211,,0
C02319,Prepaid,2016-11-17,2023-06-23,125,127,126,1,,0,6900,0,0.205,,0
C02065,Postpaid,2016-10-01,2023-06-16,701,801,827,0,94.25,1,7890,0,0.25,,0
C01206,Postpaid,2016-02-03,2023-06-19,78,80,82,1,27.29,2,6960,0,0.359,,0
C03043,Prepaid,2018-08-28,2023-04-09,72,62,2,2,,0,8430,1,0.2,,1
C03353,Prepaid,2015-10-03,2023-05-20,55,43,2,3,,0,3000 Leuven,1,0.173,,1
C03541,Prepaid,2016-11-22,2023-05-08,63,61,2,3,,0,3000,1,0.173,,1
C01146,Postpaid,2015-01-06,2023-06-06,207,227,207,2,40.93,0,9160,0,0.153,,0
C01154,Postpaid,2021-02-20,2023-06-15,160,146,149,1,27.21,0,3480,0,0.1,,0
C01874,postpaid,2021-07-04,2023-06-24,466,484,521,1,63.32,1,6020,0,0.167,,0
C00342,Postpaid,2022-10-06,2023-06-04,122,103,106,0,37.87,0,7310,0,0.111,,0
C01194,Postpaid,2015-07-04,2023-06-03,95,109,109,0,33.83,0,8540,0,0.125,,0
C03341,Postpaid,2022-10-26,2023-05-30,253,178,6,2,34.35,1,4600,0,0.102,2023-06-26,1
C02151,Postpaid,2016-06-09,2023-06-18,258,260,272,2,46.21,0,1690,0,0.167,,0
C01151,Postpaid,2015-11-02,2023-06-14,506,533,542,1,75.24,0,6900,1,0.205,,0
C00823,Postpaid,2021-05-04,2023-06-05,756,708,656,0,84.86,0,1560,0,0.0,,0
C04052,Postpaid,2020-09-04,2023-04-07,185,99,1,4,26.23,0,8990,1,0.5,2023-06-26,1
C00990,Postpaid,2016-09-17,2023-06-27,500,551,596,0,74.08,0,2470,0,0.0,,0
C04583,Postpaid,2019-03-16,2023-06-10,180,190,201,0,35.48,0,3000,0,0.173,,0
C01636,Postpaid,2015-01-28,2023-06-26,111,110,110,0,39.56,0,2190,0,0.143,,0
C00500,Postpaid,2017-11-25,2023-06-02,110,115,106,0,43.36,0,1050,0,0.278,,0
C03266,Postpaid,2018-10-03,2023-06-17,193,170,160,1,27.95,0,3660,0,0.235,2023-09-11,0
C00910,Prepaid,2020-01-11,2023-05-11,11,10,10,1,,0,7500,0,0.079,,0
C04904,Post-paid,2022-12-02,2023-06-13,381,427,447,0,63.4,0,1700,0,0.342,,0
C04812,Postpaid,2018-02-16,2023-06-27,322,345,363,0,55.42,0,5290,0,0.171,2025-07-04,0
C02545,Postpaid,2014-09-22,2023-06-08,92,88,85,4,37.61,0,2670,0,0.086,,0
C00069,Postpaid,2014-03-28,2023-06-18,719,672,728,2,73.33,0,2600,0,0.231,,0
C03063,Prepaid,2018-09-17,2023-06-08,294,280,282,2,,0,9200,0,0.222,,0
C00492,Postpaid,2019-09-05,2023-06-13,763,766,749,1,77.85,0,1670,1,0.125,,0
C04611,Prepaid,2017-05-29,2023-06-18,53,55,56,2,,0,6470,0,0.214,,0
C02412,Prepaid,2016-11-16,2023-06-12,83,80,81,1,,0,3980,0,0.222,,0
C02811,Postpaid,2017-02-25,2023-04-25,351,236,4,2,48.86,0,6900,1,0.205,2023-06-27,1
C03309,Prepaid,2016-10-24,2023-06-22,59,63,60,1,,0,6960,0,0.359,,0
C01479,Prepaid,2023-04-26,2023-05-28,340,321,289,1,,0,6430,0,0.188,,0
C01723,Postpaid,2017-12-30,2023-06-13,182,209,227,0,56.88,1,1700,0,0.342,2024-07-19,0
C03954,Prepaid,2017-07-29,2023-06-10,111,105,111,0,,0,5290,0,0.171,,0
C04333,Prepaid,2016-09-25,2023-06-22,72,62,61,0,,0,4750,0,0.25,,0
C04177,Prepaid,2022-08-31,2023-06-17,106,99,97,0,,0,9100,0,0.136,,0
C03023,Prepaid,2017-04-14,2023-06-05,356,335,334,0,,0,9100,0,0.136,,0
C01673,Postpaid,2018-02-21,2023-06-05,403,456,476,0,67.1,0,9160,0,0.153,2025-04-08,0
C00650,Postpaid,2020-07-29,2023-06-01,188,160,2,1,39.45,0,6470,0,0.214,2023-06-15,1
C04173,Postpaid,2021-06-12,2023-06-29,289,250,251,2,46.95,1,7500,1,0.079,,0
C01347,Prepaid,2016-04-01,2023-06-27,47,41,44,1,,0,4180,0,0.167,,0
C00678,Postpaid,2021-05-16,2023-06-12,249,255,235,2,45.33,1,3000,0,0.173,,0
C01323,Postpaid,2014-07-08,2023-06-09,326,320,308,0,51.38,0,7670,0,0.333,,0
C04196,Prepaid,2019-10-28,2023-06-29,68,60,66,1,,0,1200,0,0.116,,0
C00187,Prepaid,2015-07-08,2023-04-18,83,87,2,2,,0,8490,1,0.143,,1
C01124,Postpaid,2017-03-24,2023-06-04,91,81,88,1,34.92,0,2670,0,0.086,2024-07-28,0
C01523,Prepaid,2017-08-12,2023-05-13,162,81,2,1,,0,9230,0,0.389,,1
C04219,Postpaid,2019-07-31,2023-04-18,79,62,2,3,43.45,0,2230,0,0.421,2023-06-26,1
C03821,Postpaid,2021-09-10,2023-06-26,110,102,107,1,43.02,0,9100,1,0.136,,0
C01904,Postpaid,2022-09-20,2023-05-18,220,240,217,1,52.09,0,1180,0,0.0,2024-12-28,0
C02192,Postpaid,2017-05-27,2023-06-23,232,204,208,1,39.99,0,7500,0,0.079,,0
C01258,Post-paid,2020-09-21,2023-06-17,55,61,59,1,31.63,0,2600,0,0.231,,0
C03858,Prepaid,2016-04-30,2023-06-05,37,36,35,1,,0,LEU-3000,0,0.173,,0
C00376,Postpaid,2017-06-12,2023-05-07,112,116,119,0,41.7,0,9160,0,0.153,,0
C03190,Postpaid,2023-02-19,2023-06-12,532,537,561,2,72.76,1,8310,0,0.175,,0
C01709,Prepaid,2020-05-20,2023-06-03,135,122,131,2,,0,5350,0,0.214,,0
C00832,Postpaid,2022-07-12,2023-06-07,1113,1237,1182,0,117.94,1,3000,0,0.173,,0
C00506,Postpaid,2020-11-18,2023-05-31,167,145,146,0,37.47,0,9160,0,0.153,,0
C00995,Postpaid,2018-09-06,2023-05-15,54,63,64,1,45.91,0,8560,0,0.233,2024-09-08,0
C02810,Postpaid,2019-03-17,2023-06-22,530,525,493,3,57.83,1,9160,0,0.153,,0
C04517,Prepaid,2021-08-02,2023-06-15,85,82,82,1,,0,3000,0,0.173,,0
C04965,Prepaid,2014-03-19,2023-06-01,92,85,81,1,,0,3700,0,0.0,,0
C02844,Prepaid,2019-12-13,2023-05-08,223,208,198,1,,0,6280,0,0.0,,0
C03617,Prepaid,2017-08-19,2023-06-26,39,35,36,0,,0,6620,0,0.118,,0
C00498,Prepaid,2016-11-29,2023-04-24,38,20,0,1,,0,5380,1,0.167,,1
C01609,Postpaid,2022-01-28,2023-06-25,557,615,556,0,83.8,0,LEU-3000,0,0.173,,0
C02734,Postpaid,2018-03-08,2023-06-23,118,130,135,1,42.96,1,9100,0,0.136,2023-10-29,0
C03576,Prepaid,2014-08-09,2023-06-10,111,109,99,0,,0,6260,1,0.0,,0
C03019,Prepaid,2019-04-13,2023-05-21,175,140,2,3,,0,9100,1,0.136,,1
C00465,Postpaid,2016-12-10,2023-06-08,208,237,218,2,46.6,0,4100,0,0.0,,0
C02417,Postpaid,2019-06-20,2023-05-15,342,239,1,0,40.44,1,8310,1,0.175,2023-06-15,1
C01616,Prepaid,2014-11-24,2023-06-01,26,28,30,1,,0,5210,0,0.0,,0
C03584,Postpaid,2023-04-19,2023-06-28,199,173,171,0,44.93,0,2660,0,0.25,,0
C00073,Postpaid,2023-02-01,2023-05-20,388,440,479,1,62.38,0,5760,0,0.25,,0
C00318,Prepaid,2014-12-07,2023-06-05,18,17,16,4,,0,8490,0,0.143,,0
C04427,Postpaid,2014-11-02,2023-06-26,283,308,329,0,52.35,1,5590,0,0.0,,0
C03133,Postpaid,2021-01-16,2023-05-08,548,345,6,1,57.87,0,3740,1,0.129,2023-06-17,1
C04565,Prepaid,2022-05-06,2023-06-26,43,47,44,1,,0,2190,0,0.143,,0
C00193,Prepaid,2020-03-11,2023-06-04,99,93,102,0,,0,9160,0,0.153,,0
C04551,Postpaid,2015-07-13,2023-06-24,77,74,77,1,37.45,1,9160,0,0.153,,0
C04201,Prepaid,2019-09-10,2023-06-08,24,22,23,0,,0,8360,0,0.1,,0
C01517,Postpaid,2017-08-28,2023-06-26,553,539,536,2,67.49,0,3090,0,0.125,,0
C01835,Postpaid,2019-07-11,2023-06-27,97,85,79,0,30.85,1,2070,0,0.312,,0
C00810,Postpaid,2016-04-13,2023-05-19,238,151,1,1,48.6,0,9860,0,0.132,2023-06-15,1
C00219,Postpaid,2019-03-07,2023-05-31,298,337,361,0,49.48,0,2018,0,0.333,,0
C02156,Prepaid,2022-05-12,2023-06-24,90,98,91,0,,0,6790,0,0.0,,0
C01098,Prepaid,2017-04-18,2023-04-24,8,7,0,7,,0,5680,1,0.333,,1
C03810,Prepaid,2015-11-08,2023-06-30,30,27,28,0,,0,1050,0,0.278,,0
C02234,Prepaid,2020-11-05,2023-06-29,100,106,99,1,,0,3000,0,0.173,,0
C03096,Prepaid,2018-05-29,2023-06-25,30,34,31,1,,0,1890,0,0.235,,0
C00596,Postpaid,2018-07-24,2023-06-06,1282,1209,1216,0,123.3,0,9100,0,0.136,,0
C00131,Prepaid,2014-11-11,2023-05-25,39,22,1,1,,0,1700,0,0.342,,1
C00046,Postpaid,2014-03-05,2023-06-09,247,263,280,1,51.8,0,6020,0,0.167,,0
C02124,Postpaid,2020-12-26,2023-06-21,181,170,164,0,39.91,0,3000,0,0.173,2025-03-22,0
C04339,PREPAID,2020-10-13,2023-06-07,10,11,10,0,,0,1180,0,0.0,,0
C04845,Prepaid,2015-02-28,2023-06-12,29,32,32,0,,0,5040,0,0.0,,0
C01880,Postpaid,2017-01-05,2023-06-17,94,86,93,0,29.42,1,1700,0,0.342,,0
C00587,Postpaid,2018-09-08,2023-06-11,191,209,199,3,34.6,1,1300,0,0.26,,0
C01037,Postpaid,2018-04-21,2023-06-06,103,107,98,1,,0,4180,0,0.167,,0
C02547,Prepaid,2021-04-15,2023-05-26,32,31,0,2,,0,6960,0,0.359,,1
C00271,Postpaid,2019-01-30,2023-06-17,63,68,67,0,26.6,1,3200,1,0.222,,0
C03905,Postpaid,2019-02-06,2023-06-14,87,79,74,0,26.8,1,3500,0,0.0,,0
C00583,Postpaid,2019-07-06,2023-06-07,113,118,120,0,37.09,0,2670,0,0.086,,0
C03171,Postpaid,2022-04-22,2023-06-03,84,93,88,2,26.83,0,3130,0,0.1,,0
C01547,Postpaid,2022-11-06,2023-06-02,586,589,606,1,67.63,0,2670,0,0.086,,0
C04708,Prepaid,2017-04-19,2023-06-17,80,83,83,2,,0,3000,0,0.173,,0
C03880,Postpaid,2015-04-01,2023-05-14,127,129,141,0,42.17,1,3250,0,0.062,,0
C02854,Postpaid,2017-03-14,2023-06-22,74,72,73,0,29.8,0,3450,0,0.214,,0
C00323,Postpaid,2018-01-01,2023-06-07,113,115,106,0,40.58,0,7500,0,0.079,,0
C02579,Postpaid,2019-02-15,2023-05-10,81,68,2,4,33.9,1,3000,1,0.173,2023-06-30,1
C04540,Postpaid,2014-10-17,2023-06-12,397,440,445,0,49.82,0,2590,0,0.0,2024-09-21,0
C04448,Prepaid,2015-07-26,2023-06-08,27,29,28,1,,0,1070,0,0.2,,0
C04794,Postpaid,2019-05-15,2023-06-22,271,309,327,1,48.65,0,3000,0,0.173,,0
C04146,Prepaid,2018-07-01,2023-05-28,184,128,3,1,,0,9910,1,0.5,,1
C01577,Postpaid,2016-07-02,2023-06-01,37,32,29,1,26.09,0,5120,0,0.0,,0
C01078,Postpaid,2018-03-26,2023-05-04,240,240,226,1,54.61,0,1300,0,0.26,,0
C02577,Postpaid,2016-11-19,2023-06-03,420,479,453,1,67.43,1,1740,0,0.161,,0
C01776,Postpaid,2015-04-13,2023-06-19,93,86,88,0,26.7,0,2670,0,0.086,,0
C00496,Prepaid,2015-06-05,2023-04-17,21,11,1,0,,0,5940,1,0.444,,1
C01882,Prepaid,2019-09-27,2023-05-10,20,16,1,3,,0,3000,1,0.173,,1
C03569,Postpaid,2022-04-13,2023-06-23,190,184,198,0,48.09,0,7110,0,0.3,,0
C02727,Prepaid,2016-05-15,2023-05-31,27,16,1,0,,0,3000,0,0.173,,1
C01427,Postpaid,2021-12-01,2023-06-17,139,140,129,2,45.18,0,9160,0,0.153,,0
C01638,Postpaid,16/10/2016,2023-05-21,527,591,650,0,79.08,0,3660,0,0.235,,0
C02871,PREPAID,2022-06-03,2023-06-21,94,87,85,0,,0,6250,0,0.133,,0
C04450,Postpaid,2016-07-07,2023-04-16,424,225,7,2,43.09,1,9160,1,0.153,2023-06-10,1
C01005,Prepaid,2019-07-24,2023-06-08,127,125,130,2,,0,7540,0,0.2,,0
C00092,Postpaid,2020-06-12,2023-05-01,1571,1040,32,5,100.82,0,1020,0,0.235,2023-06-21,1
C03547,Prepaid,2022-08-05,2023-05-15,94,60,2,4,,0,6380,1,0.167,,1
C04190,Postpaid,2017-03-16,2023-06-10,51,54,55,0,25.27,1,9160,0,0.153,,0
C03533,Postpaid,2017-10-15,2023-06-12,463,459,434,1,55.71,1,9160,0,0.153,,0
C02889,Prepaid,2018-05-28,2023-05-08,211,180,195,0,,0,1030,1,0.1,,0
C03688,Postpaid,2016-11-14,2023-06-29,58,49,49,0,26.03,1,7310,0,0.111,,0
C00604,Postpaid,2020-03-27,2023-06-02,334,349,380,1,54.21,0,9160,1,0.153,2025-02-27,0
C03216,Postpaid,2015-06-23,2023-06-23,328,285,313,1,52.95,0,7500,0,0.079,,0
C04538,Postpaid,2020-11-04,2023-05-26,573,556,533,0,76.84,0,6960,0,0.359,,0
C01639,PREPAID,2021-11-29,2023-06-26,67,76,79,0,,0,2100,0,0.0,,0
C02849,Postpaid,2014-06-27,2023-06-11,95,98,104,1,44.29,1,1200,0,0.116,,0
C00329,Postpaid,2018-06-14,2023-06-13,418,422,448,1,65.55,0,3000,0,0.173,,0
C01369,Postpaid,2016-12-21,2023-05-21,291,280,1,1,54.35,1,9100,1,0.136,2023-06-20,1
C00672,Postpaid,2020-04-08,2023-06-23,763,690,708,0,87.83,1,9160,0,0.153,,0
C02107,Prepaid,2022-04-02,2023-06-27,180,174,175,0,,0,3480,0,0.1,,0
C00259,Postpaid,2021-06-08,2023-06-09,263,300,286,0,51.97,1,9160,0,0.153,,0
C03971,Prepaid,2015-10-23,2023-06-02,92,83,77,1,,0,3000,0,0.173,,0
C04722,Postpaid,2017-10-17,2023-04-04,66,58,0,1,32.39,1,5700,1,0.273,2023-06-26,1
C00138,Prepaid,2017-11-06,2023-05-12,84,96,95,0,,0,4890,0,0.136,,0
C01299,Prepaid,2016-08-21,2023-06-14,189,207,227,0,,0,3290,0,0.143,,0
C02097,Prepaid,2022-06-30,2023-05-05,389,339,336,0,,0,9160,0,0.153,,0
C02437,Postpaid,2015-06-05,2023-06-13,118,105,105,0,40.64,0,1510,0,0.357,,0
C00522,Postpaid,2019-10-31,2023-05-29,579,593,23,1,82.02,0,6870,1,0.28,2023-06-30,1
C01816,Prepaid,2018-05-03,2023-04-26,112,89,1,4,,0,9480,0,0.143,,1
C04699,Post-paid,2019-07-19,2023-06-05,183,171,156,1,43.79,0,1070,0,0.2,2024-02-09,0
C00080,Prepaid,2016-01-11,2023-05-02,11,8,0,2,,0,9160,1,0.153,,1
C03153,Postpaid,2020-11-13,2023-04-14,65,45,0,3,30.0,0,4500,1,0.286,2023-06-29,1
C00956,Postpaid,2017-10-06,2023-06-15,566,553,588,3,72.42,0,9160,0,0.153,,0
C04293,Postpaid,2021-01-01,2023-06-15,115,118,121,2,23.89,0,2230,0,0.421,,0
C01495,Postpaid,2017-10-05,2023-05-04,166,179,189,0,38.36,2,8560,0,0.233,,0
C03439,Prepaid,2022-06-15,2023-05-12,89,90,90,1,,0,9160,0,0.153,,0
C02184,Postpaid,2018-05-30,2023-06-27,41,36,38,0,26.67,0,8980,0,0.125,,0
C02141,Postpaid,2020-05-01,2023-06-08,122,112,113,0,31.73,2,9770,0,0.083,2024-12-20,0
C02313,Postpaid,2016-06-29,2023-06-22,208,226,216,0,38.34,0,3000,0,0.173,2024-12-13,0
C01217,Postpaid,2015-04-27,2023-06-02,779,872,802,1,84.08,0,8310,1,0.175,,0
C01681,Prepaid,2021-07-02,2023-05-05,323,352,330,0,,0,1070,0,0.2,,0
C02500,Postpaid,2016-09-01,2023-06-30,1691,1906,1765,0,160.63,0,3000,0,0.173,2025-03-27,0
C03478,Postpaid,2015-11-13,2023-06-04,524,501,544,1,60.35,0,3000 Leuven,0,0.173,,0
C00893,Postpaid,2014-06-20,2023-05-23,136,137,2,2,36.64,0,3000,1,0.173,2023-06-14,1
C02214,Postpaid,2022-03-20,2023-05-20,624,470,9,2,60.82,0,1300,0,0.26,2023-06-16,1
C02650,Postpaid,2020-06-10,2023-06-17,284,319,349,0,59.79,1,3000,0,0.173,,0
C02431,Postpaid,2019-06-01,2023-06-08,215,187,193,2,41.37,0,9040,0,0.3,,0
C03909,Postpaid,2015-02-06,2023-06-08,210,205,212,2,46.66,0,2670,1,0.086,,0
C01778,Prepaid,2014-02-06,2023-06-07,82,70,76,0,,0,4390,0,0.071,,0
C02188,Postpaid,2023-04-12,2023-06-30,314,280,266,1,38.38,0,LEU-3000,0,0.173,,0
C01971,Postpaid,2014-10-13,2023-06-10,213,215,205,0,41.35,1,1050,0,0.278,,0
C02081,Postpaid,2015-09-20,2023-06-15,80,91,94,1,33.38,0,3000,0,0.173,,0
C02839,Postpaid,2014-02-24,2023-06-27,714,812,863,1,88.94,0,9100,0,0.136,,0
C00577,Prepaid,2022-04-20,2023-06-08,330,322,335,0,,0,4990,0,0.333,,0
C04940,Postpaid,2014-02-27,2023-06-25,148,155,157,0,48.91,0,2670,0,0.086,,0
C04744,Prepaid,2018-09-29,2023-06-14,119,118,121,0,,0,8310,0,0.175,,0
C00279,Postpaid,2015-10-25,2023-06-17,120,131,138,0,44.6,0,2670,0,0.086,,0
C00214,Postpaid,2020-02-07,2023-06-25,51,47,44,0,29.01,0,3800,0,0.083,,0
C04760,Postpaid,2018-04-14,2023-05-20,100,92,86,4,30.38,0,1300,0,0.26,2024-07-06,0
C04277,Prepaid,2014-02-05,2023-06-12,100,91,87,2,,0,9160,0,0.153,,0
C03466,Postpaid,2014-08-19,2023-06-20,151,162,167,1,42.44,0,7650,0,0.182,,0
C00349,Prepaid,2018-11-20,2023-05-05,17,17,17,0,,0,9100,0,0.136,,0
C01773,Postpaid,2018-09-11,2023-06-22,319,279,286,2,58.88,0,3000 Leuven,0,0.173,,0
C01759,postpaid,2020-01-15,2023-06-22,172,166,159,4,53.6,0,3510,0,0.125,,0
C00186,Postpaid,2019-07-02,2023-06-11,384,331,303,1,48.91,0,2670,0,0.086,,0
C00939,Postpaid,2016-10-26,2023-06-15,77,88,87,2,32.57,0,9160,0,0.153,,0
C02776,Postpaid,2022-10-10,2023-04-05,238,184,6,1,42.84,0,7310,0,0.111,2023-06-20,1
C00794,Postpaid,2022-11-08,2023-06-15,151,143,143,2,45.07,1,4600,0,0.102,2024-01-06,0
C00900,Prepaid,2016-03-15,2023-06-28,18,18,16,1,,0,2670,0,0.086,,0
C03246,Prepaid,2018-04-16,2023-06-16,42,47,51,1,,0,9100,0,0.136,,0
C04392,Postpaid,2023-04-07,2023-06-16,151,148,147,1,43.16,0,8200,0,0.0,,0
C00525,Prepaid,2019-02-14,2023-05-03,108,102,2,5,,0,9230,1,0.389,,1
C03020,Postpaid,2022-08-16,2023-05-15,69,72,77,0,29.61,0,9200,0,0.222,,0
C02396,Post-paid,2022-07-18,2023-04-06,1109,1027,50,1,108.68,1,1510,1,0.357,2023-06-19,1
C01083,Postpaid,2021-07-07,2023-06-13,468,479,448,2,60.45,1, 1300,0,0.26,,0
C03152,Postpaid,2020-01-24,2023-06-21,216,209,203,1,43.95,1,9860,0,0.132,,0
C00419,Postpaid,2014-09-08,2023-06-25,140,154,149,0,42.03,1,8310,0,0.175,,0
C02185,Postpaid,2017-02-27,2023-06-23,293,277,264,1,47.16,0,3000,0,0.173,,0
C00231,Postpaid,2021-11-28,2023-06-13,272,271,273,0,54.31,0,2900,1,0.167,,0
C03397,Prepaid,2015-05-24,2023-06-10,267,270,276,1,,0,9860,0,0.132,,0
C00119,Postpaid,2019-08-07,2023-06-11,244,234,245,0,51.38,0,9100,0,0.136,,0
C03536,postpaid,2022-06-18,2023-06-10,230,242,265,1,53.11,0,2520,0,0.286,,0
C02523,Prepaid,2020-02-14,2023-06-22,8,7,7,0,,0,3490,0,0.0,,0
C00552,Postpaid,2020-08-06,2023-06-22,74,82,80,1,41.93,1,5350,0,0.214,2024-10-27,0
C02325,Postpaid,2018-01-21,2023-06-04,42,41,39,1,32.36,0,2590,0,0.0,,0
C04732,Prepaid,2021-10-29,2023-06-24,114,100,102,2,,0,4390,0,0.071,,0
C04279,Postpaid,2021-09-21,2023-06-05,594,294,5,1,37.98,0,9740,1,0.174,2023-06-21,1
C00278,Prepaid,2014-05-18,2023-05-05,20,15,1,5,,0,9160,0,0.153,,1
C00888,Postpaid,2016-11-11,2023-06-18,111,118,115,1,25.58,0,1700,0,0.342,,0
C00295,Postpaid,2019-03-19,2023-06-29,252,259,245,3,44.39,0,9100,0,0.136,,0
C03529,Prepaid,2022-05-13,2023-06-01,53,55,58,0,,0,9160,0,0.153,,0
C04410,Postpaid,2023-05-02,2023-06-23,516,555,539,0,72.59,1,2300,0,0.067,,0
C04119,Postpaid,2014-02-19,2023-06-27,157,140,151,2,40.54,1,2670,0,0.086,,0
C02207,Prepaid,2016-07-12,2023-06-22,253,245,257,3,,0,7910,0,0.0,,0
C04615,Postpaid,2014-03-30,2023-06-20,316,332,328,2,53.65,0,2240,0,0.091,,0
C02164,Prepaid,2022-05-03,2023-06-10,144,133,137,0,,0,9100,0,0.136,,0
C02020,Postpaid,2015-05-25,2023-06-30,538,494,480,1,62.47,0,2260,0,0.35,,0
C04353,Prepaid,2022-09-29,2023-05-28,59,44,0,3,,0,3880,1,0.2,,1
C04257,Postpaid,2014-01-19,2023-05-20,96,57,3,0,27.42,0,2260,1,0.35,2023-06-10,1
C00260,postpaid,2015-12-04,2023-06-15,1046,1201,1255,1,118.67,0,7500,0,0.079,,0
C02117,PREPAID,2022-08-17,2023-04-03,128,74,0,1,,0,9860,1,0.132,,1
C04053,Postpaid,2019-09-12,2023-06-24,450,383,352,3,58.21,1,9160,0,0.153,,0
C03196,Postpaid,2018-05-13,2023-05-26,180,183,191,1,44.88,0,1300,0,0.26,,0
C04366,Postpaid,2016-11-25,2023-05-04,1173,1286,1191,0,123.21,0,3800,0,0.083,,0
C03766,Postpaid,2018-10-03,2023-06-21,176,160,165,0,36.08,0,6430,0,0.188,2024-05-04,0
C04612,Prepaid,2020-04-08,2023-06-23,145,126,127,0,,0,3270,1,0.0,,0
C02932,Prepaid,2019-08-03,2023-06-01,120,123,115,0,,0,3000,1,0.173,,0
C00280,Postpaid,2019-12-07,2023-05-11,396,386,420,1,57.74,0,9160,0,0.153,,0
C00123,Postpaid,2016-08-15,2023-05-30,443,426,440,0,66.68,0,2230,0,0.421,,0
C00290,Postpaid,2021-02-25,2023-06-24,141,136,135,0,40.65,0,3000,0,0.173,,0
C00843,Prepaid,2019-07-22,2023-05-07,52,53,2,3,,0,3000,1,0.173,,1
C03806,Postpaid,06/01/2014,2023-06-07,789,757,762,1,89.36,2,1700,0,0.342,,0
C02943,Postpaid,2019-12-11,2023-06-06,1202,1023,1092,3,106.56,0,3040,0,0.5,,0
C03851,Postpaid,29/07/2016,2023-05-30,420,395,395,1,60.2,0,1030,0,0.1,,0
C00251,Prepaid,2015-07-10,2023-04-03,33,22,1,0,,0,8760,1,0.2,,1
C02430,Postpaid,2015-11-14,2023-05-06,217,218,207,0,53.88,0,5350,0,0.214,,0
C03756,Prepaid,2019-06-02,2023-05-31,54,31,1,1,,0,9100,1,0.136,,1
C03733,Prepaid,2014-12-02,2023-06-17,46,52,48,1,,0,LEU-3000,0,0.173,,0
C02002,Prepaid,2018-05-30,2023-06-08,20,20,22,0,,0,3990,0,0.4,,0
C03406,Postpaid,2018-11-27,2023-06-09,235,267,248,2,51.63,0,4370,0,0.074,,0
C03842,Postpaid,2018-09-19,2023-06-03,122,123,112,0,32.12,0,9040,0,0.3,,0
C02782,Postpaid,2019-05-04,2023-06-03,376,370,392,0,54.91,0,3000,0,0.173,,0
C03326,Postpaid,16/06/2015,2023-06-30,281,292,301,0,58.61,1,3510,0,0.125,,0
C03440,Prepaid,2021-11-07,2023-05-16,483,437,433,0,,0,1200,0,0.116,,0
C03115,Prepaid,2020-04-05,2023-04-23,24,17,0,3,,0,9160,1,0.153,,1
C01624,Postpaid,2017-12-28,2023-05-06,556,481,444,3,,1,6860,0,0.278,,0
C03683,Prepaid,2021-07-01,2023-06-18,59,65,69,2,,0,9160,0,0.153,,0
C03634,Postpaid,2020-09-21,2023-04-10,402,383,11,2,56.0,2,8400,0,0.125,2023-06-22,1
C03590,Postpaid,2021-11-26,2023-06-29,392,357,351,6,57.41,0,9860,0,0.132,,0
C01864,Prepaid,2019-02-28,2023-06-23,176,157,160,1,,0,9160,0,0.153,,0
C04567,Postpaid,2022-06-18,2023-04-15,167,126,1,0,39.7,2,3020,0,0.222,2023-06-12,1
C02895,Postpaid,2023-04-01,2023-06-13,141,138,142,0,41.16,0,9160,0,0.153,,0
C02296,Prepaid,2021-06-30,2023-06-27,142,128,138,1,,0,4390,0,0.071,,0
C03499,Postpaid,2018-01-11,2023-06-09,66,72,78,0,27.13,1,5690,0,0.0,,0
C00031,Prepaid,2017-04-30,2023-06-29,19,19,17,0,,0,7670,0,0.333,,0
C00320,Postpaid,2014-11-28,2023-06-15,1547,1499,1480,0,149.31,0,8740,0,0.0,,0
C01441,PREPAID,2017-01-05,2023-06-26,118,105,103,0,,0,9940,0,0.214,,0
C00028,Postpaid,2017-12-02,2023-06-02,167,154,152,2,42.68,0,1300,0,0.26,,0
C01322,Prepaid,2014-01-05,2023-06-24,211,194,203,1,,0,1200,0,0.116,,0
C00804,Postpaid,2014-11-17,2023-05-18,56,50,51,1,38.62,0,1880,0,0.0,,0
C01130,Postpaid,2017-07-14,2023-05-07,388,372,345,0,61.01,0,9100,0,0.136,,0
C00185,Prepaid,2021-09-13,2023-06-12,73,73,69,0,,0,3000,1,0.173,,0
C04415,Postpaid,19/09/2017,2023-05-27,399,403,421,0,57.63,0,2150,0,0.094,,0
C03515,Postpaid,2020-02-17,2023-05-14,390,186,2,2,45.32,0,1830,0,0.6,2023-06-20,1
C00429,Postpaid,2019-09-14,2023-06-18,67,66,62,0,30.1,0,3660,0,0.235,2024-05-14,0
C02629,Post-paid,2020-05-07,2023-05-26,23,24,24,2,32.4,0,1700,0,0.342,,0
C03220,Postpaid,2019-05-13,2023-06-09,43,48,47,0,24.53,0,3450,0,0.214,,0
C00126,Postpaid,2015-03-06,2023-06-28,274,269,272,0,45.43,0,9160,1,0.153,,0
C04144,Prepaid,2016-03-25,2023-06-15,164,162,166,0,,0,3660,0,0.235,,0
C01026,Postpaid,2022-06-07,2023-06-18,240,241,245,0,49.36,0,8030,0,0.0,,0
C04634,Prepaid,2022-01-28,2023-06-26,286,307,291,3,,0,9040,0,0.3,,0
C04494,Postpaid,2022-12-15,2023-06-04,175,103,5,3,34.86,1,4680,0,0.2,2023-06-26,1
C02122,Post-paid,2020-10-25,2023-06-08,67,67,63,2,42.42,0,3740,0,0.129,,0
C01365,Prepaid,2020-12-03,2023-05-08,23,13,0,1,,0,8500,1,0.143,,1
C03488,Postpaid,2020-10-01,2023-06-29,156,143,141,5,39.0,0,9160,0,0.153,,0
C02456,Postpaid,2020-02-27,2023-06-08,257,260,256,3,53.78,2,9860,0,0.132,,0
C01334,Prepaid,2022-03-02,2023-06-10,158,160,160,0,,0,2440,0,0.167,,0
C00800,Postpaid,2019-06-07,2023-06-17,30,26,25,0,25.46,0,9100,0,0.136,,0
C02751,Prepaid,2019-01-08,2023-06-22,40,42,43,2,,0,7110,0,0.3,,0
C03890,Postpaid,2017-01-31,2023-06-05,178,162,148,0,49.69,1,9740,1,0.174,2025-05-31,0
C02724,Postpaid,2020-08-07,2023-05-12,82,80,2,1,,3,5290,0,0.171,2023-06-20,1
C03319,Postpaid,2020-09-20,2023-06-01,140,126,117,2,45.4,0,9770,0,0.083,,0
C00104,Postpaid,2019-07-18,2023-05-13,171,125,7,1,33.34,0,2670,1,0.086,2023-06-21,1
C01212,Postpaid,2021-08-05,2023-06-06,473,475,508,2,59.94,1,3000,0,0.173,,0
C02644,Postpaid,2017-10-15,2023-06-19,128,125,131,0,35.5,0,3570,1,0.25,,0
C04245,Postpaid,2015-10-25,2023-06-15,74,67,73,1,40.21,0,5600,0,0.143,,0
C04993,Postpaid,2019-11-05,2023-06-04,129,140,140,0,36.95,0,3740,0,0.129,,0
C02342,Postpaid,2014-01-15,2023-06-05,317,316,344,0,45.58,0,1020,0,0.235,,0
C02765,Postpaid,2020-05-14,2023-05-25,130,112,120,3,42.66,1,3160,0,0.0,,0
C03606,Postpaid,2016-02-02,2023-06-12,571,517,482,0,64.23,0,3000,0,0.173,,0
C03446,Prepaid,2015-01-13,2023-05-10,47,35,1,1,,0,4990,1,0.333,,1
C02700,Postpaid,2017-04-02,2023-04-26,85,41,1,2,32.18,0,3930,1,0.571,2023-06-23,1
C04621,Postpaid,2017-02-01,2023-05-26,163,187,170,0,39.21,0,9860,1,0.132,2023-10-02,0
C01252,Prepaid,2022-11-27,2023-06-23,90,84,88,2,,0,9910,0,0.5,,0
C03724,Postpaid,2020-05-23,2023-05-14,209,218,215,0,39.67,0,1200,1,0.116,,0
C01279,Postpaid,2018-02-04,2023-06-22,53,53,54,1,17.38,0,3000,0,0.173,2024-12-14,0
C00722,Postpaid,2017-10-01,2023-06-24,218,199,201,1,45.58,500,9100,0,0.136,,0
C04703,Postpaid,2015-01-24,2023-06-14,91,82,77,1,27.06,0,9160,0,0.153,,0
C04589,Postpaid,2014-03-29,2023-06-26,284,313,323,2,47.91,0,4180,0,0.167,,0
C01765,Postpaid,2022-07-03,2023-06-15,135,146,136,2,50.74,0,LEU-3000,0,0.173,,0
C02926,Postpaid,2015-10-17,2023-06-05,464,458,474,0,70.01,0,1300,0,0.26,,0
C01831,Prepaid,2020-10-19,2023-06-02,292,258,249,0,,0,3000,0,0.173,,0
C01740,Postpaid,2014-05-23,2023-05-25,475,453,8,3,65.99,0,1300,1,0.26,2023-06-15,1
C04325,Postpaid,2020-02-02,2023-06-17,147,129,122,1,38.45,0,1070,0,0.2,,0
C01838,Postpaid,2022-02-05,2023-06-22,171,159,164,0,43.16,0,1700,0,0.342,,0
C04159,Postpaid,2017-03-19,2023-05-20,218,227,1,1,41.87,2,9160,1,0.153,2023-06-20,1
C03365,Prepaid,2023-01-25,2023-04-29,177,125,7,2,,0,5000,1,0.222,,1
C00965,Postpaid,15/04/2016,2023-06-20,279,274,250,0,60.68,1,1670,0,0.125,,0
C04651,Prepaid,2019-12-30,2023-06-24,116,107,112,2,,0,9100,0,0.136,,0
C04157,Prepaid,2018-02-22,2023-04-15,42,22,1,0,,0,1700,1,0.342,,1
C00306,PREPAID,2018-04-13,2023-06-24,95,103,100,0,,0,8990,0,0.5,,0
C04880,Postpaid,2023-04-20,2023-06-20,28,28,28,2,20.43,0,3660,1,0.235,,0
C01064,Postpaid,2016-12-10,2023-06-27,412,421,381,26,53.11,0,1200,0,0.116,2024-12-12,0
C02379,Postpaid,2014-05-07,2023-06-22,110,100,106,0,39.77,1,3000,0,0.173,,0
C03789,Postpaid,2020-04-02,2023-06-11,310,290,307,1,46.48,0,4990,0,0.333,,0
C03627,Postpaid,2014-05-16,2023-06-16,182,194,208,3,47.39,0,1080,0,0.381,,0
C04075,Postpaid,2019-02-17,2023-06-16,53,48,50,0,43.98,0,2670,0,0.086,,0
C03897,Postpaid,2022-07-14,2023-06-30,299,287,271,0,53.36,1,9160,0,0.153,,0
C01955,Postpaid,2020-09-10,2023-06-29,42,38,36,2,27.36,1,6870,0,0.28,2023-10-21,0
C04999,Postpaid,2021-09-24,2023-04-30,177,151,6,1,36.66,0,9160,1,0.153,2023-06-18,1
C04176,postpaid,2023-02-15,2023-06-09,193,177,185,2,47.93,0,4510,0,0.0,,0
C04963,Postpaid,2019-07-02,2023-06-21,175,189,184,0,57.44,0,2670,0,0.086,,0
C04387,Prepaid,2021-12-10,2023-04-09,51,25,1,3,,0,9230,1,0.389,,1
C04899,Prepaid,2015-06-09,2023-05-05,136,155,167,0,,0,1830,0,0.6,,0
C01742,Postpaid,22/11/2017,2023-06-26,140,138,131,0,33.57,0,3000,0,0.173,,0
C02201,Postpaid,2021-07-04,2023-06-18,128,146,143,4,35.97,0,6900,0,0.205,,0
C04912,Postpaid,2019-04-06,2023-06-03,39,41,41,0,30.66,0,5400,1,0.0,,0
C04514,Prepaid,2021-08-07,2023-06-30,71,68,68,0,,0,3000,0,0.173,,0
C01500,postpaid,2018-09-16,2023-06-27,540,614,675,1,72.45,0,3000,0,0.173,2024-07-30,0
C00209,Prepaid,2017-03-11,2023-06-03,291,292,284,0,,0,5600,0,0.143,,0
C02278,Prepaid,2015-06-15,2023-06-14,206,195,180,3,,0,3480,0,0.1,,0
C02016,Postpaid,2020-02-29,2023-06-18,368,370,395,3,56.51,0,9160,0,0.153,,0
C02314,Prepaid,2019-01-13,2023-06-08,163,179,187,1,,0,1500,1,0.0,,0
C02945,Postpaid,2018-07-21,2023-06-25,150,156,160,0,36.19,1,9100,0,0.136,,0
C01576,Postpaid,2017-07-26,2023-06-16,63,56,54,1,32.0,0,9160,0,0.153,2024-11-15,0
C00369,Postpaid,2017-10-25,2023-06-29,471,513,521,1,66.51,0,4600,0,0.102,,0
C02704,Postpaid,2022-07-13,2023-06-24,344,384,364,1,64.3,0, 1300,0,0.26,2024-05-24,0
C01440,Prepaid,2021-09-09,2023-06-05,211,226,226,0,,0,LEU-3000,1,0.173,,0
C01747,postpaid,2018-08-12,2023-06-23,170,191,191,0,26.09,0,9100,0,0.136,,0
C00863,Postpaid,2014-10-29,2023-06-27,203,222,221,1,46.22,3,5490,0,0.118,,0
C02052,Postpaid,2018-03-20,2023-06-09,1015,1075,1097,0,112.35,0,1200,0,0.116,,0
C01584,Postpaid,2018-09-23,2023-06-06,286,309,279,2,55.33,1,9770,0,0.083,2024-08-05,0
C04320,Postpaid,2016-08-26,2023-05-03,583,523,543,0,67.79,0,8980,0,0.125,,0
C03197,Postpaid,2020-01-08,2023-06-25,154,149,142,1,39.07,0,9400,0,0.222,,0
C01727,Prepaid,2015-11-09,2023-06-02,378,332,362,2,,0,9160,0,0.153,,0
C01795,Prepaid,2019-02-12,2023-05-17,74,79,75,0,,0,8560,0,0.233,,0
C00684,Postpaid,2017-07-15,2023-06-21,79,76,74,1,44.78,1,9100,0,0.136,,0
C03747,Prepaid,2015-05-19,2023-06-30,135,142,147,1,,0,3000,0,0.173,,0
C01494,Postpaid,2018-09-26,2023-05-31,971,858,902,0,80.92,0,9860,0,0.132,2025-06-16,0
C02445,Prepaid,2020-08-06,2023-06-11,52,57,61,1,,0,LEU-3000,0,0.173,,0
C02492,Prepaid,2017-01-13,2023-05-15,161,141,128,1,,0,1090,0,0.133,,0
C01704,Prepaid,2017-07-04,2023-05-28,58,57,2,0,,0,3300,0,0.214,,1
C01472,Prepaid,2020-12-20,2023-05-08,34,22,0,1,,0,7190,0,0.429,,1
C01307,Postpaid,2014-02-06,2023-06-20,260,292,302,2,56.12,0,3000 Leuven,1,0.173,2025-04-28,0
C01707,Postpaid,2019-08-16,2023-06-13,319,278,254,4,53.17,0,1080,0,0.381,,0
C03678,Prepaid,2016-01-24,2023-06-07,262,252,276,1,,0,9160,0,0.153,,0
C03281,Prepaid,2014-09-19,2023-06-17,60,64,70,1,,0,4390,0,0.071,,0
C01080,Postpaid,2023-05-08,2023-06-12,313,323,316,1,58.59,0,3000,0,0.173,,0
C04288,Postpaid,2016-05-25,2023-06-06,162,158,166,0,46.26,0,2300,0,0.067,,0
C02661,Prepaid,2019-11-06,2023-06-05,65,58,63,0,,0,1030,0,0.1,,0
C03553,Postpaid,2014-01-31,2023-06-20,248,269,257,1,46.82,0,3450,0,0.214,,0
C02715,Postpaid,2019-04-28,2023-06-03,312,349,346,0,53.09,0,5650,0,0.0,,0
C01553,Postpaid,2016-06-08,2023-06-11,77,68,70,3,31.7,1,3000,0,0.173,,0
C00200,Prepaid,2018-03-02,2023-06-06,137,154,155,1,,0,4680,0,0.2,,0
C01248,Postpaid,2015-07-11,2023-06-21,241,241,217,2,48.63,0,9400,0,0.222,,0
C02033,Postpaid,2023-01-22,2023-06-13,133,114,104,1,,1,3090,0,0.125,2024-02-16,0
C02575,Postpaid,2019-10-30,2023-06-11,899,801,836,2,80.75,2,2670,0,0.086,,0
C00958,Postpaid,2014-02-03,2023-06-04,413,358,379,1,48.47,1,2670,0,0.086,,0
C02554,Postpaid,2020-12-12,2023-05-29,244,208,219,0,46.15,0,9100,0,0.136,,0
C04369,Postpaid,2019-05-19,2023-06-07,124,127,121,0,30.64,0,1300,0,0.26,2023-11-26,0
C02803,Postpaid,2015-04-20,2023-06-29,25,29,29,1,25.12,0,5650,0,0.0,,0
C00392,Prepaid,2022-12-11,2023-06-29,103,111,111,1,,0,1300,0,0.26,,0
C01978,Postpaid,2015-08-30,2023-04-21,146,97,5,3,43.71,1,8160,1,0.25,2023-06-06,1
C04422,Postpaid,2021-04-22,2023-06-21,233,200,214,0,43.67,0,6870,0,0.28,,0
C04215,Postpaid,2016-05-15,2023-06-25,585,571,553,0,79.26,0,9100,0,0.136,,0
C00242,Postpaid,2019-12-11,2023-06-13,150,152,154,3,37.59,1,3000,0,0.173,,0
C02080,Postpaid,2022-03-27,2023-05-16,92,70,0,4,36.62,1,1080,1,0.381,2023-06-05,1
C02253,Prepaid,2022-02-03,2023-04-18,11,9,0,2,,0, 3000,1,0.173,,1
C00929,Postpaid,2016-03-16,2023-06-17,568,543,521,0,72.56,0,9230,0,0.389,,0
C03236,Postpaid,2022-10-03,2023-06-23,67,76,72,0,35.58,0,1200,0,0.116,,0
C03428,Prepaid,2019-11-24,2023-06-11,74,71,75,0,,0,6430,0,0.188,,0
C04843,Postpaid,20/10/2019,2023-05-17,229,211,215,0,53.22,0,4750,0,0.25,,0
C03816,Postpaid,2020-01-28,2023-06-16,97,90,91,1,39.68,0,7310,0,0.111,,0
C02074,Postpaid,2019-10-05,2023-04-26,161,113,5,1,38.33,0,8800,1,0.231,2023-06-03,1
C01827,Prepaid,2020-04-15,2023-06-20,166,151,138,2,,0,1300,0,0.26,,0
C01383,Prepaid,10/10/2018,2023-05-30,25,25,0,1,,0,3660,1,0.235,,1
C04911,Postpaid,2019-02-22,2023-06-25,109,115,115,1,40.21,1,5100,0,0.333,,0
C00983,Prepaid,2016-08-30,2023-06-14,80,72,72,1,,0,8800,0,0.231,,0
C02413,Postpaid,2020-10-14,2023-06-27,854,739,700,1,85.53,0,LEU-3000,0,0.173,,0
C02865,Prepaid,2015-10-08,2023-06-24,113,117,115,2,,0,1200,0,0.116,,0
C03731,Postpaid,2022-06-26,2023-06-08,199,177,188,1,41.58,1,7500,0,0.079,,0
C03571,Postpaid,2022-03-24,2023-05-12,455,483,462,0,70.75,1,3660,0,0.235,2023-11-04,0
C03346,postpaid,2014-03-16,2023-06-25,136,126,135,1,22.22,0,9100,0,0.136,,0
C03060,Prepaid,2020-05-17,2023-06-17,155,166,174,3,,0,1180,1,0.0,,0
C02593,Prepaid,2016-12-19,2023-06-05,50,44,43,0,,0,LEU-3000,0,0.173,,0
C01318,Prepaid,2014-08-02,2023-06-18,73,80,78,3,,0,8310,0,0.175,,0
C02226,Prepaid,2022-12-10,2023-06-10,74,82,81,1,,0,4370,0,0.074,,0
C01092,Prepaid,2023-01-04,2023-04-09,86,44,2,0,,0,9160,1,0.153,,1
C00021,Postpaid,2015-09-09,2023-06-11,1273,3055,1376,0,108.84,0,9100,0,0.136,,0
C02752,Postpaid,2014-11-26,2023-05-08,162,168,184,0,36.1,0,9100,0,0.136,,0
C04783,Postpaid,2020-07-14,2023-06-21,450,414,420,1,61.5,0,9230,0,0.389,,0
C00476,Postpaid,2020-01-09,2023-05-03,284,308,289,1,51.66,1,3660,0,0.235,,0
C01608,Prepaid,2018-06-08,2023-06-18,188,196,193,0,,0,9860,0,0.132,,0
C03524,Postpaid,2019-12-13,2023-05-12,194,191,184,1,36.08,0,1300,0,0.26,,0
C02722,Postpaid,2020-02-23,2023-05-23,154,135,146,0,38.62,1,1500,0,0.0,,0
C03652,Prepaid,2018-06-29,2023-05-07,52,43,1,0,,0,3000,1,0.173,,1
C04064,Postpaid,2018-07-17,2023-06-17,343,302,301,1,73.98,0,3000,0,0.173,,0
C04113,Postpaid,2016-12-07,2023-06-23,377,406,413,2,66.21,0,5870,0,0.167,2024-10-22,0
C04453,Prepaid,2022-12-21,2023-04-28,128,122,2,1,,0,5700,1,0.273,,1
C00885,Prepaid,2019-01-04,2023-06-06,14,12,11,0,,0,6960,0,0.359,,0
C02308,postpaid,07/05/2019,2023-05-23,282,275,281,0,45.41,0,4750,0,0.25,,0
C04804,Postpaid,2016-05-13,2023-06-05,208,187,192,1,47.19,1,9100,0,0.136,,0
C00922,postpaid,2014-04-10,2023-04-15,146,133,3,2,33.9,1,6900,1,0.205,2023-06-13,1
C02823,Prepaid,2022-05-27,2023-05-05,54,53,3,1,,0,1300,1,0.26,,1
C01687,Prepaid,2019-02-11,2023-06-04,133,114,125,1,,0,6870,1,0.28,,0
C04446,Prepaid,2015-07-19,2023-06-18,714,671,636,0,,0,9100,0,0.136,,0
C03157,Prepaid,2021-03-21,2023-06-19,91,103,100,0,,0,6860,1,0.278,,0
C00276,Postpaid,2023-04-15,2023-05-04,262,126,2,0,34.72,0,4390,0,0.071,2023-06-16,1
C00065,Postpaid,2017-11-08,2023-06-23,880,924,839,2,98.33,0,4190,0,0.182,,0
C02270,Postpaid,2017-10-10,2023-06-28,53,47,49,1,31.9,1,2100,0,0.0,2025-01-04,0
C04105,Postpaid,2014-08-08,2023-06-16,579,583,582,1,66.97,0,4480,0,0.222,,0
C00370,Postpaid,2014-10-01,2023-06-18,69,75,80,0,20.34,1,9100,0,0.136,,0
C04861,Postpaid,2022-10-28,2023-06-24,69,72,78,0,34.18,1,5940,0,0.444,2023-09-23,0
C04793,Postpaid,2023-01-18,2023-06-20,337,340,358,2,48.49,1,4180,0,0.167,2024-04-13,0
C00627,Prepaid,2014-10-25,2023-04-04,93,53,0,3,,0,5350,0,0.214,,1
C04134,Prepaid,2014-01-13,2023-06-29,24,21,19,0,,0,3000,0,0.173,,0
C01600,Prepaid,2022-11-27,2023-06-19,160,160,157,1,,0,9740,0,0.174,,0
C01818,Prepaid,2015-11-14,2023-06-24,43,38,36,3,,0,3420,0,0.286,,0
C04945,Postpaid,2014-03-15,2023-05-21,1784,1886,2011,0,168.29,0,8820,0,0.4,,0
C02121,Postpaid,2022-04-25,2023-05-07,262,235,14,1,47.75,0,9230,1,0.389,2023-06-18,1
C02699,Postpaid,2020-09-24,2023-06-17,424,368,363,1,63.3,0,3490,0,0.0,,0
C00750,Postpaid,2018-03-28,2023-06-27,50,52,55,0,33.0,0,4390,0,0.071,,0
C04324,Postpaid,2022-05-30,2023-06-27,304,345,339,0,57.03,0,7500,0,0.079,,0
C01611,Postpaid,2021-05-28,2023-06-20,92,90,90,1,29.84,0,2190,0,0.143,,0
C04924,Postpaid,2019-02-24,2023-06-20,237,206,195,1,47.74,0,4120,0,0.125,,0
C00266,Postpaid,2017-08-24,2023-06-13,79,89,85,1,35.44,0,2670,0,0.086,,0
C02285,Postpaid,2023-03-21,2023-06-16,325,355,375,0,53.18,0,3000,0,0.173,,0
C03532,Postpaid,2018-03-27,2023-06-09,133,119,115,1,43.59,0,1700,0,0.342,,0
C01606,Postpaid,2016-12-31,2023-06-09,285,249,261,0,42.38,1,3080,0,0.0,,0
C04754,Prepaid,2015-04-29,2023-06-23,12,12,12,1,,0,3000 Leuven,0,0.173,,0
C03104,Postpaid,2016-07-15,2023-05-07,103,77,2,2,31.71,0,3290,0,0.143,2023-06-18,1
C04487,Prepaid,2017-12-11,2023-06-19,132,131,143,1,,0,2670,1,0.086,,0
C00626,Prepaid,2016-09-01,2023-06-25,43,43,46,1,,0,7180,0,0.143,,0
C03881,Postpaid,2014-09-02,2023-06-30,236,215,207,1,42.92,1,5600,0,0.143,,0
C03797,Postpaid,2021-05-27,2023-05-05,388,268,8,0,49.76,2,9160,1,0.153,2023-06-08,1
C01380,Prepaid,2015-10-13,2023-06-08,30,29,28,0,,0,9100,0,0.136,,0
C02601,Prepaid,2016-11-05,2023-06-11,51,58,59,3,,0,1740,0,0.161,,0
C00812,Postpaid,2017-07-07,2023-06-04,99,70,4,4,31.81,1,6860,1,0.278,2023-06-22,1
C00216,Postpaid,2018-05-15,2023-06-24,226,247,250,0,38.27,0,9770,0,0.083,,0
C00936,PREPAID,2016-04-10,2023-05-26,21,20,20,1,,0, 6250,0,0.133,,0
C02712,Prepaid,2017-11-12,2023-06-22,75,66,72,1,,0,2150,0,0.094,,0
C04351,Postpaid,2016-03-15,2023-06-06,94,92,86,2,34.99,0,2670,0,0.086,,0
C03410,Postpaid,2015-01-05,2023-06-23,63,69,75,1,30.82,1,2670,1,0.086,,0
C04774,Postpaid,2021-12-23,2023-06-15,105,99,91,1,40.02,0,9740,0,0.174,2024-07-28,0
C01216,Postpaid,2015-08-03,2023-06-15,552,597,630,0,82.57,0,2600,0,0.231,,0
C01618,Postpaid,2015-01-05,2023-06-23,105,106,102,1,24.44,2,3000,0,0.173,2024-01-31,0
C00597,Postpaid,2018-07-02,2023-06-16,110,114,119,0,43.86,1,1070,0,0.2,,0
C04466,Prepaid,2019-08-03,2023-04-08,397,270,16,2,,0,9740,1,0.174,,1
C00764,Postpaid,2015-01-26,2023-06-15,300,257,237,1,45.49,0,3000,0,0.173,,0
C04216,Prepaid,2019-06-23,2023-06-27,164,142,137,2,,0,3000,0,0.173,,0
C03323,Prepaid,2020-02-10,2023-04-10,104,81,0,2,,0,9330,1,0.333,,1
C02999,Postpaid,11/02/2017,2023-06-28,220,224,228,0,43.76,0,1300,0,0.26,,0
C00361,Postpaid,2019-07-03,2023-06-26,129,114,121,0,27.36,0,6900,0,0.205,,0
C01979,Postpaid,2017-05-31,2023-06-18,117,120,127,1,24.47,1,9800,0,0.2,,0
C02147,Postpaid,2022-02-03,2023-06-23,155,134,140,2,40.43,0,5350,0,0.214,,0
C00396,PREPAID,2018-05-21,2023-06-27,132,134,143,1,,0,5870,0,0.167,,0
C01511,Prepaid,2022-06-11,2023-04-27,22,20,0,1,,0,3000 Leuven,1,0.173,,1
C02269,Postpaid,2020-03-10,2023-06-05,90,84,81,0,34.51,0,3000,0,0.173,,0
C00232,Postpaid,2015-02-21,2023-05-17,325,328,331,0,50.65,0,5700,1,0.273,,0
C00435,Postpaid,2020-05-24,2023-06-16,93,85,78,0,26.69,1,9100,0,0.136,,0
C03792,Postpaid,2018-06-08,2023-06-27,60,64,69,1,24.28,0,9160,0,0.153,,0
C02526,Postpaid,2018-01-15,2023-05-14,390,349,348,1,54.01,2,9100,0,0.136,,0
C01131,Prepaid,2017-08-03,2023-06-13,81,90,86,0,,0,2070,1,0.312,,0
C03531,Prepaid,2019-12-17,2023-05-21,107,92,0,4,,0,3000,1,0.173,,1
C03843,Postpaid,2019-03-10,2023-05-26,170,128,6,1,29.32,2,2230,0,0.421,2023-06-29,1
C03832,Postpaid,2023-01-06,2023-06-30,263,281,294,2,47.94,0,7170,0,0.2,,0
C03059,Prepaid,2016-05-22,2023-06-01,106,107,109,1,,0,3000,0,0.173,,0
C01353,Postpaid,2019-10-22,2023-06-03,308,285,15,0,59.08,0,6860,1,0.278,2023-06-05,1
C01446,Postpaid,2021-06-23,2023-06-23,85,83,91,3,39.67,0,3740,0,0.129,,0
C02482,postpaid,2016-10-04,2023-06-03,642,547,594,0,63.26,0,1200,0,0.116,,0
C01737,Prepaid,2021-04-28,2023-05-13,552,561,576,1,,0,1690,0,0.167,,0
C02496,Postpaid,2023-05-09,2023-05-01,103,68,4,2,38.33,0,3570,1,0.25,2023-06-28,1
C04242,Postpaid,2018-05-15,2023-06-24,349,391,369,0,57.25,0,2300,0,0.067,2024-05-16,0
C03485,Prepaid,2021-02-06,2023-06-27,58,66,72,2,,0,4290,1,0.0,,0
C02101,Prepaid,2020-05-12,2023-04-11,244,223,11,4,,0,5800,0,0.143,,1
C03454,Postpaid,2018-04-25,2023-06-14,160,161,153,1,32.22,1,7500,0,0.079,,0
C00194,Postpaid,2017-10-10,2023-06-03,2488,2785,2616,1,240.82,1,7500,0,0.079,,0
C02950,Postpaid,2014-01-26,2023-06-20,734,842,769,3,94.64,1,3000,0,0.173,2023-12-06,0
C01872,postpaid,2023-02-10,2023-06-07,92,82,81,0,29.57,0,2360,0,0.0,,0
C04702,Postpaid,2014-12-21,2023-06-28,194,215,205,1,39.56,0,1670,0,0.125,,0
C03548,Postpaid,2022-10-25,2023-05-20,110,125,137,1,28.85,0,2670,0,0.086,,0
C02878,Prepaid,2018-10-10,2023-06-11,68,77,76,1,,0,4180,0,0.167,,0
C04384,postpaid,2016-08-04,2023-05-28,39,19,1,2,31.07,2,3000,0,0.173,2023-06-01,1
C03195,Postpaid,2015-03-04,2023-06-10,442,481,524,0,63.53,0,9770,0,0.083,,0
C02236,postpaid,2016-05-24,2023-06-20,150,164,175,0,37.48,0, 9480,0,0.143,,0
C01366,Postpaid,2021-04-30,2023-06-17,55,60,57,1,27.14,0,7110,0,0.3,,0
C01712,Postpaid,2015-03-28,2023-06-30,868,972,890,0,104.04,0,2070,0,0.312,,0
C02195,PREPAID,2016-06-22,2023-05-09,185,198,184,1,,0,5600,0,0.143,,0
C04959,Prepaid,2014-05-26,2023-06-28,387,372,342,1,,0,3000,1,0.173,,0
C00825,Postpaid,2018-12-14,2023-06-18,508,471,424,0,62.58,0,4100,0,0.0,2024-04-11,0
C02684,Postpaid,2022-11-05,2023-06-13,30,34,36,1,34.42,0,9100,0,0.136,,0
C02400,Prepaid,2016-08-13,2023-05-22,98,85,77,1,,0,9160,1,0.153,,0
C01264,Postpaid,2016-09-23,2023-06-28,130,144,142,1,25.3,0,3660,0,0.235,,0
C04644,Postpaid,2019-07-26,2023-06-03,85,73,79,1,37.38,0,5350,0,0.214,,0
C04481,Postpaid,2021-04-25,2023-06-28,169,182,182,1,40.73,0,5290,0,0.171,,0
C03637,Postpaid,2022-11-05,2023-04-21,98,54,2,2,30.65,1,7030,1,0.143,2023-06-08,1
C00004,Prepaid,2019-03-03,2023-06-20,63,58,56,1,,0,1200,0,0.116,,0
C04879,Prepaid,2018-02-20,2023-06-08,119,123,135,2,,0,4380,0,0.125,,0
C03919,Postpaid,2015-11-12,2023-06-19,153,134,138,0,36.86,0,9160,0,0.153,,0
C01784,Prepaid,2021-01-21,2023-06-12,116,132,136,1,,0,4390,0,0.071,,0
C02246,Postpaid,2018-10-05,2023-06-03,70,67,68,0,42.58,1,3660,0,0.235,,0
C02162,Prepaid,2020-01-12,2023-05-17,73,36,0,3,,0,4600,1,0.102,,1
C04083,Prepaid,2016-02-14,2023-05-18,42,25,1,1,,0,1700,1,0.342,,1
C00172,Prepaid,2018-12-15,2023-06-02,57,63,59,0,,0,4390,0,0.071,,0
C00701,Postpaid,2022-06-04,2023-06-15,42,42,45,0,23.83,0,1030,0,0.1,,0
C04482,Postpaid,2020-12-19,2023-06-22,39,34,34,1,27.18,0,5800,0,0.143,,0
C03161,Postpaid,2020-08-25,2023-06-09,1386,1305,1335,3,137.15,0,5700,0,0.273,,0
C04576,Prepaid,2017-09-24,2023-05-21,69,67,72,0,,0,5260,0,0.111,,0
C02969,Prepaid,2018-01-03,2023-05-26,25,25,25,1,,0,6200,0,0.167,,0
C03097,Postpaid,2021-10-18,2023-05-13,1272,780,2,6,89.43,1,3000,1,0.173,2023-06-13,1
C04165,Postpaid,2017-04-17,2023-06-19,68,59,60,0,26.8,0,LEU-3000,1,0.173,,0
C00222,Prepaid,2022-10-28,2023-06-17,508,446,466,0,,0, 9160,0,0.153,,0
C03068,Postpaid,2014-08-14,2023-06-15,214,212,200,1,49.5,0,1200,0,0.116,,0
C04981,Postpaid,2020-01-08,2023-06-14,71,68,64,0,27.26,0,1740,0,0.161,2024-11-18,0
C01716,Postpaid,2022-12-31,2023-06-03,100,100,93,2,35.28,0,9040,0,0.3,,0
C00747,Prepaid,2023-02-24,2023-04-29,114,81,1,0,,0,2670,0,0.086,,1
C00559,Postpaid,2016-04-03,2023-05-29,1031,1122,1015,5,106.42,1,7650,0,0.182,,0
C02240,Postpaid,2022-04-24,2023-06-29,356,366,337,0,62.69,0,3300,0,0.214,,0
C04960,Prepaid,2020-04-01,2023-06-17,96,99,105,0,,0,4890,0,0.136,,0
C01917,Postpaid,2017-01-20,2023-05-28,180,189,182,0,44.69,2,3000,0,0.173,,0
C03945,Prepaid,2017-09-10,2023-06-23,103,107,100,0,,0,6020,0,0.167,,0
C01126,Prepaid,2014-09-26,2023-06-02,35,37,34,2,,0,4180,0,0.167,,0
C03769,postpaid,2014-05-27,2023-06-08,204,226,224,1,46.92,0,3020,0,0.222,2023-09-10,0
C04671,Prepaid,2016-08-08,2023-06-27,52,55,60,1,,0,4500,1,0.286,,0
C01700,Postpaid,2022-03-19,2023-06-06,142,150,156,1,27.94,1,3740,0,0.129,,0
C01802,Postpaid,2014-06-04,2023-06-23,1017,891,861,1,,3,4100,0,0.0,,0
C02668,Prepaid,2018-08-25,2023-06-20,205,201,184,3,,0,LEU-3000,0,0.173,,0
C01598,Prepaid,2016-03-31,2023-06-17,48,53,49,1,,0,9160,0,0.153,,0
C03492,Prepaid,2014-01-22,2023-06-11,42,46,44,0,,0,9160,0,0.153,,0
C04516,postpaid,2022-04-14,2023-06-08,80,84,76,0,33.04,1,7980,0,0.222,2025-03-15,0
C02434,Postpaid,2022-11-13,2023-06-03,1414,1339,1287,2,127.38,0,1270,0,0.167,,0
C02402,Postpaid,2023-04-03,2023-06-11,358,334,327,2,52.03,0,3980,0,0.222,,0
C00777,Prepaid,2022-07-13,2023-06-01,125,141,127,4,,0,9770,0,0.083,,0
C02055,Postpaid,2014-12-23,2023-06-23,445,380,388,0,52.45,1,2300,0,0.067,,0
C00744,Postpaid,2014-06-24,2023-06-16,168,153,141,0,43.08,0,6960,1,0.359,2025-02-13,0
C03827,Prepaid,2016-05-15,2023-06-11,75,75,68,3,,0,9160,0,0.153,,0
C00111,Postpaid,2016-07-25,2023-06-01,190,210,195,0,50.17,1,4390,0,0.071,,0
C03479,Postpaid,2015-11-30,2023-06-07,46,42,40,0,31.28,1,3660,0,0.235,,0
C03489,Postpaid,2015-06-29,2023-06-07,524,550,600,3,63.52,0,3550,0,0.0,2024-04-09,0
C04220,Postpaid,10/01/2014,2023-06-11,270,254,274,0,,0,4020,0,0.071,,0
C02658,Postpaid,2015-09-17,2023-06-11,94,103,108,0,26.21,0,9400,0,0.222,,0
C03382,Postpaid,2015-04-14,2023-06-07,97,89,87,0,34.58,0,1300,0,0.26,,0
C01897,Postpaid,2020-12-04,2023-06-25,119,116,126,0,39.87,1,1700,0,0.342,,0
C03264,Postpaid,01/05/2014,2023-06-24,383,357,334,0,57.23,0,2670,1,0.086,,0
C04790,Prepaid,2019-09-22,2023-06-25,72,73,77,1,,0,5000,0,0.222,,0
C01590,Postpaid,2018-10-08,2023-06-11,197,223,238,0,37.22,0,3000,0,0.173,2025-04-25,0
C01958,Postpaid,2017-06-09,2023-06-13,243,249,264,1,48.36,0,9800,0,0.2,,0
C00745,Postpaid,2021-09-21,2023-04-26,105,71,3,2,33.66,1,1300,0,0.26,2023-06-10,1
C02161,Postpaid,2014-07-15,2023-05-04,256,218,232,4,53.14,1,9160,0,0.153,2024-11-27,0
C02086,Prepaid,2022-08-29,2023-05-06,118,133,139,1,,0,6010,0,0.0,,0
C04640,Postpaid,2019-08-27,2023-05-11,590,514,543,2,75.66,0,1510,0,0.357,,0
C01602,Post-paid,2021-07-28,2023-06-10,164,174,157,0,53.19,0,7480,0,0.167,,0
C04506,Postpaid,2019-07-28,2023-06-26,314,338,331,0,53.84,0,9100,0,0.136,,0
C01657,Postpaid,2016-03-11,2023-04-07,86,79,3,0,34.67,0,8990,1,0.5,2023-06-04,1
C01946,Postpaid,2017-05-04,2023-06-11,195,173,171,2,51.17,0,1770,0,0.0,,0
C01035,Prepaid,2018-06-26,2023-05-29,18,10,0,3,,0,9160,1,0.153,,1
C00706,Postpaid,2014-07-23,2023-05-23,533,579,550,0,65.68,0,5040,0,0.0,,0
C01113,Postpaid,2020-08-11,2023-06-06,116,105,106,0,29.78,1,4100,0,0.0,,0
C02837,Prepaid,2021-04-03,2023-05-14,13,6,0,1,,0, LEU-3000,1,0.173,,1
C00082,Postpaid,2016-09-15,2023-05-03,1042,547,2,1,67.73,1,2670,0,0.086,2023-06-15,1
C00749,Postpaid,2016-08-24,2023-06-06,138,141,139,0,42.26,0, 1690,0,0.167,,0
C01447,Postpaid,2015-05-31,2023-06-29,989,933,874,1,96.13,1,3000 Leuven,0,0.173,,0
C04628,Postpaid,2014-05-31,2023-04-12,296,305,7,0,55.23,0,3930,0,0.571,2023-06-23,1
C02781,Prepaid,2018-11-10,2023-05-04,28,25,24,2,,0,4600,1,0.102,,0
C04574,Postpaid,2021-05-17,2023-06-15,1414,1324,1246,1,125.22,1,9160,0,0.153,,0
C02570,Postpaid,2018-06-02,2023-06-19,2120,2386,2304,2,212.35,0,2670,0,0.086,,0
C02271,Prepaid,2020-01-31,2023-04-29,110,55,1,1,,0,3420,0,0.286,,1
C02139,Postpaid,2021-09-13,2023-06-01,270,239,217,0,57.54,0,4190,1,0.182,,0
C01498,Prepaid,2019-03-28,2023-06-25,96,88,83,1,,0,3990,0,0.4,,0
C01023,Postpaid,2022-07-22,2023-06-16,60,54,55,0,25.29,1,9100,0,0.136,,0
C01390,Postpaid,2022-09-21,2023-06-02,109,109,5,1,36.97,0,1080,1,0.381,2023-06-01,1
C04937,Postpaid,2017-04-27,2023-06-15,118,129,139,0,28.7,1,3000,0,0.173,,0
C01407,Prepaid,2020-10-03,2023-05-09,29,25,24,0,,0,2670,0,0.086,,0
C01596,Postpaid,2014-03-28,2023-05-17,653,628,582,0,76.1,1,1700,0,0.342,,0
C02891,Postpaid,2022-08-24,2023-04-24,60,59,1,1,23.03,1,3200,1,0.222,2023-06-01,1
C01631,Postpaid,2021-04-01,2023-06-02,307,348,349,1,61.84,0,9100,0,0.136,,0
C04363,Prepaid,2018-04-02,2023-04-19,156,145,4,2,,0,6900,1,0.205,,1
C01519,Postpaid,2022-07-24,2023-05-09,352,280,14,2,52.97,0,9160,1,0.153,2023-06-04,1
C04616,Postpaid,2022-10-30,2023-06-06,99,101,91,0,31.59,0,7650,0,0.182,,0
C03317,Prepaid,2022-11-03,2023-06-26,65,66,69,0,,0,3630,0,0.286,,0
C01694,Postpaid,2016-12-16,2023-06-05,162,165,156,0,43.56,0,2360,0,0.0,,0
C00029,Postpaid,2019-05-10,2023-06-18,123,119,113,1,32.8,0,6900,0,0.205,,0
C02351,Postpaid,2017-03-20,2023-06-07,246,268,278,0,59.15,0,3000,0,0.173,,0
C04664,Prepaid,2023-02-20,2023-06-27,11,10,10,0,,0,3000,0,0.173,,0
C02047,Postpaid,2014-10-05,2023-06-18,430,411,427,2,52.89,0,9100,0,0.136,,0
C01807,Prepaid,2020-01-08,2023-05-05,186,206,206,1,,0,2070,0,0.312,,0
C01725,Prepaid,2018-08-25,2023-06-15,257,268,248,1,,0,5000,0,0.222,,0
C01560,Prepaid,2017-02-04,2023-06-09,80,82,80,0,,0,3000 Leuven,0,0.173,,0
C03211,Prepaid,2014-02-22,2023-05-10,41,41,45,0,,0,4390,0,0.071,,0
C01797,postpaid,2019-09-03,2023-06-17,119,109,102,4,39.27,0,8490,0,0.143,,0
C03274,Postpaid,2017-01-06,2023-06-29,187,198,215,0,54.09,0,3000 Leuven,0,0.173,,0
C03242,Prepaid,2014-02-19,2023-05-26,136,122,2,2,,0,2670,1,0.086,,1
C00982,Postpaid,2018-11-29,2023-06-16,119,103,93,0,34.65,0,9100,0,0.136,2024-04-24,0
C01497,Postpaid,2015-04-13,2023-06-09,196,211,232,1,42.83,1,9100,0,0.136,,0
C04716,Prepaid,2014-07-12,2023-05-29,102,116,114,1,,0,3270,0,0.0,,0
C03696,Prepaid,2022-04-22,2023-06-02,150,149,141,2,,0,5350,0,0.214,,0
C00539,Prepaid,2022-02-12,2023-04-15,62,47,0,1,,0,2670,0,0.086,,1
C00254,Postpaid,2019-10-03,2023-06-24,49,45,49,0,20.42,0,3000,0,0.173,,0
C00400,Prepaid,2017-11-29,2023-06-28,49,51,53,0,,0,8310,0,0.175,,0
C02300,Postpaid,2014-06-01,2023-06-27,220,245,234,1,52.29,2,3000,0,0.173,,0
C01368,Postpaid,2018-11-04,2023-06-19,424,481,470,1,66.42,1,1300,0,0.26,,0
C03935,Postpaid,2016-12-02,2023-05-30,184,188,182,2,39.59,0,1770,0,0.0,,0
C03250,Postpaid,2014-07-04,2023-06-07,782,728,669,0,90.2,0,1200,0,0.116,,0
C03243,Postpaid,2015-05-11,2023-06-23,316,303,322,0,39.61,1,1300,0,0.26,2025-07-31,0
C03543,Postpaid,2017-05-16,2023-06-11,173,168,168,0,51.64,0,4600,0,0.102,2024-07-30,0
C02990,Postpaid,2017-06-01,2023-06-26,82,70,65,3,37.92,0,1300,0,0.26,,0
C01814,Postpaid,2014-08-16,2023-06-29,560,495,483,0,55.77,0,6430,0,0.188,,0
C00890,Postpaid,2020-11-26,2023-06-25,732,789,818,1,95.28,0,9100,0,0.136,2024-05-28,0
C02870,Prepaid,2015-03-31,2023-04-03,24,12,1,2,,0,6900,1,0.205,,1
C04854,Postpaid,2016-06-15,2023-06-16,162,171,164,0,53.72,0,4390,0,0.071,,0
C03320,Prepaid,2014-01-03,2023-06-16,59,54,51,0,,0,6860,0,0.278,,0
C01203,Postpaid,2015-12-20,2023-06-30,119,131,121,2,38.39,0,3000,0,0.173,,0
C04836,Prepaid,2019-06-13,2023-05-08,92,68,4,5,,0,3140,1,0.2,,1
C04436,Prepaid,2019-08-02,2023-05-09,245,249,271,1,,0,6620,0,0.118,,0
C02032,Postpaid,2022-11-16,2023-06-29,342,321,350,2,53.2,0,9740,0,0.174,2024-10-17,0
C01862,Postpaid,2022-10-22,2023-04-27,69,36,2,1,35.96,0,1700,0,0.342,2023-06-03,1
C03140,Postpaid,2019-12-07,2023-06-16,122,137,125,0,44.75,0,9100,0,0.136,,0
C04821,Postpaid,2018-02-11,2023-06-15,631,599,545,0,75.0,0,6100,0,0.0,,0
C00477,Postpaid,2018-04-19,2023-06-14,257,234,229,0,51.07,0,3000,0,0.173,,0
C02268,Postpaid,2017-02-15,2023-06-17,119,116,119,0,40.28,0,5290,0,0.171,2025-01-23,0
C00600,Postpaid,2015-03-03,2023-06-02,98,110,110,0,29.72,0,9740,0,0.174,,0
C02056,Postpaid,2015-02-20,2023-06-17,671,645,693,1,83.79,1,1700,0,0.342,,0
C03423,Prepaid,2018-12-31,2023-05-25,146,144,152,0,,0,1200,0,0.116,,0
C03040,Prepaid,2020-10-27,2023-05-26,210,206,200,0,,0,3000,0,0.173,,0
C02881,Prepaid,2020-08-18,2023-06-05,92,94,88,0,,0,4750,0,0.25,,0
C04406,postpaid,2018-06-10,2023-04-24,447,436,4,0,82.4,1,1270,1,0.167,2023-06-23,1
C01480,Prepaid,2020-10-24,2023-05-31,85,93,92,0,,0,4390,0,0.071,,0
C01143,Postpaid,2015-11-02,2023-06-27,279,307,313,0,48.23,1,3000,0,0.173,,0
C04291,Postpaid,2023-02-10,2023-06-05,725,829,799,0,91.12,0,3000,0,0.173,2023-09-29,0
C01168,Postpaid,2020-06-06,2023-06-25,241,245,265,0,51.48,0,2670,0,0.086,,0
C00274,Prepaid,2021-09-05,2023-06-21,60,55,56,0,,0,9100,0,0.136,,0
C03888,Postpaid,2017-12-22,2023-05-04,586,558,567,0,,0,4600,0,0.102,2024-11-21,0
C04593,Postpaid,2016-07-12,2023-06-25,203,198,197,2,50.98,1,3000 Leuven,0,0.173,,0
C04208,Postpaid,2016-09-23,2023-06-11,244,277,291,2,,0,4190,0,0.182,,0
C04122,Postpaid,2022-10-13,2023-06-09,413,380,371,0,54.89,0,4890,1,0.136,,0
C04504,Prepaid,2014-12-26,2023-05-07,61,49,1,3,,0,9160,1,0.153,,1
C02822,Postpaid,2022-10-14,2023-06-24,766,779,705,3,80.13,0,6470,0,0.214,,0
C01975,Prepaid,2015-07-01,2023-06-03,87,91,91,0,,0, 1090,0,0.133,,0
C04135,Postpaid,2014-11-29,2023-06-20,648,568,531,2,74.46,0,3000,0,0.173,,0
C04971,Postpaid,2022-01-01,2023-06-08,91,79,75,1,31.49,0,3740,0,0.129,,0
C04599,Postpaid,2016-03-23,2023-06-05,1365,1436,1358,0,141.34,0,9160,0,0.153,,0
C04876,Prepaid,2015-04-11,2023-06-29,146,136,146,1,,0,9160,0,0.153,,0
C02404,Postpaid,2022-09-24,2023-05-11,239,249,262,0,43.86,0,9160,1,0.153,2024-05-21,0
C04028,Postpaid,2023-03-26,2023-06-29,1089,1252,1209,1,132.43,0,9230,0,0.389,,0
C03225,postpaid,2016-04-16,2023-06-02,186,175,175,2,46.41,1,2800,0,0.0,,0
C03602,Postpaid,2019-12-27,2023-06-29,77,80,72,0,44.71,0,9100,0,0.136,,0
C01735,Postpaid,2020-07-27,2023-06-29,566,517,531,2,60.09,0,5600,0,0.143,,0
C03802,Postpaid,2014-01-28,2023-06-03,30,26,26,1,27.88,0,3000,0,0.173,,0
C04266,Postpaid,2018-04-18,2023-06-26,545,499,527,0,67.47,0,1510,0,0.357,,0
C01395,Prepaid,2018-10-09,2023-06-02,85,90,84,0,,0,2300,1,0.067,,0
C03977,Prepaid,2015-10-28,2023-05-07,39,21,0,0,,0,3000,0,0.173,,1
C00751,Postpaid,2019-06-19,2023-06-14,225,219,204,1,44.95,0,9160,1,0.153,2024-04-14,0
C00740,Prepaid,2019-03-13,2023-06-24,210,223,215,3,,0,2150,0,0.094,,0
C03189,Prepaid,2015-05-03,2023-06-23,24,26,23,1,,0,3000,0,0.173,,0
C03775,Postpaid,2019-01-20,2023-06-23,150,162,154,0,38.75,1,4370,0,0.074,2024-09-08,0
C02698,Postpaid,2020-10-04,2023-05-29,699,719,660,0,82.39,1,9400,0,0.222,,0
C02144,Prepaid,2015-03-15,2023-06-27,105,112,109,2,,0,1700,0,0.342,,0
C03388,Postpaid,2018-04-17,2023-06-30,22,19,20,2,18.69,0,3000,0,0.173,,0
C04728,Postpaid,2016-07-17,2023-06-29,74,79,86,2,41.54,0,8490,0,0.143,,0
C00308,Postpaid,2017-01-28,2023-06-07,429,394,370,1,59.93,1,4890,0,0.136,,0
C04306,Postpaid,2018-04-14,2023-06-25,371,344,322,1,50.66,0,3000,0,0.173,,0
C04328,Postpaid,2020-07-25,2023-06-14,233,220,210,1,38.45,0,9100,0,0.136,,0
C01460,Postpaid,2018-03-23,2023-04-15,58,50,0,4,25.65,0,4190,0,0.182,2023-06-02,1
C04542,Postpaid,2018-11-10,2023-05-14,477,515,511,1,70.64,0,3000,0,0.173,,0
C00896,Postpaid,2020-03-20,2023-06-20,614,703,743,0,80.97,0,1850,0,0.2,,0
C03042,Prepaid,2022-05-15,2023-06-01,203,233,238,0,,0,4370,0,0.074,,0
C00096,Postpaid,2022-06-22,2023-06-08,371,316,335,0,56.1,0,2660,0,0.25,,0
C04313,Prepaid,2016-09-04,2023-06-16,107,97,97,1,,0,8310,0,0.175,,0
C04974,Postpaid,2018-02-20,2023-06-24,102,115,117,0,39.65,0,4390,0,0.071,2025-05-30,0
C03218,Postpaid,2019-02-25,2023-06-02,26,12,0,0,16.32,0,LEU-3000,0,0.173,2023-06-12,1
C02690,Postpaid,2015-08-11,2023-05-11,204,186,197,0,48.24,0,LEU-3000,0,0.173,,0
C00380,Postpaid,2021-01-24,2023-06-07,529,471,466,1,64.63,0,9100,0,0.136,,0
C04930,Postpaid,2020-09-26,2023-06-30,613,675,655,0,83.19,0,9160,0,0.153,,0
C04814,Prepaid,2021-11-24,2023-06-22,37,35,33,0,,0,4750,0,0.25,,0
C03790,Prepaid,2014-10-02,2023-05-30,157,160,155,1,,0,9160,0,0.153,,0
C00698,Postpaid,2017-02-21,2023-06-02,416,356,342,0,60.43,0,LEU-3000,0,0.173,,0
C04389,Prepaid,2023-01-20,2023-06-27,51,44,46,0,,0,3020,0,0.222,,0
C00433,Prepaid,2016-02-19,2023-06-14,806,701,736,1,,0, 9860,0,0.132,,0
C02606,Prepaid,2020-03-23,2023-06-25,222,218,228,2,,0,2670,0,0.086,,0
C02390,Postpaid,2017-12-24,2023-06-07,100,103,100,3,42.21,1,3000,0,0.173,,0
C00886,Postpaid,2021-06-22,2023-06-25,377,414,418,0,58.4,1,3000,0,0.173,,0
C01724,Postpaid,2017-01-23,2023-06-14,1044,889,808,0,92.56,0,3000,0,0.173,,0
C03305,Postpaid,2015-11-06,2023-06-19,328,361,369,0,53.56,1,4390,0,0.071,,0
C04475,Postpaid,2019-12-13,2023-06-01,528,527,577,3,66.93,1,1700,0,0.342,,0
C03429,Prepaid,2020-08-25,2023-05-17,457,345,13,4,,0,1700,0,0.342,,1
C03849,Postpaid,2019-05-25,2023-06-21,171,193,186,0,32.82,0,1110,0,0.0,2024-02-24,0
C01070,Prepaid,2015-02-07,2023-05-09,70,61,56,3,,0,9770,0,0.083,,0
C00061,Postpaid,2019-12-29,2023-06-23,155,138,145,0,39.59,0,3000 Leuven,0,0.173,,0
C00132,Prepaid,2021-08-04,2023-06-09,146,130,139,0,,0,3660,1,0.235,,0
C02478,Prepaid,2019-05-23,2023-06-29,40,37,36,1,,0,5870,0,0.167,,0
C01329,Prepaid,2017-03-10,2023-04-05,30,31,2,3,,0,LEU-3000,0,0.173,,1
C02541,Postpaid,2018-09-29,2023-06-15,415,411,406,0,73.1,1,9160,0,0.153,,0
C03151,Postpaid,2019-09-10,2023-06-30,166,185,196,0,34.48,0,6620,0,0.118,2024-01-28,0
C02798,Postpaid,2014-04-23,2023-05-24,981,803,35,1,84.32,0,3012,1,0.5,2023-06-21,1
C00817,Prepaid,2021-10-03,2023-06-18,116,108,115,0,,0,1500,0,0.0,,0
C00647,Postpaid,2022-11-15,2023-06-12,123,137,144,0,32.6,1,4990,0,0.333,2023-11-07,0
C04435,Postpaid,2019-03-03,2023-06-01,3044,3275,3236,1,277.68,2,6960,0,0.359,,0
C03114,Postpaid,2020-11-28,2023-06-15,151,157,170,1,38.11,0,9100,0,0.136,2025-03-05,0
C03750,Postpaid,2014-09-06,2023-04-22,39,20,1,0,39.05,1,6870,1,0.28,2023-06-03,1
C03679,Prepaid,2019-09-19,2023-06-11,71,61,57,0,,0,3000,0,0.173,,0
C01620,Prepaid,2020-07-08,2023-05-23,38,36,36,1,,0,6620,0,0.118,,0
C02925,Postpaid,2021-01-04,2023-06-05,65,55,56,1,32.82,1,LEU-3000,0,0.173,,0
C02329,Postpaid,2017-07-10,2023-06-07,102,95,101,2,,0,3020,0,0.222,,0
C03167,Postpaid,2016-05-15,2023-06-11,51,56,53,0,28.74,1,5400,1,0.0,,0
C01178,Postpaid,2020-03-29,2023-06-23,249,248,254,1,49.56,0,4190,0,0.182,,0
C02058,Postpaid,2022-12-18,2023-06-28,240,238,254,0,49.04,0,7540,0,0.2,,0
C02028,Postpaid,2021-07-14,2023-06-18,1128,1186,1167,0,105.13,1,8740,0,0.0,,0
C03525,Postpaid,2015-10-14,2023-06-22,184,209,224,0,33.69,2,9160,0,0.153,,0
C03191,Postpaid,2016-04-11,2023-05-04,92,89,84,1,47.21,0,4280,1,0.0,,0
C04823,Postpaid,2019-05-31,2023-06-30,473,457,467,0,62.7,0,8310,0,0.175,,0
C04044,Postpaid,2021-02-16,2023-06-24,89,88,82,1,39.91,0,6860,0,0.278,,0
C01059,Postpaid,2014-09-04,2023-06-25,299,302,305,1,50.99,0,1700,0,0.342,,0
C02976,Postpaid,2017-10-27,2023-06-16,96,106,117,0,28.09,0,3000,0,0.173,2024-04-03,0
C02113,Postpaid,2017-05-11,2023-04-11,104,54,3,4,29.24,0,1700,0,0.342,2023-06-22,1
C01901,Prepaid,2015-03-30,2023-06-25,77,71,67,2,,0,9160,0,0.153,,0
C03721,Postpaid,2022-09-29,2023-06-03,197,202,222,1,47.51,0,6960,0,0.359,,0
C02671,Postpaid,2016-11-11,2023-05-25,87,60,2,0,26.34,0,1070,1,0.2,2023-06-24,1
C04906,Prepaid,2017-10-27,2023-06-07,93,105,114,0,,0,3000,0,0.173,,0
C00869,Prepaid,2015-03-08,2023-06-23,51,55,56,1,,0,9160,0,0.153,,0
C00689,Prepaid,2020-05-24,2023-06-26,141,154,148,1,,0,9100,0,0.136,,0
C03223,Postpaid,2019-07-26,2023-06-18,143,156,163,0,40.87,0,3000 Leuven,0,0.173,,0
C04034,Postpaid,2015-06-26,2023-06-08,1293,1246,1279,2,116.51,0,6010,0,0.0,,0
C01268,Postpaid,2016-04-20,2023-06-23,778,762,766,4,90.75,1,1080,0,0.381,,0
C01855,Prepaid,2017-04-05,2023-05-13,160,166,162,1,,0,2670,0,0.086,,0
C03654,Prepaid,2014-12-05,2023-06-22,113,123,126,0,,0,2670,1,0.086,,0
C00483,Postpaid,16/12/2017,2023-06-08,30,30,33,0,29.85,0,3060,0,0.286,,0
C01129,Prepaid,2019-04-03,2023-04-20,137,113,2,1,,0,1300,0,0.26,,1
C04884,Postpaid,2018-05-25,2023-05-22,513,489,467,1,75.49,0,4390,0,0.071,,0
C00118,Prepaid,2022-07-01,2023-04-09,75,50,2,2,,0,9100,1,0.136,,1
C04080,Postpaid,2021-10-26,2023-06-28,122,121,131,0,26.7,0,6990,0,0.0,,0
C04529,Postpaid,2014-03-07,2023-06-02,173,181,197,1,48.54,0,7100,1,0.0,,0
C00335,Postpaid,2016-10-13,2023-06-25,222,225,226,0,43.99,1,9770,0,0.083,,0
C03545,Postpaid,2017-12-25,2023-06-22,316,307,335,0,57.49,0,8000,0,0.211,,0
C04460,Prepaid,2017-02-15,2023-04-11,131,59,0,7,,0,3000,1,0.173,,1
C03251,Postpaid,2019-07-05,2023-06-04,249,267,246,0,51.05,0,3000,0,0.173,,0
C00364,Prepaid,2019-04-22,2023-06-03,24,26,27,1,,0,9100,0,0.136,,0
C00495,Postpaid,2022-06-05,2023-06-16,169,171,179,1,41.46,0,6100,0,0.0,,0
C03347,Post-paid,15/03/2015,2023-06-19,55,51,48,1,25.09,0,1690,0,0.167,,0
C04502,Prepaid,2018-02-14,2023-06-15,73,80,84,0,,0,9160,0,0.153,,0
C03702,Postpaid,2015-06-09,2023-04-03,60,36,2,0,38.78,0,3060,1,0.286,2023-06-06,1
C04967,Postpaid,2015-08-28,2023-05-10,647,644,586,2,79.15,0,8310,0,0.175,,0
C01240,Postpaid,2018-04-24,2023-06-19,95,109,118,3,19.97,0,LEU-3000,0,0.173,,0
C01292,Prepaid,2021-02-13,2023-04-08,49,51,2,4,,0,3000,1,0.173,,1
C04084,Postpaid,2016-09-24,2023-06-10,759,710,688,1,82.21,1,9100,0,0.136,,0
C04049,Postpaid,2019-04-22,2023-06-24,126,120,119,1,34.06,0,6900,0,0.205,,0
C01670,Postpaid,2023-03-08,2023-06-04,282,142,8,5,30.88,1,6960,1,0.359,2023-06-14,1
C00005,Postpaid,2017-03-05,2023-06-03,336,373,374,2,59.27,0,4600,0,0.102,2024-05-03,0
C03774,Postpaid,2022-09-18,2023-06-22,791,906,824,1,98.24,0,4370,0,0.074,,0
C04552,Prepaid,2018-06-17,2023-06-14,154,144,144,1,,0,8500,0,0.143,,0
C03141,Prepaid,2017-02-02,2023-06-13,113,98,90,1,,0,6620,0,0.118,,0
C01183,Prepaid,2018-03-30,2023-05-20,82,66,0,2,,0,1800,1,0.5,,1
C03972,Prepaid,2014-02-19,2023-06-21,42,47,51,2,,0,5970,0,0.0,,0
C03893,Postpaid,2015-08-02,2023-06-04,211,199,206,0,40.48,1,2520,0,0.286,,0
C02940,Prepaid,2021-03-17,2023-06-15,86,85,90,1,,0,9160,0,0.153,,0
C02711,Postpaid,2015-07-06,2023-06-16,598,537,587,0,75.36,1,9160,0,0.153,,0
C03315,Prepaid,2020-08-27,2023-06-11,56,61,66,0,,0,1200,0,0.116,,0
C00241,Prepaid,2018-11-26,2023-05-06,60,55,55,1,,0,9100,0,0.136,,0
C01895,Prepaid,2022-01-09,2023-06-24,168,143,141,0,,0,9860,0,0.132,,0
C02873,Postpaid,2022-03-28,2023-06-19,147,132,123,1,37.25,0,6430,0,0.188,,0
C00055,Postpaid,2014-11-11,2023-06-17,292,321,305,0,49.38,0,1310,0,0.143,,0
C02600,Postpaid,2022-08-22,2023-05-28,52,31,0,1,29.64,0,5350,1,0.214,2023-06-19,1
C01686,Prepaid,2019-10-03,2023-06-08,32,33,32,0,,0,9160,0,0.153,,0
C02622,Prepaid,2015-08-14,2023-06-18,41,39,41,4,,0,4390,0,0.071,,0
C00736,postpaid,2015-12-13,2023-06-19,83,95,94,2,32.69,0,4390,0,0.071,,0
C00563,Postpaid,2018-10-07,2023-05-21,1226,1154,1103,1,111.94,1,LEU-3000,0,0.173,,0
C04027,Postpaid,2021-07-03,2023-04-08,576,498,15,5,63.66,4,1080,1,0.381,2023-06-11,1
C01665,Prepaid,2015-04-24,2023-06-21,76,83,83,1,,0,2670,0,0.086,,0
C00003,Postpaid,2020-09-09,2023-06-16,76,71,67,2,34.22,0,6900,0,0.205,2025-03-10,0
C03083,postpaid,2014-04-12,2023-06-02,1002,858,796,2,94.31,0, 2670,0,0.086,,0
C01331,Prepaid,2020-06-08,2023-05-02,162,102,5,2,,0,3000,1,0.173,,1
C03380,Prepaid,2021-10-30,2023-06-02,20,14,0,4,,0,4300,0,0.25,,1
C01644,Prepaid,2014-07-02,2023-06-26,260,298,324,0,,0,9160,0,0.153,,0
C03616,Prepaid,2020-12-23,2023-06-12,57,65,68,1,,0,3000,0,0.173,,0
C02673,Prepaid,2015-05-09,2023-05-11,93,65,1,1,,0,3000,1,0.173,,1
C02497,Prepaid,2019-04-12,2023-06-21,63,56,57,1,,0,6250,0,0.133,,0
C01582,Prepaid,2016-01-26,2023-06-03,58,64,58,1,,0,2670,0,0.086,,0
C00955,Prepaid,2019-07-20,2023-06-04,40,44,48,0,,0,9100,0,0.136,,0
C03549,Postpaid,2017-11-05,2023-06-06,525,487,480,4,57.39,0,3000,0,0.173,2025-01-21,0
C02946,Postpaid,2015-02-05,2023-05-26,149,145,133,2,39.84,1,3000,0,0.173,,0
C01227,Postpaid,2021-10-08,2023-06-26,92,95,99,1,34.21,0,9200,0,0.222,,0
C03813,Postpaid,2019-09-15,2023-06-11,55,57,53,0,33.11,0,7310,0,0.111,,0
C02312,Postpaid,2021-09-01,2023-06-22,117,121,110,0,26.27,0,6470,0,0.214,,0
C01306,Postpaid,2016-11-09,2023-05-29,139,158,157,2,39.19,0,9420,0,0.0,,0
C00605,Prepaid,2021-01-02,2023-06-09,364,392,430,0,,0,6620,0,0.118,,0
C00622,Postpaid,2015-02-06,2023-05-30,139,148,147,0,36.71,0,3000,0,0.173,,0
C02235,Postpaid,2020-05-26,2023-04-05,453,219,6,3,44.52,0,2260,1,0.35,2023-06-19,1
C01549,Postpaid,2023-05-08,2023-06-17,195,168,169,0,40.93,0,4380,0,0.125,,0
C03407,Postpaid,2015-04-20,2023-06-18,130,132,132,0,38.2,0,1300,0,0.26,,0
C03869,Postpaid,2014-07-10,2023-06-22,735,791,812,2,89.92,0,9770,0,0.083,,0
C01261,Postpaid,2019-01-14,2023-06-27,271,250,268,1,58.62,1,4600,0,0.102,,0
C04364,Postpaid,2017-04-01,2023-06-05,143,162,162,1,58.94,0,1560,0,0.0,,0
C03993,Postpaid,2021-10-16,2023-06-04,88,76,73,1,41.21,1,8560,0,0.233,,0
C00515,Postpaid,2019-10-02,2023-05-05,258,243,250,0,47.89,0,5870,0,0.167,,0
C02725,Prepaid,2018-10-21,2023-05-09,37,38,2,2,,0,9230,1,0.389,,1
C00365,Prepaid,2019-09-25,2023-06-29,60,55,58,0,,0,3000,0,0.173,,0
C03289,Postpaid,2022-02-25,2023-06-02,135,135,142,3,42.98,1,3660,0,0.235,2023-12-14,0
C03754,Postpaid,2020-06-27,2023-06-14,96,106,116,1,34.17,0,9160,0,0.153,,0
C00016,Prepaid,2015-01-19,2023-06-29,145,142,151,0,,0,5700,0,0.273,,0
C01180,Prepaid,2018-02-24,2023-05-26,26,26,25,0,,0,2670,0,0.086,,0
C04394,Postpaid,2017-03-22,2023-06-12,1136,1194,1075,0,121.95,0,3800,0,0.083,,0
C04550,Prepaid,2015-02-01,2023-06-10,85,91,91,0,,0,6680,0,0.286,,0
C03708,Postpaid,2014-09-25,2023-06-13,110,97,88,1,38.84,1,6900,0,0.205,,0
C03805,Prepaid,2020-09-30,2023-06-18,87,74,81,1,,0,6280,0,0.0,,0
C01581,Prepaid,2021-02-11,2023-05-09,30,18,0,5,,0,7140,0,0.375,,1
C04409,Postpaid,2019-04-23,2023-06-12,256,275,289,0,47.42,1,1890,0,0.235,,0
C02514,Postpaid,2014-08-08,2023-06-16,149,157,169,2,38.62,1,5000,0,0.222,,0
C00858,Postpaid,2015-12-27,2023-06-02,322,342,345,0,57.83,2,3200,0,0.222,,0
C00614,Postpaid,2014-08-04,2023-06-29,148,139,133,1,44.59,0,3000,0,0.173,,0
C00930,Prepaid,2022-05-14,2023-06-24,72,72,67,2,,0,3000,0,0.173,,0
C04100,Postpaid,2014-07-30,2023-05-27,314,324,343,0,53.57,1,6510,0,0.143,,0
C02669,Postpaid,2015-03-24,2023-06-14,92,91,88,1,32.53,0,2300,0,0.067,,0
C03135,Prepaid,2017-02-21,2023-06-26,55,63,69,0,,0,4890,0,0.136,,0
C00935,Postpaid,2021-08-14,2023-06-17,248,257,259,0,35.25,0,9860,0,0.132,,0
C01960,Prepaid,2022-09-30,2023-06-20,293,282,272,0,,0,5350,0,0.214,,0
C00905,Postpaid,2018-04-19,2023-06-25,211,183,189,1,45.22,0,6620,0,0.118,,0
C02485,Postpaid,2019-05-18,2023-06-05,234,247,252,2,40.28,0,3740,0,0.129,,0
C00460,Postpaid,2014-09-12,2023-06-08,87,94,95,1,32.26,0,9160,0,0.153,,0
C03735,Prepaid,2021-04-15,2023-06-20,34,31,33,0,,0,9160,0,0.153,,0
C04011,Postpaid,2017-11-01,2023-06-06,295,325,308,4,51.67,0,3000 Leuven,0,0.173,,0
C00811,Postpaid,2015-08-03,2023-06-30,209,196,198,1,38.89,1,8540,0,0.125,,0
C03530,Postpaid,2015-02-24,2023-05-09,95,107,98,0,29.2,1,3540,0,0.091,,0
C00523,Postpaid,2017-07-14,2023-06-15,131,137,148,1,43.18,2,8800,0,0.231,,0
C04950,Prepaid,2016-12-09,2023-06-05,97,86,81,0,,0,8630,0,0.188,,0
C01920,Prepaid,2023-02-13,2023-06-05,197,196,179,2,,0,9100,0,0.136,,0
C01284,Prepaid,2022-04-08,2023-06-11,170,155,163,0,,0,4890,0,0.136,,0
C04679,Postpaid,13/10/2018,2023-05-04,1397,1342,1283,1,135.41,1,7030,0,0.143,,0
C03937,Prepaid,2014-01-29,2023-06-12,486,423,427,3,,0, 4600,0,0.102,,0
C02714,Prepaid,2021-08-20,2023-06-26,29,25,26,0,,0,9160,1,0.153,,0
C03174,Postpaid,2020-07-01,2023-06-28,191,189,181,4,54.68,0,2500,0,0.118,,0
C00302,Prepaid,2014-01-05,2023-06-14,211,180,173,0,,0,1510,0,0.357,,0
C00503,Postpaid,2020-05-26,2023-06-06,52,48,49,0,31.38,1,4180,0,0.167,,0
C03120,Prepaid,2018-12-20,2023-06-23,70,64,69,1,,0,9160,0,0.153,,0
C03091,Prepaid,2016-11-04,2023-06-22,131,136,132,1,,0,9100,1,0.136,,0
C02796,Prepaid,2016-12-12,2023-06-10,87,92,93,2,,0,6860,0,0.278,,0
C02675,Postpaid,2022-12-21,2023-06-18,836,856,876,0,95.55,0,9160,0,0.153,,0
C02863,Postpaid,2017-05-31,2023-06-30,119,103,111,0,25.87,0,5600,0,0.143,,0
C01850,Prepaid,2020-05-21,2023-06-12,89,94,104,0,,0,9160,0,0.153,,0
C00202,Postpaid,09/03/2019,2023-06-05,256,268,277,0,52.46,0,2250,0,0.0,,0
C01952,Postpaid,2022-01-03,2023-04-09,390,219,4,4,34.11,0,1300,1,0.26,2023-06-22,1
C02359,Postpaid,2021-04-14,2023-06-08,466,396,420,1,53.69,0,1890,0,0.235,,0
C02760,Prepaid,2016-09-21,2023-06-12,65,58,56,0,,0,3000,0,0.173,,0
C04314,Prepaid,2014-05-01,2023-06-06,23,24,22,1,,0,4600,0,0.102,,0
C04124,Postpaid,2019-04-14,2023-06-28,429,446,452,0,71.53,1,9160,0,0.153,,0
C00455,Postpaid,2016-03-27,2023-05-12,185,158,3,3,31.6,0,3900,1,0.143,2023-06-01,1
C00019,Postpaid,2016-03-29,2023-06-19,302,307,304,1,52.11,0,6960,0,0.359,,0
C00205,Postpaid,2019-09-24,2023-06-27,1229,1295,1171,0,126.76,0,1180,0,0.0,,0
C01163,Prepaid,2022-07-17,2023-06-09,40,44,48,2,,0,1090,0,0.133,,0
C01305,Postpaid,2019-07-15,2023-06-25,91,82,76,0,32.94,0,3660,0,0.235,,0
C01344,Postpaid,2023-05-11,2023-06-14,46,52,48,1,19.66,0,9160,0,0.153,,0
C02248,Prepaid,2021-01-17,2023-06-19,73,76,68,0,,0,4390,0,0.071,,0
C02977,Prepaid,2021-09-27,2023-06-29,203,197,212,1,,0,8310,0,0.175,,0
C02150,Prepaid,2022-01-25,2023-05-31,58,52,56,1,,0,7480,0,0.167,,0
C00772,Postpaid,2016-08-13,2023-06-01,117,131,118,0,24.2,0,3000,0,0.173,,0
C02399,Prepaid,2021-07-14,2023-06-27,37,33,36,0,,0,7190,0,0.429,,0
C04137,Postpaid,2014-03-16,2023-06-09,381,361,376,3,52.65,0,1670,0,0.125,,0
C02247,Postpaid,2016-06-19,2023-06-27,41,42,42,2,35.84,0,3740,0,0.129,,0
C00967,Postpaid,2019-11-25,2023-06-01,509,566,543,1,79.83,2,3800,0,0.083,,0
C02362,Prepaid,2015-01-02,2023-06-13,61,55,59,1,,0,3000,0,0.173,,0
C04059,Postpaid,2016-07-24,2023-06-04,502,507,515,0,62.98,0,7500,0,0.079,,0
C00264,Postpaid,2017-12-23,2023-06-03,402,449,471,2,68.19,0,9100,0,0.136,,0
C01282,Prepaid,2022-05-09,2023-06-13,43,43,45,1,,0,3000 Leuven,0,0.173,,0
C00640,Prepaid,2016-09-06,2023-06-08,56,59,64,1,,0,6100,0,0.0,,0
C04849,Postpaid,2021-10-10,2023-06-19,279,277,270,0,50.68,1,6960,0,0.359,,0
C00875,Prepaid,2022-04-22,2023-05-05,54,41,0,3,,0,2520,1,0.286,,1
C04558,Postpaid,2015-03-10,2023-06-15,496,558,507,0,68.36,0,3000,0,0.173,,0
C00949,Prepaid,2022-08-06,2023-06-11,44,46,42,1,,0,5100,0,0.333,,0
C01072,postpaid,2022-07-31,2023-06-19,38,40,40,1,27.25,0,9160,0,0.153,,0
C02019,Postpaid,2016-09-09,2023-06-18,215,-169,213,1,37.78,0,2150,0,0.094,2023-10-29,0
C01424,Prepaid,2018-04-12,2023-05-08,28,28,26,1,,0,8000,0,0.211,,0
C04121,Postpaid,2022-10-12,2023-06-28,161,166,159,28,30.99,0,9160,0,0.153,,0
C04954,Prepaid,2017-03-28,2023-06-24,227,231,231,1,,0,8310,0,0.175,,0
C03551,Postpaid,2019-04-19,2023-06-02,69,76,80,1,34.89,0,1200,0,0.116,,0
C00287,Postpaid,2015-05-15,2023-06-15,452,433,449,3,57.08,0,3000,0,0.173,,0
C03210,Postpaid,2019-03-01,2023-06-30,2010,2212,2209,2,193.17,0,9100,1,0.136,,0
C03259,Postpaid,2021-06-22,2023-05-15,771,518,25,1,62.22,1,1030,1,0.1,2023-06-27,1
C01431,Prepaid,2020-10-25,2023-06-06,24,26,29,0,,0,4390,0,0.071,,0
C02935,postpaid,2017-09-11,2023-06-17,142,156,167,0,42.35,0,LEU-3000,0,0.173,2025-03-30,0
C04656,Postpaid,2019-05-11,2023-05-04,100,73,4,3,33.16,0,5350,1,0.214,2023-06-19,1
C03636,Postpaid,2019-08-06,2023-05-01,119,111,6,3,36.48,1,9160,1,0.153,2023-06-11,1
C01152,Postpaid,19/08/2016,2023-06-16,346,393,375,0,48.76,0,9160,0,0.153,,0
C00677,Prepaid,2019-02-08,2023-04-24,188,132,2,0,,0,5550,1,0.2,,1
C04115,Prepaid,2023-04-09,2023-06-23,184,206,211,0,,0,8030,0,0.0,,0
C03671,Prepaid,2015-01-22,2023-06-14,172,171,155,1,,0,9160,0,0.153,,0
C04050,Postpaid,2016-09-03,2023-06-30,240,232,232,2,47.14,1,4290,0,0.0,,0
C03468,Postpaid,2019-09-15,2023-06-16,207,218,239,0,39.69,0,4890,0,0.136,,0
C01913,Postpaid,2023-02-14,2023-06-08,93,96,100,2,22.44,0,9160,0,0.153,,0
C03610,Postpaid,2018-07-15,2023-06-23,119,130,125,1,35.99,0,3000,0,0.173,,0
C03507,Postpaid,2017-08-19,2023-06-27,405,450,481,0,60.03,0,9160,0,0.153,,0
C01777,Prepaid,2014-08-10,2023-06-06,14,15,15,2,,0,LEU-3000,0,0.173,,0
C02953,Postpaid,2015-12-24,2023-06-09,396,424,391,0,60.11,0,1700,0,0.342,,0
C03272,Prepaid,2014-04-02,2023-06-04,101,100,107,0,,0,9160,0,0.153,,0
C04991,Postpaid,2018-02-26,2023-06-02,69,71,77,4,46.16,0,9160,0,0.153,,0
C00820,postpaid,2020-09-28,2023-06-06,228,227,248,0,41.98,0,3060,0,0.286,2025-05-14,0
C00849,Prepaid,2022-07-14,2023-05-30,49,51,3,0,,0,5290,0,0.171,,1
C02284,Postpaid,2019-05-23,2023-06-11,20,21,19,0,29.45,0,6470,0,0.214,,0
C04425,Prepaid,2022-12-14,2023-06-11,177,152,150,0,,0,2670,0,0.086,,0
C03497,PREPAID,2022-07-18,2023-05-08,49,44,46,1,,0,6510,0,0.143,,0
C04568,Postpaid,2017-06-19,2023-06-16,105,102,112,0,36.45,0,9160,0,0.153,,0
C03286,Postpaid,2020-05-31,2023-06-09,190,176,162,2,43.61,0,2500,0,0.118,,0
C02393,Postpaid,2023-04-05,2023-06-17,51,55,60,0,36.1,1,3740,0,0.129,,0
C04928,Postpaid,2018-03-10,2023-06-25,436,400,372,1,53.99,0,9100,0,0.136,,0
C00637,Postpaid,2016-01-31,2023-06-26,137,148,136,0,34.94,0,9160,0,0.153,,0
C04012,Prepaid,2022-01-02,2023-06-18,169,160,155,1,,0,8360,0,0.1,,0
C01055,Postpaid,2015-08-01,2023-06-09,47,44,42,0,30.29,0,9160,0,0.153,,0
C01586,Postpaid,2016-08-05,2023-06-04,127,127,127,0,30.59,0,1400,0,0.429,,0
C00249,Postpaid,2022-01-29,2023-06-03,93,94,101,0,33.48,1,7500,0,0.079,,0
C02217,Postpaid,2022-08-05,2023-06-19,290,264,281,1,41.75,0,2500,0,0.118,,0
C01057,Postpaid,2021-02-04,2023-06-03,191,188,0,2,42.95,1,2000,1,0.182,2023-06-30,1
C02041,Postpaid,2014-08-26,2023-06-22,463,458,477,1,50.54,0,3480,0,0.1,,0
C03597,Postpaid,2019-06-04,2023-06-19,332,375,387,1,,0,9230,0,0.389,,0
C02224,Postpaid,2017-02-21,2023-06-21,278,315,299,3,64.42,0,3130,0,0.1,2025-03-06,0
C03861,Postpaid,2022-06-03,2023-06-30,244,232,248,0,47.08,0,9100,0,0.136,,0
C01063,Postpaid,2016-03-21,2023-06-09,204,203,217,1,44.68,0,2190,0,0.143,2024-12-31,0
C03644,Postpaid,04/07/2018,2023-06-10,64,62,64,1,33.31,0,4890,0,0.136,,0
C00298,Prepaid,2018-01-28,2023-06-22,79,88,81,0,,0,3250,0,0.062,,0
C01796,Postpaid,2017-10-05,2023-06-25,143,123,134,0,40.06,2,3000,0,0.173,,0
C04269,Postpaid,2014-08-24,2023-06-05,102,99,90,0,45.29,0,7100,0,0.0,2024-09-27,0
C02249,Postpaid,2021-03-28,2023-06-06,759,675,677,0,,1,3000,0,0.173,,0
C04184,Prepaid,2021-06-09,2023-05-06,284,201,3,0,,0,1070,1,0.2,,1
C04111,Postpaid,2015-07-07,2023-06-30,404,359,346,0,59.21,0,1200,0,0.116,2024-11-18,0
C03119,Prepaid,2015-01-24,2023-06-14,207,186,172,1,,0,4180,0,0.167,,0
C03486,Postpaid,2022-12-23,2023-06-28,747,767,754,1,82.63,0,4750,0,0.25,,0
C02628,Prepaid,2018-01-25,2023-06-01,166,168,166,0,,0,5350,0,0.214,,0
C02740,Postpaid,2020-02-18,2023-06-26,141,134,139,1,27.08,0,5350,0,0.214,,0
C00957,Prepaid,2022-07-14,2023-05-25,311,285,276,1,,0,6820,0,0.0,,0
C04780,Postpaid,2015-12-22,2023-06-15,182,187,172,0,48.52,1,9160,0,0.153,2024-01-19,0
C04575,Postpaid,2017-10-16,2023-06-27,22,25,26,0,34.7,0,9160,0,0.153,,0
C00994,PREPAID,2020-06-02,2023-04-04,53,38,1,0,,0,9330,0,0.333,,1
C00452,Prepaid,2014-12-25,2023-04-28,45,27,0,2,,0,9160,1,0.153,,1
C01112,Postpaid,2017-08-10,2023-05-01,47,21,0,1,34.13,0,5350,1,0.214,2023-06-28,1
C03544,Prepaid,2017-11-10,2023-06-02,259,231,8,1,,0,5350,1,0.214,,1
C01448,Postpaid,2015-08-04,2023-06-01,71,78,75,1,41.34,0,1080,0,0.381,,0
C04815,Prepaid,2018-05-23,2023-05-24,153,144,149,1,,0,3000,0,0.173,,0
C00481,Postpaid,2019-11-29,2023-06-25,86,84,80,2,38.61,2,8030,0,0.0,,0
C04032,Postpaid,2016-09-24,2023-06-15,153,140,152,1,48.35,1,3000,0,0.173,,0
C04569,Prepaid,2015-06-15,2023-06-17,100,115,117,0,,0,9100,0,0.136,,0
C04787,Postpaid,2020-05-29,2023-06-22,108,121,116,0,32.33,0,3500,0,0.0,,0
C00526,Postpaid,2019-05-27,2023-06-20,50,45,43,0,34.88,1,3420,0,0.286,2024-04-18,0
C04677,Postpaid,2016-06-04,2023-06-09,296,306,276,1,55.61,0,1740,0,0.161,,0
C03509,Prepaid,2019-12-09,2023-04-16,26,24,1,1,,0,9100,0,0.136,,1
C00474,Postpaid,2018-07-27,2023-06-22,521,545,580,0,71.74,0,5700,0,0.273,,0
C02357,Prepaid,2017-02-15,2023-06-11,122,136,129,2,,0,1300,0,0.26,,0
C03698,Prepaid,2017-03-25,2023-05-10,81,51,0,1,,0,1700,1,0.342,,1
C04204,Postpaid,2019-11-28,2023-06-14,960,856,908,1,76.72,0,6960,0,0.359,,0
C04060,Postpaid,2014-06-02,2023-06-25,112,120,116,2,31.22,0,3800,0,0.083,2025-05-03,0
C03500,Postpaid,2022-12-12,2023-05-09,689,713,681,1,82.38,0,8800,1,0.231,,0
C01081,Prepaid,2019-12-02,2023-05-25,83,69,0,2,,0,9100,0,0.136,,1
C01967,Prepaid,2017-12-16,2023-05-16,108,114,105,0,,0,6430,0,0.188,,0
C00725,Postpaid,2021-09-21,2023-05-11,446,222,6,5,49.49,0,8800,1,0.231,2023-06-07,1
C00351,Postpaid,2014-09-29,2023-06-02,403,373,383,0,53.72,0,7670,0,0.333,,0
C00766,Prepaid,13/12/2015,2023-06-25,38,39,38,1,,0,9160,0,0.153,,0
C00189,Postpaid,01/08/2017,2023-06-17,59,67,61,4,27.19,1,4370,0,0.074,,0
C01140,Postpaid,2015-08-25,2023-06-13,167,169,165,4,48.99,0,3000,0,0.173,,0
C02846,Post-paid,2022-01-23,2023-05-11,450,416,406,0,62.2,0,3000,0,0.173,,0
C02289,Postpaid,2015-06-30,2023-06-18,192,191,204,2,40.63,1,3000,0,0.173,,0
C01774,Postpaid,03/02/2015,2023-06-13,303,340,317,4,56.34,0,5350,0,0.214,,0
C04307,Prepaid,2019-12-14,2023-06-02,163,89,0,1,,0,9100,0,0.136,,1
C04797,Postpaid,2022-06-10,2023-05-15,192,171,166,1,32.19,2,4900,1,0.167,2024-04-10,0
C02254,Postpaid,2022-10-07,2023-06-07,316,341,313,0,53.28,0,6680,0,0.286,,0
C00418,Prepaid,2018-10-09,2023-06-27,69,76,77,1,,0,9940,0,0.214,,0
C01191,Postpaid,2014-08-03,2023-06-12,101,95,89,1,36.03,0,1400,0,0.429,,0
C03198,Postpaid,2015-04-01,2023-05-25,512,505,508,0,76.82,0,2670,0,0.086,,0
C02205,Postpaid,2018-03-18,2023-05-19,91,92,83,0,31.76,0,1200,0,0.116,,0
C02498,Prepaid,2023-04-16,2023-06-26,52,53,50,0,,0,2670,0,0.086,,0
C02383,Postpaid,2019-02-22,2023-06-14,49,55,55,1,23.62,0,3740,0,0.129,,0
C04688,Postpaid,2019-11-14,2023-06-25,368,393,396,0,56.35,0,3500,0,0.0,2023-12-08,0
C02646,Postpaid,2018-04-03,2023-06-17,135,147,136,0,28.81,0,3000,0,0.173,,0
C04957,Prepaid,2014-07-26,2023-06-19,283,243,227,2,,0,7310,0,0.111,,0
C03304,Postpaid,2017-10-25,2023-06-24,868,962,965,1,99.44,0,9100,1,0.136,,0
C04766,Postpaid,2021-12-01,2023-06-07,251,265,265,2,33.99,0,9160,0,0.153,,0
C02349,Prepaid,2018-08-18,2023-05-12,136,120,124,2,,0,9100,0,0.136,,0
C04004,Prepaid,2014-08-11,2023-06-20,86,77,71,1,,0,2300,0,0.067,,0
C03408,Postpaid,2019-12-27,2023-06-01,122,79,4,3,19.88,1,9160,0,0.153,2023-06-14,1
C02239,Postpaid,2018-03-22,2023-06-09,57,55,57,1,32.47,0,1700,0,0.342,2024-08-19,0
C02605,Prepaid,2019-05-21,2023-06-16,100,108,114,2,,0,6870,0,0.28,,0
C03863,Postpaid,2018-10-05,2023-06-07,401,420,418,2,58.84,0,7480,0,0.167,,0
C02368,Postpaid,2017-12-22,2023-06-01,62,68,70,0,33.63,1,3740,0,0.129,,0
C04869,Prepaid,2015-08-04,2023-06-20,65,60,60,1,,0,5260,0,0.111,,0
C04584,Prepaid,2015-07-14,2023-06-10,161,177,160,0,,0,4390,0,0.071,,0
C04375,Prepaid,2019-11-04,2023-05-17,42,37,1,2,,0,3000,0,0.173,,1
C04203,Postpaid,2017-04-25,2023-06-15,1930,1760,1829,0,159.36,0,2670,0,0.086,,0
C04259,Postpaid,2016-07-05,2023-06-11,192,208,218,0,40.86,0,1070,0,0.2,,0
C01381,Prepaid,2022-02-21,2023-04-24,391,229,2,2,,0,4180,1,0.167,,1
C03920,Prepaid,2018-07-05,2023-06-27,148,151,147,1,,0,8560,0,0.233,,0
C01779,Postpaid,2020-10-28,2023-06-11,176,194,192,3,45.54,0,1690,0,0.167,,0
C01396,Postpaid,2017-04-26,2023-05-16,154,160,161,0,40.52,1,2670,0,0.086,,0
C00086,Prepaid,2017-04-06,2023-06-03,455,506,537,1,,0,9160,0,0.153,,0
C02129,Postpaid,2014-01-12,2023-05-06,176,117,5,2,39.46,2,5290,0,0.171,2023-06-09,1
C03041,Prepaid,2017-09-15,2023-06-04,131,134,129,1,,0,1670,0,0.125,,0
C03527,Postpaid,2015-07-10,2023-06-12,214,210,215,2,34.22,1,3000,0,0.173,,0
C03592,Prepaid,20/03/2022,2023-05-01,54,43,0,1,,0,6430,1,0.188,,1
C02225,Postpaid,2014-06-28,2023-06-19,419,359,355,1,60.63,1,6960,0,0.359,,0
C02003,Postpaid,2017-03-03,2023-06-07,289,291,285,2,52.18,0,7180,0,0.143,,0
C03859,Prepaid,2016-01-28,2023-06-20,26,25,25,0,,0,LEU-3000,0,0.173,,0
C02288,Postpaid,2018-10-01,2023-06-26,665,633,640,0,81.14,1,6020,0,0.167,,0
C03409,Postpaid,2018-06-05,2023-06-20,369,421,433,1,63.08,0,3000,0,0.173,,0
C03158,Prepaid,2021-05-07,2023-06-06,76,80,88,0,,0,4750,0,0.25,,0
C01991,Prepaid,2018-01-03,2023-06-21,61,62,57,0,,0,1300,0,0.26,,0
C01508,Postpaid,2022-03-05,2023-05-14,270,136,3,1,34.2,1,1890,0,0.235,2023-06-12,1
C00141,Prepaid,2018-07-31,2023-06-22,116,112,117,1,,0,5610,0,0.2,,0
C04847,Postpaid,2020-08-02,2023-05-12,62,55,57,1,21.35,0,3660,0,0.235,,0
C03778,Prepaid,2016-07-14,2023-06-01,272,235,213,3,,0,3130,0,0.1,,0
C00083,PREPAID,2023-01-14,2023-06-30,99,103,94,0,,0,1700,0,0.342,,0
C04966,Postpaid,2014-03-01,2023-06-04,217,200,183,2,44.12,1,2000,0,0.182,,0
C04153,Postpaid,2020-05-30,2023-06-19,294,326,334,0,42.8,0,9160,0,0.153,2025-07-30,0
C01993,Postpaid,2015-09-04,2023-06-10,246,281,283,1,44.1,1,3000,0,0.173,,0
C00085,Postpaid,2021-10-04,2023-06-15,68,58,58,0,32.0,0,5350,0,0.214,,0
C04226,postpaid,2018-03-06,2023-06-13,1350,1320,1443,4,128.44,0,3000,0,0.173,,0
C00062,Prepaid,2018-09-30,2023-06-05,251,199,0,2,,0,3480,1,0.1,,1
C00908,Prepaid,2021-08-04,2023-04-04,24,23,1,1,,0,9100,0,0.136,,1
C02703,Prepaid,2016-12-30,2023-06-18,22,22,20,1,,0,1700,0,0.342,,0
C00458,Postpaid,2022-05-14,2023-06-30,286,273,253,0,46.68,0,1300,0,0.26,2025-05-02,0
C01841,Postpaid,2016-04-02,2023-06-28,141,149,135,1,41.13,1,9100,1,0.136,,0
C02648,Postpaid,09/01/2014,2023-05-24,70,66,71,2,23.38,0,1740,0,0.161,,0
C01303,Prepaid,2016-02-08,2023-05-14,17,19,18,0,,0,3000,0,0.173,,0
C04305,Prepaid,2015-10-02,2023-06-26,62,54,54,0,,0,4600,0,0.102,,0
C02697,postpaid,2017-10-03,2023-06-05,110,113,124,0,39.15,0,1000,1,0.0,,0
C01947,Postpaid,30/06/2017,2023-06-25,68,64,64,0,16.93,1,1300,0,0.26,,0
C01397,Prepaid,2020-01-08,2023-04-06,13,11,0,1,,0,1890,1,0.235,,1
C02753,Postpaid,2015-03-14,2023-05-12,156,100,4,5,28.85,1,3000,1,0.173,2023-06-07,1
C02836,Postpaid,2020-08-19,2023-06-05,100,111,105,1,45.07,1,4600,0,0.102,,0
C03528,PREPAID,2016-07-09,2023-06-11,228,240,225,0,,0,2190,0,0.143,,0
C04829,Prepaid,2017-08-23,2023-05-16,13,15,14,1,,0,3000,0,0.173,,0
C04907,Prepaid,2023-04-14,2023-05-31,791,466,24,2,,0,3000,0,0.173,,1
C01520,Postpaid,2022-03-21,2023-06-29,490,543,495,0,70.52,1,2150,1,0.094,,0
C00660,Postpaid,2014-01-23,2023-06-06,320,282,261,0,46.13,1,1740,0,0.161,,0
C02785,postpaid,2018-05-31,2023-06-03,1645,1691,1741,1,156.56,0,3070,0,0.25,,0
C04587,Prepaid,2015-12-03,2023-06-18,34,-178,33,1,,0,6250,0,0.133,,0
C02719,Postpaid,2021-06-03,2023-06-12,110,111,114,1,29.96,1,4500,0,0.286,,0
C02710,Postpaid,2015-04-27,2023-05-21,102,84,5,3,29.46,0,6430,1,0.188,2023-06-04,1
C01717,Prepaid,2014-06-01,2023-06-21,48,44,47,0,,0,4390,0,0.071,,0
C00528,Postpaid,2016-07-19,2023-06-08,1021,1130,1018,2,119.51,0,1610,0,0.0,,0
C01062,Postpaid,2019-09-14,2023-06-17,87,89,97,0,31.66,0,3540,0,0.091,,0
C03974,Prepaid,2017-02-01,2023-06-16,33,31,33,1,,0,1700,1,0.342,,0
C04128,Postpaid,2022-05-27,2023-05-29,189,113,6,3,34.36,1,8360,1,0.1,2023-06-06,1
C02742,Postpaid,2019-02-05,2023-06-03,73,66,62,1,38.45,1,9160,0,0.153,2024-12-02,0
C01193,Postpaid,2022-03-03,2023-05-20,231,198,8,4,45.76,0,1010,0,0.333,2023-06-12,1
C04763,Postpaid,2017-10-15,2023-05-15,326,371,346,1,,0,2670,0,0.086,,0
C04099,Postpaid,2021-10-04,2023-05-11,12,13,13,0,32.64,1,9160,0,0.153,,0
C00582,Postpaid,2017-08-05,2023-06-09,352,395,397,0,66.65,0,2670,0,0.086,,0
C04675,Postpaid,2020-11-26,2023-06-22,624,562,587,1,69.12,0,1890,0,0.235,,0
C03516,Postpaid,2021-02-15,2023-05-29,76,84,80,0,26.06,0,6900,0,0.205,,0
C01401,Prepaid,2021-05-25,2023-06-03,55,62,58,1,,0,9770,0,0.083,,0
C00656,Postpaid,2014-09-02,2023-06-28,284,294,318,1,59.8,0,1300,1,0.26,,0
C02937,Postpaid,2016-05-04,2023-06-15,1008,878,907,0,94.24,1,3490,0,0.0,,0
C01461,Prepaid,2018-07-28,2023-05-16,105,100,103,1,,0,4120,0,0.125,,0
C03817,Postpaid,2015-03-14,2023-06-13,65,74,68,0,21.5,1,8000,0,0.211,,0
C03762,Postpaid,2020-09-17,2023-06-12,51,53,48,0,34.3,0,4600,0,0.102,,0
C03989,Prepaid,2015-10-28,2023-06-11,247,214,211,2,,0,1700,1,0.342,,0
C04765,Postpaid,2022-06-27,2023-06-17,213,208,216,0,40.72,1,4510,0,0.0,,0
C01219,Postpaid,2015-10-09,2023-06-25,510,495,513,0,65.43,0,6900,0,0.205,,0
C02483,Postpaid,2021-05-12,2023-04-15,455,321,7,6,53.84,0, 9940,1,0.214,2023-06-18,1
C01741,Prepaid,2014-03-18,2023-06-30,175,174,165,0,,0,3000,0,0.173,,0
C00675,Prepaid,2018-02-18,2023-04-10,52,49,1,4,,0,3000,1,0.173,,1
C04923,Postpaid,2016-08-15,2023-06-09,42,47,47,2,34.14,0,4560,0,0.0,,0
C02518,Prepaid,2015-02-14,2023-06-07,74,76,70,0,,0,4200,0,0.0,,0
C04485,Postpaid,2015-02-08,2023-06-04,36,34,34,0,39.19,1,6900,0,0.205,,0
C01559,Postpaid,2022-06-06,2023-06-07,65,61,64,1,35.8,0,3990,0,0.4,2024-11-22,0
C01304,Postpaid,2016-08-12,2023-05-13,371,318,316,1,42.54,0,9100,0,0.136,,0
C03599,Postpaid,08/12/2022,2023-05-07,127,121,130,1,30.67,1,LEU-3000,0,0.173,,0
C01428,Postpaid,2018-12-13,2023-06-02,33,34,35,1,39.35,0,3001,1,0.0,,0
C03013,Postpaid,2018-09-01,2023-05-03,206,207,226,1,40.5,1,3000,0,0.173,,0
C04826,Postpaid,2021-12-23,2023-06-06,568,508,500,2,69.11,0,3930,0,0.571,2025-06-10,0
C01145,Prepaid,2016-07-12,2023-06-15,142,134,125,1,,0,1300,0,0.26,,0
C02691,Postpaid,2015-05-15,2023-05-31,182,172,177,1,36.94,1,3250,0,0.062,2023-09-19,0
C01626,Postpaid,2022-07-08,2023-06-04,335,293,267,3,53.41,2,2600,0,0.231,,0
C01135,Postpaid,2018-05-20,2023-06-01,1026,1162,1074,0,,0,9160,0,0.153,,0
C00782,Postpaid,2018-05-13,2023-05-13,1422,1376,1300,0,132.57,1,1090,0,0.133,,0
C04181,Postpaid,2019-04-16,2023-05-17,111,125,119,3,39.67,0,4200,0,0.0,,0
C00328,Prepaid,2020-07-05,2023-06-14,47,52,49,0,,0,3000,0,0.173,,0
C00953,Postpaid,2014-06-15,2023-05-30,336,366,336,1,60.94,0,3000 Leuven,1,0.173,,0
C01972,Postpaid,2018-12-20,2023-06-16,267,268,250,1,49.25,0,3000 Leuven,0,0.173,,0
C00912,Postpaid,2017-03-20,2023-06-08,126,115,106,0,41.88,0,7310,1,0.111,,0
C00128,Postpaid,17/01/2018,2023-06-24,315,356,362,0,58.71,0,1300,0,0.26,,0
C00044,Prepaid,2022-06-26,2023-06-26,55,57,59,2,,0,1020,0,0.235,,0
C04597,Postpaid,2020-11-22,2023-06-14,298,323,350,1,56.66,1,2150,0,0.094,2023-10-15,0
C02193,Postpaid,2016-05-01,2023-06-20,33,33,34,0,33.27,0,9160,0,0.153,,0
C03204,Prepaid,2018-10-07,2023-06-03,26,14,0,5,,0,9770,1,0.083,,1
C03621,Prepaid,2017-01-06,2023-06-12,81,89,89,0,,0,5600,0,0.143,,0
C04918,Postpaid,2015-09-10,2023-04-19,512,497,4,0,61.68,1,6900,1,0.205,2023-06-22,1
C02722,Postpaid,2020-02-23,2023-05-23,154,135,146,0,38.62,1,1500,0,0.0,,0
C01544,Postpaid,2020-12-04,2023-06-22,153,170,179,1,39.34,0,9110,0,0.0,,0
C04231,Postpaid,2021-05-19,2023-06-07,349,358,325,1,47.29,1,3000 Leuven,0,0.173,2025-05-16,0
C04321,Prepaid,2014-09-29,2023-05-19,89,96,102,1,,0,6870,0,0.28,,0
C00471,Postpaid,2021-01-14,2023-06-12,145,135,146,1,44.02,0,3160,1,0.0,,0
C01593,Postpaid,2020-12-14,2023-06-08,1623,1712,1557,1,147.44,0,6620,0,0.118,,0
C04927,Prepaid,2021-03-11,2023-06-10,45,43,39,1,,0,3000,0,0.173,,0
C00453,Prepaid,2014-07-03,2023-06-24,62,54,55,2,,0,LEU-3000,0,0.173,,0
C03650,Prepaid,2022-10-01,2023-06-20,343,343,353,2,,0,9160,0,0.153,,0
C00854,Postpaid,2018-09-05,2023-06-07,276,269,288,1,53.13,1,5550,0,0.2,2025-04-19,0
C02168,Postpaid,2014-05-28,2023-04-17,244,228,4,1,47.91,0,6960,0,0.359,2023-06-24,1
C01885,Postpaid,2020-02-07,2023-05-17,155,175,160,1,43.71,0,1700,0,0.342,,0
C03384,Postpaid,2023-02-21,2023-06-01,64,50,3,0,28.03,1,9540,1,0.2,2023-06-06,1
C00063,Postpaid,2023-01-25,2023-05-17,181,158,146,1,39.7,0,3460,0,0.0,,0
C00058,Prepaid,2021-03-19,2023-06-12,57,61,56,1,,0,1740,0,0.161,,0
C04066,Prepaid,2016-07-12,2023-06-03,34,39,38,1,,0,6470,0,0.214,,0
C04802,Prepaid,2022-01-18,2023-05-25,65,50,1,1,,0,LEU-3000,1,0.173,,1
C00595,Postpaid,2018-11-02,2023-06-13,86,78,79,1,34.92,0,9100,0,0.136,,0
C00598,Postpaid,2016-04-14,2023-06-02,100,112,118,2,41.87,0,5080,0,0.583,2024-11-05,0
C00959,Postpaid,2019-04-16,2023-06-30,192,202,207,1,38.49,0,5700,0,0.273,,0
C00850,Prepaid,2014-11-09,2023-05-19,159,179,173,0,,0,7970,0,0.125,,0
C03206,Prepaid,2014-06-11,2023-06-25,67,66,66,0,,0,3900,0,0.143,,0
C00876,Postpaid,2020-04-22,2023-06-03,2958,2995,2748,0,247.96,0,9160,0,0.153,,0
C03070,Postpaid,2015-12-26,2023-06-02,137,133,121,1,31.54,0,1070,0,0.2,,0
C03916,Postpaid,2019-09-01,2023-05-16,142,124,130,0,27.23,0,6860,0,0.278,,0
C02053,Postpaid,2014-09-07,2023-06-24,208,189,198,1,41.85,0,9100,0,0.136,,0
C03568,Prepaid,2016-01-01,2023-04-14,19,14,1,2,,0,9100,1,0.136,,1
C03824,Postpaid,2023-02-13,2023-06-18,178,173,183,2,35.66,0,9100,0,0.136,,0
C03027,postpaid,2016-03-07,2023-06-24,191,175,159,0,39.16,0,LEU-3000,0,0.173,,0
C04566,Prepaid,2019-05-03,2023-06-26,400,380,374,0,,0,3000,0,0.173,,0
C03892,Postpaid,2020-12-06,2023-06-29,246,234,219,0,,1,1700,0,0.342,,0
C04441,Postpaid,2022-11-13,2023-06-13,380,421,462,1,53.52,0,5290,0,0.171,,0
C01522,Prepaid,2017-10-02,2023-06-16,436,442,426,1,,0,8800,0,0.231,,0
C04360,Postpaid,2019-05-30,2023-06-14,655,676,612,1,84.68,0,1090,0,0.133,,0
C00478,Postpaid,2023-01-16,2023-06-17,140,130,132,3,27.66,0,3001,0,0.0,,0
C03793,Postpaid,2021-08-27,2023-06-30,207,224,217,1,38.48,0,6960,0,0.359,2024-09-01,0
C03903,Postpaid,2015-11-10,2023-04-12,161,120,5,3,38.47,0,9100,1,0.136,2023-06-06,1
C02120,Prepaid,2017-04-26,2023-06-09,79,72,67,0,,0,3000,0,0.173,,0
C01591,Prepaid,2015-07-10,2023-06-29,84,75,75,2,,0,3000,0,0.173,,0
C04065,Postpaid,2017-01-21,2023-06-15,278,312,338,1,57.93,0,2520,0,0.286,,0
C04303,Postpaid,2017-05-09,2023-06-23,1032,1045,1147,1,104.48,0,6620,0,0.118,,0
C03973,Postpaid,2016-10-01,2023-06-02,146,130,133,0,36.29,1,2150,0,0.094,,0
C02638,Prepaid,2023-01-31,2023-06-25,396,340,331,0,,0,4750,0,0.25,,0
C04982,Postpaid,2018-12-27,2023-05-07,56,61,60,0,37.76,0,3000,0,0.173,,0
C01753,Prepaid,2020-12-12,2023-06-12,294,302,290,0,,0,2260,0,0.35,,0
C04585,Postpaid,2017-03-27,2023-06-03,293,282,277,0,56.54,0,9160,0,0.153,,0
C01545,Prepaid,2023-03-19,2023-04-17,22,11,0,1,,0,5350,1,0.214,,1
C01755,Postpaid,2018-03-18,2023-06-19,183,191,175,4,41.17,1,9860,0,0.132,,0
C02874,Postpaid,2015-01-21,2023-06-11,596,526,523,0,73.84,1,2300,0,0.067,,0
C02917,Postpaid,2017-02-03,2023-05-14,183,155,149,0,43.73,0,9160,0,0.153,,0
C03722,Prepaid,2018-07-11,2023-06-20,217,188,177,0,,0,9100,0,0.136,,0
C00612,Prepaid,2014-10-20,2023-06-24,18,18,19,2,,0,9160,0,0.153,,0
C00160,Postpaid,2015-08-09,2023-06-04,418,356,3,2,53.62,0,4800,1,0.4,2023-06-16,1
C00927,Postpaid,2015-01-11,2023-06-11,444,466,490,2,61.84,0,9160,0,0.153,,0
C03898,Postpaid,2016-09-06,2023-06-28,675,673,703,3,77.47,0,3000,0,0.173,,0
C03237,Prepaid,2014-09-22,2023-06-13,54,53,52,2,,0,9160,0,0.153,,0
C04807,Postpaid,2023-03-22,2023-05-28,142,157,157,1,34.79,0,3660,0,0.235,2024-06-09,0
C01948,Postpaid,2021-02-18,2023-05-09,68,52,1,2,35.69,3,3660,0,0.235,2023-06-28,1
C00708,Postpaid,2021-10-31,2023-05-15,254,179,1,4,44.33,0,1300,1,0.26,2023-06-26,1
C02373,Postpaid,2019-01-02,2023-04-19,107,57,3,2,36.1,3,1200,1,0.116,2023-06-27,1
C01997,Prepaid,2018-08-15,2023-06-28,299,317,333,1,,0,9160,0,0.153,,0
C01607,Postpaid,2022-03-16,2023-06-06,93,95,93,0,32.21,0,9160,0,0.153,,0
C00765,Postpaid,2015-10-09,2023-06-01,110,96,90,2,37.17,1,9160,1,0.153,,0
C02005,Prepaid,2017-07-03,2023-06-16,177,186,169,1,,0,9100,0,0.136,,0
C03247,Prepaid,2019-10-08,2023-05-30,82,79,75,0,,0,9160,0,0.153,,0
C03031,Postpaid,2015-07-10,2023-06-21,60,69,63,1,33.84,0,LEU-3000,0,0.173,,0
C01285,Prepaid,2019-03-16,2023-06-26,28,27,26,1,,0,9160,0,0.153,,0
C02415,Postpaid,2018-01-13,2023-06-23,86,93,100,1,29.81,0,3660,0,0.235,,0
C02505,Postpaid,2020-04-22,2023-05-03,154,117,6,3,36.15,1,7980,1,0.222,2023-06-05,1
C01255,Postpaid,2018-09-30,2023-06-24,117,103,104,4,37.51,0,3000,0,0.173,,0
C01554,Prepaid,2023-01-22,2023-04-12,30,25,0,0,,0,1270,1,0.167,,1
C01701,Postpaid,2015-08-01,2023-06-16,108,99,105,3,31.42,2,4600,0,0.102,2025-01-08,0
C00756,Postpaid,2016-04-20,2023-04-26,177,179,6,2,37.49,0,5290,1,0.171,2023-06-18,1
C02616,Postpaid,2019-01-04,2023-06-06,142,136,140,0,36.79,0,6470,0,0.214,,0
C00521,Postpaid,2021-08-24,2023-06-28,5104,4346,4242,0,347.52,2,7000,0,0.429,,0
C01886,Prepaid,2022-03-19,2023-06-27,59,63,67,1,,0,8360,1,0.1,,0
C03030,Prepaid,2015-06-21,2023-06-20,216,228,227,0,,0,6430,0,0.188,,0
C00143,Prepaid,2018-11-04,2023-06-21,79,85,77,1,,0,1700,0,0.342,,0
C00156,Postpaid,2022-04-08,2023-06-08,185,213,212,1,40.78,0,2240,0,0.091,,0
C01287,Postpaid,2019-06-20,2023-05-09,69,76,76,0,30.33,0,1070,0,0.2,,0
C00644,Postpaid,2015-11-30,2023-06-21,176,199,198,2,46.34,0,3310,1,0.182,,0
C02553,Postpaid,2020-08-13,2023-06-20,125,132,142,3,38.14,0,2670,0,0.086,,0
C00489,Postpaid,2018-08-03,2023-06-03,439,439,443,0,51.77,1,1740,0,0.161,,0
C02186,Prepaid,2021-07-08,2023-05-25,186,199,199,0,,0,6960,0,0.359,,0
C01994,Postpaid,2019-10-20,2023-06-21,126,117,106,2,35.02,1,4740,0,0.5,,0
C03253,Postpaid,2016-11-08,2023-06-08,1538,-104,1549,1,136.48,0,7500,0,0.079,,0
C01379,Prepaid,2018-07-25,2023-06-07,47,47,51,2,,0, 3660,0,0.235,,0
C03437,Postpaid,2014-02-06,2023-06-13,106,101,93,0,28.69,1,9160,0,0.153,2025-07-12,0
C03687,Prepaid,2016-12-10,2023-06-10,61,58,52,0,,0,5610,0,0.2,,0
C00657,PREPAID,2022-12-17,2023-05-04,60,40,1,2,,0,6900,1,0.205,,1
C01302,Postpaid,2018-04-23,2023-06-01,257,226,241,2,45.45,1,2400,0,0.3,,0
C01848,Prepaid,2019-12-22,2023-06-03,190,182,182,0,,0,1700,0,0.342,,0
C01661,Prepaid,2017-07-19,2023-06-13,49,50,49,0,,0,6900,0,0.205,,0
C02756,Postpaid,2018-09-04,2023-05-09,346,315,300,0,55.99,0,9100,0,0.136,,0
C01909,Postpaid,2016-04-06,2023-06-07,111,109,100,3,25.54,1,9100,0,0.136,,0
C00809,Postpaid,2018-07-14,2023-06-05,179,177,175,1,39.07,0,3001,0,0.0,,0
C00385,Postpaid,2016-07-26,2023-06-23,40,34,34,1,29.11,1,9160,0,0.153,2025-03-13,0
C00372,Postpaid,17/11/2022,2023-06-23,190,212,233,1,43.06,0,4600,0,0.102,,0
C00530,Prepaid,2016-09-28,2023-05-10,41,39,37,2,,0,1510,0,0.357,,0
C04073,Postpaid,2017-10-26,2023-06-17,151,141,138,0,37.38,2,9100,0,0.136,,0
C01429,Prepaid,2016-03-18,2023-06-22,82,79,83,0,,0,3800,0,0.083,,0
C02549,Postpaid,2023-02-19,2023-06-01,167,172,188,1,44.01,0,9100,0,0.136,,0
C04009,Prepaid,2018-04-10,2023-06-18,77,66,72,1,,0,9160,0,0.153,,0
C03779,Postpaid,2023-01-10,2023-06-18,62,65,60,1,31.88,0,3000,0,0.173,,0
C00393,Postpaid,2017-01-02,2023-06-07,377,404,439,2,67.87,1,5490,0,0.118,,0
C01578,Postpaid,2015-04-28,2023-06-17,877,885,964,1,108.9,0,LEU-3000,0,0.173,,0
C03674,Postpaid,2017-07-27,2023-06-23,392,356,351,0,52.92,0,3000,0,0.173,,0
C04994,Postpaid,2015-03-20,2023-06-28,207,221,240,0,49.63,0,3000 Leuven,0,0.173,,0
C00006,Postpaid,2019-06-10,2023-06-30,125,109,108,0,33.17,0,4200,0,0.0,,0
C04777,Postpaid,2022-12-10,2023-05-02,101,95,2,5,31.51,0,2150,0,0.094,2023-06-09,1
C02191,Postpaid,2018-11-01,2023-06-16,136,146,151,1,35.32,0,1670,0,0.125,,0
C03139,Postpaid,2018-02-27,2023-06-12,223,239,216,1,52.66,0,3000,0,0.173,,0
C01928,Prepaid,2023-02-14,2023-06-19,67,67,61,0,,0,3130,1,0.1,,0
C03039,Postpaid,2017-03-14,2023-06-08,114,106,96,1,33.44,0,3010,0,0.0,,0
C03164,Postpaid,2022-08-05,2023-05-28,63,58,0,0,33.75,2,5260,0,0.111,2023-06-26,1
C03180,Prepaid,2021-06-05,2023-04-04,15,10,1,0,,0,2670,1,0.086,,1
C04340,Prepaid,2022-07-24,2023-06-01,377,358,360,3,,0,9160,0,0.153,,0
C00467,Postpaid,2014-05-13,2023-06-11,192,-130,197,0,29.68,0,2600,1,0.231,,0
C01294,Postpaid,2014-11-02,2023-06-27,583,581,570,1,67.85,0,1050,0,0.278,,0
C04227,Postpaid,2019-05-25,2023-06-21,330,329,335,1,56.66,0,1560,0,0.0,,0
C02126,Prepaid,2017-11-06,2023-06-28,161,139,129,0,,0,2670,0,0.086,,0
C00996,Postpaid,2017-12-06,2023-06-25,528,550,542,0,60.6,0,2670,0,0.086,,0
C02333,Postpaid,2020-05-02,2023-06-27,126,113,108,0,49.38,0,4600,0,0.102,,0
C03514,Postpaid,2015-09-27,2023-06-03,140,130,126,2,37.1,0,6960,0,0.359,,0
C03099,Postpaid,30/06/2021,2023-06-14,57,52,57,1,26.18,1,2670,0,0.086,,0
C04755,Postpaid,2019-12-26,2023-06-14,458,401,423,1,68.02,0,8820,0,0.4,,0
C02772,Postpaid,2015-08-17,2023-06-10,131,149,144,0,35.8,0,3000,0,0.173,,0
C04986,Postpaid,2022-03-11,2023-04-07,73,62,2,2,,0,9740,1,0.174,2023-06-12,1
C04697,Postpaid,2020-06-23,2023-05-03,191,173,188,0,45.33,1,1300,0,0.26,,0
C04433,Prepaid,2021-01-12,2023-06-27,55,61,58,0,,0,1700,0,0.342,,0
C02336,Postpaid,2014-09-15,2023-06-12,223,199,186,0,38.98,0,9230,0,0.389,,0
C00371,Postpaid,2020-11-01,2023-06-20,161,182,175,0,36.79,0,1700,0,0.342,2024-09-14,0
C01128,Postpaid,2017-07-11,2023-06-10,334,328,298,0,44.18,1,9100,0,0.136,,0
C02959,Prepaid,2016-04-22,2023-04-28,33,18,0,3,,0,7000,0,0.429,,1
C00283,Prepaid,2015-11-27,2023-06-06,55,51,48,1,,0,9160,0,0.153,,0
C02538,Postpaid,2016-08-22,2023-06-17,43,42,43,1,28.38,0,5350,0,0.214,,0
C00338,Prepaid,2020-09-26,2023-06-08,21,21,22,0,,0,1200,0,0.116,,0
C01403,Postpaid,2019-01-19,2023-06-17,30,31,34,1,34.4,0,2670,0,0.086,,0
C03947,Postpaid,2017-06-04,2023-06-24,113,97,92,0,21.82,2,4600,0,0.102,,0
C01452,Prepaid,2022-02-08,2023-05-12,124,136,140,2,,0,3000,0,0.173,,0
C04505,Postpaid,2021-07-28,2023-06-16,384,403,399,0,51.5,1,3000,0,0.173,,0
C04622,Postpaid,07/09/2019,2023-06-12,177,186,186,1,42.61,1,6860,0,0.278,,0
C04287,Postpaid,2015-09-16,2023-06-26,1829,2056,2036,0,190.71,0,3290,0,0.143,,0
C01029,postpaid,2016-11-24,2023-06-26,88,93,89,1,28.27,0,1300,0,0.26,,0
C00134,Postpaid,2014-03-19,2023-06-06,50,49,47,2,27.1,1,3500,0,0.0,,0
C01134,Postpaid,2016-01-31,2023-06-11,232,254,276,1,44.23,0,1500,0,0.0,,0
C00586,Postpaid,2022-08-02,2023-04-09,204,126,3,1,36.9,0,1200,0,0.116,2023-06-22,1
C04704,Postpaid,2018-01-16,2023-05-13,25,26,27,1,33.52,0,9160,0,0.153,,0
C03511,Postpaid,2014-08-16,2023-06-28,163,176,190,1,28.93,1,9100,0,0.136,2025-03-14,0
C01921,Postpaid,2023-02-01,2023-06-27,56,57,55,0,29.98,0,8330,0,0.125,,0
C03773,Prepaid,2017-03-10,2023-06-25,44,48,48,2,,0,3660,0,0.235,,0
C01476,PREPAID,2018-11-10,2023-06-18,163,186,196,1,,0,5350,0,0.214,,0
C00112,Postpaid,2014-01-28,2023-05-10,149,138,140,0,39.76,0,9100,0,0.136,,0
C02176,Prepaid,2015-01-31,2023-06-29,44,47,44,1,,0,3000,0,0.173,,0
C00161,Postpaid,2019-03-07,2023-05-17,293,187,9,1,29.38,1,1700,1,0.342,2023-06-28,1
C02961,Postpaid,2015-02-15,2023-06-15,854,803,743,5,92.52,0,3000,0,0.173,,0
C00237,Postpaid,2016-12-10,2023-06-04,156,146,144,1,43.26,1,6960,0,0.359,,0
C00821,Postpaid,2021-06-09,2023-06-20,162,149,145,0,25.67,2,3000 Leuven,0,0.173,,0
C03835,Prepaid,2020-07-08,2023-06-01,93,91,3,1,,0,1890,0,0.235,,1
C04808,Postpaid,2020-08-30,2023-05-25,278,253,277,2,41.41,0,6870,0,0.28,2024-03-27,0
C02670,Postpaid,2019-09-08,2023-06-07,302,330,358,3,54.48,0,3740,0,0.129,,0
C04641,Postpaid,2017-04-07,2023-06-02,250,217,236,2,39.91,1,2670,0,0.086,,0
C04484,Postpaid,05/12/2020,2023-05-02,473,270,12,0,51.26,0,5600,0,0.143,2023-06-19,1
C04457,Prepaid,2019-07-14,2023-06-03,49,55,54,1,,0,4280,0,0.0,,0
C01278,Postpaid,2020-06-27,2023-06-27,130,144,154,0,41.11,0,2520,0,0.286,,0
C01973,Prepaid,2021-02-08,2023-06-15,32,37,40,1,,0,1700,0,0.342,,0
C02421,Postpaid,2014-07-16,2023-05-25,536,524,560,1,55.68,0,9100,0,0.136,,0
C01013,Prepaid,2020-10-18,2023-06-14,103,101,95,0,,0,6430,0,0.188,,0
C04737,Postpaid,2021-11-18,2023-06-29,738,789,714,1,88.32,0,2670,0,0.086,,0
C03046,Prepaid,2016-06-08,2023-06-16,965,975,954,0,,0,6380,0,0.167,,0
C03009,Postpaid,2021-10-04,2023-06-25,988,891,845,0,92.26,1,9160,0,0.153,,0
C03596,Postpaid,2017-02-25,2023-06-02,379,416,447,0,66.19,0,6900,0,0.205,,0
C00273,Postpaid,2015-08-24,2023-06-16,252,222,211,1,47.45,0,1740,0,0.161,,0
C03331,Postpaid,2017-09-29,2023-05-01,248,216,8,5,36.15,0,7180,0,0.143,2023-06-29,1
C03870,Postpaid,2017-04-20,2023-05-06,1102,791,28,1,82.8,1,2190,1,0.143,2023-06-04,1
C01156,Prepaid,2015-06-14,2023-06-20,46,47,44,0,,0,8330,0,0.125,,0
C00697,Postpaid,2017-04-05,2023-06-01,323,285,305,2,57.57,0,9100,0,0.136,,0
C02958,Postpaid,2021-06-15,2023-05-08,128,93,4,0,39.93,1,5080,1,0.583,2023-06-18,1
C00072,Postpaid,2015-03-19,2023-06-03,430,447,473,4,62.48,0,6000,0,0.182,,0
C04258,Postpaid,2019-10-05,2023-06-09,188,169,181,1,35.79,0,1700,0,0.342,2024-05-20,0
C03915,Postpaid,2015-06-24,2023-05-18,346,326,310,1,36.77,0,9100,0,0.136,,0
C03856,Postpaid,2017-03-23,2023-06-14,541,516,469,2,,1,4600,0,0.102,,0
C02165,Prepaid,2022-04-15,2023-06-27,259,222,210,2,,0,7180,0,0.143,,0
C00045,Postpaid,2023-02-08,2023-06-23,1238,1224,1277,1,128.69,0,3900,0,0.143,,0
C01348,postpaid,2014-02-23,2023-06-21,647,690,660,1,88.7,1,1270,0,0.167,,0
C00103,Postpaid,2022-11-27,2023-06-20,552,596,617,1,81.13,1,9130,0,0.0,,0
C00102,Postpaid,2022-01-26,2023-06-21,217,218,220,1,41.12,0,3000,0,0.173,,0
C03172,Prepaid,2014-06-02,2023-05-22,79,63,2,1,,0,8990,1,0.5,,1
C04263,PREPAID,2023-03-19,2023-04-20,39,30,1,2,,0,7190,0,0.429,,1
C00461,Prepaid,2021-09-24,2023-06-16,151,133,123,1,,0,1020,0,0.235,,0
C00091,Postpaid,2023-03-12,2023-05-17,64,63,2,3,35.54,1,6960,1,0.359,2023-06-14,1
C03150,Postpaid,2020-08-03,2023-04-18,131,129,5,2,37.3,1,3250,1,0.062,2023-06-01,1
C03520,Prepaid,2022-08-22,2023-06-20,114,101,91,0,,0,9160,0,0.153,,0
C03877,Prepaid,2019-12-10,2023-06-16,162,185,177,0,,0,1700,1,0.342,,0
C04673,Postpaid,2018-10-05,2023-06-26,91,80,74,1,32.01,0,5290,0,0.171,2023-10-05,0
C00557,Postpaid,2021-03-25,2023-06-27,150,128,138,1,34.92,0,9160,0,0.153,2024-10-26,0
C01629,Postpaid,2014-11-21,2023-04-08,123,69,3,3,39.22,0,9160,1,0.153,2023-06-12,1
C00643,Prepaid,2020-05-23,2023-06-14,86,93,88,0,,0,9160,0,0.153,,0
C03202,postpaid,2019-02-01,2023-06-04,269,275,259,0,60.14,1,6860,0,0.278,,0
C00113,Prepaid,2016-06-02,2023-06-04,129,138,148,1,,0,1830,0,0.6,,0
C01830,Postpaid,2019-07-04,2023-06-21,351,321,291,0,46.16,2,5350,0,0.214,2024-01-27,0
C00459,Postpaid,2022-01-01,2023-05-26,399,432,424,1,54.59,0,1300,1,0.26,,0
C02966,Prepaid,2022-07-07,2023-06-09,19,19,17,2,,0,4600,0,0.102,,0
C02949,Postpaid,2022-03-16,2023-06-22,60,66,70,0,29.34,1,4370,0,0.074,,0
C03711,Prepaid,2018-08-04,2023-06-27,66,62,56,2,,0,3740,0,0.129,,0
C01190,Postpaid,2015-08-03,2023-06-14,56,53,51,0,29.84,0,3000,0,0.173,,0
C04933,Prepaid,2022-09-16,2023-05-15,54,56,1,2,,0,6900,0,0.205,,1
C00585,Prepaid,2017-02-10,2023-06-02,105,111,109,1,,0,3980,1,0.222,,0
C01651,Prepaid,2021-08-02,2023-06-12,73,66,66,0,,0,9100,0,0.136,,0
C03390,Prepaid,2021-02-16,2023-06-28,725,745,788,0,,0,3660,0,0.235,,0
C01032,Prepaid,2020-12-26,2023-05-10,278,310,297,0,,0,4180,0,0.167,,0
C01471,postpaid,20/07/2022,2023-06-16,291,292,283,0,,0,1200,0,0.116,,0
C02451,Prepaid,2021-09-14,2023-06-14,74,85,87,1,,0,7180,0,0.143,,0
C00243,Postpaid,2020-10-20,2023-06-15,167,190,196,1,38.51,0,1300,0,0.26,,0
C02835,Postpaid,2018-09-17,2023-05-25,106,113,107,2,29.74,0,9860,0,0.132,2024-04-29,0
C00313,Postpaid,2022-11-23,2023-05-08,30,24,1,0,23.43,1,9160,1,0.153,2023-06-02,1
C01133,Postpaid,2014-06-22,2023-06-30,455,508,468,1,59.24,0,1300,0,0.26,,0
C04423,Prepaid,2017-10-31,2023-05-28,103,111,101,2,,0,7980,0,0.222,,0
C00738,Postpaid,2021-04-10,2023-06-15,38,37,38,0,28.93,1,8000,0,0.211,,0
C02620,postpaid,2022-07-08,2023-06-28,484,457,481,0,68.68,0,5870,0,0.167,,0
C02651,Postpaid,2017-12-07,2023-04-17,500,319,11,4,,0,9160,1,0.153,2023-06-18,1
C03908,Postpaid,2021-01-21,2023-06-19,659,715,663,1,95.7,1,1700,0,0.342,,0
C04081,Postpaid,2015-12-01,2023-06-07,564,589,579,1,76.89,0,8760,0,0.2,,0
C02706,Prepaid,2020-05-28,2023-06-04,109,97,106,0,,0,9160,0,0.153,,0
C01849,Postpaid,2022-05-12,2023-06-08,175,190,178,2,45.7,0,9160,1,0.153,2025-06-17,0
C01555,Prepaid,2014-07-31,2023-06-25,69,68,66,2,,0,3001,0,0.0,,0
C03940,Prepaid,2016-07-08,2023-06-25,19,22,20,0,,0,4370,0,0.074,,0
C00733,Prepaid,2016-01-10,2023-05-23,113,115,111,2,,0,2670,1,0.086,,0
C03630,Prepaid,2019-04-08,2023-06-20,579,518,500,1,,0,4180,0,0.167,,0
C04961,Postpaid,2020-08-08,2023-06-21,120,130,119,1,45.37,0,8980,0,0.125,,0
C01836,Postpaid,2020-07-12,2023-06-28,106,97,103,2,37.29,0,4390,0,0.071,,0
C04655,Prepaid,2023-02-13,2023-05-08,154,151,1,2,,0,9100,1,0.136,,1
C02718,Postpaid,2023-03-10,2023-05-03,841,769,42,1,77.51,0,4800,1,0.4,2023-06-08,1
C01325,Prepaid,2016-04-20,2023-04-30,31,32,1,4,,0,3510,1,0.125,,1
C04046,Postpaid,2014-05-05,2023-06-27,182,202,207,4,42.57,0,7480,0,0.167,,0
C02555,Prepaid,2016-05-18,2023-06-02,131,118,120,0,,0,2670,0,0.086,,0
C02875,Prepaid,2020-08-30,2023-06-18,97,109,111,1,,0, 1740,0,0.161,,0
C00921,Prepaid,2020-10-27,2023-06-21,161,185,183,0,,0,8980,0,0.125,,0
C02311,Postpaid,2016-12-28,2023-05-10,469,411,401,1,52.15,1,9100,0,0.136,,0
C03918,Prepaid,2020-01-26,2023-06-27,68,74,76,1,,0,7500,0,0.079,,0
C03427,Prepaid,2015-10-03,2023-06-01,79,3333,68,0,,0,5940,0,0.444,,0
C04138,Postpaid,2014-01-09,2023-06-02,327,171,10,2,35.28,0, 3000,0,0.173,2023-06-24,1
C00324,Postpaid,2014-03-04,2023-06-07,540,547,591,0,77.82,0,3070,0,0.25,,0
C01940,Prepaid,2020-01-26,2023-06-30,132,125,115,0,,0,4390,0,0.071,,0
C03583,Prepaid,2016-10-01,2023-06-18,262,277,262,0,,0,3000 Leuven,0,0.173,,0
C03314,Prepaid,2014-01-20,2023-06-01,54,51,48,1,,500,9100,0,0.136,,0
C04024,Postpaid,2015-02-16,2023-06-06,278,306,275,0,57.23,0,8400,1,0.125,,0
C01989,Postpaid,2017-04-13,2023-06-30,289,324,321,0,63.2,1,9160,0,0.153,2025-02-18,0
C02688,Postpaid,2015-09-20,2023-05-18,301,256,250,0,35.65,0,4380,0,0.125,,0
C00954,Prepaid,2014-09-16,2023-06-24,61,55,57,0,,0,9160,0,0.153,,0
C00852,Postpaid,2021-07-25,2023-06-19,84,73,68,0,37.43,0,8560,0,0.233,,0
C02842,Prepaid,2014-12-15,2023-06-11,40,38,39,1,,0,3000,0,0.173,,0
C01800,Postpaid,2022-05-05,2023-06-25,618,544,547,1,68.09,2,8310,0,0.175,,0
C01161,Postpaid,2018-09-27,2023-06-06,172,195,210,0,40.05,0,4390,0,0.071,,0
C04368,Postpaid,2018-05-31,2023-06-13,308,339,341,2,59.8,0,9100,0,0.136,,0
C01879,Postpaid,2017-03-22,2023-06-24,160,136,124,0,40.27,1,3600,0,0.0,2025-05-28,0
C03082,Prepaid,2019-11-02,2023-05-21,19,18,1,4,,0,4390,1,0.071,,1
C04951,Prepaid,2014-10-13,2023-06-05,270,306,330,1,,0,4390,0,0.071,,0
C03095,Prepaid,2021-10-01,2023-06-01,144,130,124,0,,0,7310,0,0.111,,0
C02972,Prepaid,2020-01-19,2023-06-16,18,19,20,1,,0,9160,0,0.153,,0
C00505,Postpaid,2021-09-16,2023-06-04,383,381,378,2,54.56,0,6960,0,0.359,,0
C00210,Postpaid,2018-07-31,2023-06-19,328,345,314,3,59.13,0,1740,0,0.161,,0
C01455,Postpaid,2017-10-09,2023-05-03,70,63,58,1,38.44,0,8290,0,0.0,,0
C04434,Prepaid,2016-12-11,2023-06-17,17,17,15,3,,0,9800,0,0.2,,0
C04844,Prepaid,2020-11-13,2023-06-02,158,170,156,1,,0,5000,0,0.222,,0
C00714,Postpaid,2021-12-07,2023-06-25,148,127,117,1,36.13,0,9160,0,0.153,,0
C02317,Prepaid,2017-01-14,2023-06-02,128,138,149,2,,0,9160,0,0.153,,0
C02255,Postpaid,2018-11-23,2023-06-02,96,91,89,1,30.82,0,9770,0,0.083,,0
C03457,Prepaid,2019-10-31,2023-06-10,71,82,80,0,,0,1300,0,0.26,,0
C04577,Prepaid,2019-11-13,2023-06-03,18,16,1,5,,0,2520,1,0.286,,1
C02639,Postpaid,2020-07-03,2023-06-03,372,365,336,0,44.06,0,3000,0,0.173,,0
C04096,Postpaid,2021-03-06,2023-06-14,434,494,521,0,69.42,0,9160,0,0.153,,0
C04689,Prepaid,2019-02-21,2023-04-17,100,103,0,2,,0,LEU-3000,0,0.173,,1
C00970,Prepaid,31/01/2014,2023-06-19,139,144,159,0,,0,3980,1,0.222,,0
C01355,Postpaid,2014-09-01,2023-06-28,147,138,135,1,40.0,0,3000 Leuven,0,0.173,,0
C03324,Postpaid,2023-03-01,2023-04-08,67,40,2,1,35.09,1,5350,1,0.214,2023-06-09,1
C04332,Postpaid,2020-08-31,2023-06-11,399,347,325,0,50.68,1,3660,0,0.235,2023-10-05,0
C01605,Postpaid,2022-03-31,2023-06-21,83,77,73,1,,0,2670,0,0.086,,0
C01042,Postpaid,2017-07-25,2023-06-20,127,121,123,0,46.83,1,9160,0,0.153,,0
C04037,Postpaid,2021-01-31,2023-06-28,830,910,954,2,79.59,0,9100,0,0.136,,0
C01188,Prepaid,2017-03-25,2023-06-22,328,358,393,0,,0,2400,0,0.3,,0
C02381,Postpaid,2019-02-25,2023-06-28,247,232,220,0,49.31,0,1700,0,0.342,2024-04-26,0
C03360,Postpaid,2021-04-20,2023-04-16,262,128,5,1,36.07,1,2520,1,0.286,2023-06-25,1
C01699,Postpaid,2017-10-07,2023-06-28,650,621,597,2,74.33,1,6000,0,0.182,,0
C00262,Prepaid,2021-02-14,2023-05-18,58,40,1,1,,0,2400,0,0.3,,1
C01720,Prepaid,2016-04-16,2023-05-30,27,23,1,0,,0,3000,1,0.173,,1
C00651,Postpaid,2018-08-10,2023-06-11,184,181,175,1,44.82,1,1180,0,0.0,,0
C00618,Prepaid,2022-04-09,2023-06-11,73,77,72,0,,0,1890,0,0.235,,0
C02290,Postpaid,2021-09-02,2023-05-30,118,106,104,0,38.41,0,2670,0,0.086,,0
C01137,Postpaid,2019-06-22,2023-06-26,310,312,298,1,55.4,0,4000,0,0.0,2025-07-05,0
C01963,Postpaid,2018-01-28,2023-06-12,304,289,300,1,56.34,0,3000,0,0.173,,0
C03738,Postpaid,2014-04-26,2023-06-25,187,163,160,2,36.51,0,6470,0,0.214,,0
C04691,Prepaid,2022-04-24,2023-06-01,17,16,16,0,,0,9160,0,0.153,,0
C00730,Prepaid,2019-09-09,2023-06-22,52,-178,49,1,,0,3000,0,0.173,,0
C00999,Postpaid,2021-01-21,2023-04-25,451,428,22,1,60.71,1,9100,0,0.136,2023-06-09,1
C03979,Postpaid,2021-01-14,2023-05-07,98,100,103,0,21.95,0,9160,0,0.153,,0
C01957,Postpaid,2021-01-28,2023-05-11,101,103,107,2,25.62,0,9160,0,0.153,,0
C02480,Prepaid,2015-03-31,2023-06-01,67,74,68,4,,0,2240,0,0.091,,0
C03594,Prepaid,2018-05-09,2023-06-19,605,548,558,0,,0,4380,0,0.125,,0
C00571,Postpaid,2020-12-08,2023-06-05,266,296,305,2,43.37,0,2170,0,0.0,,0
C02409,Postpaid,2022-07-16,2023-06-19,514,525,513,1,61.05,0,3000 Leuven,0,0.173,,0
C00769,Prepaid,2017-12-30,2023-04-22,33,32,2,1,,0,7170,0,0.2,,1
C02125,Postpaid,2015-10-18,2023-06-04,616,615,640,1,73.86,1,2670,0,0.086,,0
C04631,Prepaid,2014-03-25,2023-05-22,54,47,49,0,,0,1700,0,0.342,,0
C03846,Postpaid,2014-02-04,2023-05-22,180,188,169,1,37.43,1,9160,0,0.153,,0
C04874,Postpaid,2017-02-17,2023-06-24,202,201,217,0,38.09,0,7500,0,0.079,,0
C02564,Postpaid,2018-02-27,2023-06-27,347,356,343,0,49.92,0,5940,0,0.444,,0
C04373,Postpaid,2017-12-17,2023-05-29,143,160,172,3,42.25,1,9100,0,0.136,,0
C02521,Prepaid,2015-08-06,2023-04-30,22,17,0,3,,0,7000,1,0.429,,1
C04468,Postpaid,2022-05-20,2023-05-10,997,917,987,0,88.8,0,1740,0,0.161,2024-03-16,0
C03179,postpaid,2018-05-20,2023-06-14,253,241,263,1,41.72,0,9100,0,0.136,,0
C00615,Postpaid,2016-02-09,2023-06-14,163,168,171,0,33.48,0, 9160,0,0.153,,0
C02385,Postpaid,2017-07-30,2023-06-12,360,378,365,0,60.58,0,9100,0,0.136,,0
C01162,Postpaid,2022-01-17,2023-05-08,184,183,9,2,43.52,1,6380,1,0.167,2023-06-26,1
C00828,Prepaid,2016-01-06,2023-06-09,260,284,288,0,,0,2670,0,0.086,,0
C04672,Prepaid,2017-01-04,2023-05-30,37,34,34,0,,0,9100,0,0.136,,0
C02406,Postpaid,2018-08-27,2023-06-20,284,309,339,1,,1,6620,0,0.118,,0
C01250,Postpaid,2021-06-18,2023-06-13,54,57,58,0,23.71,0,1700,0,0.342,,0
C03751,Prepaid,2016-12-12,2023-05-16,51,42,0,0,,0,2230,1,0.421,,1
C00291,Prepaid,2014-06-21,2023-06-27,35,36,37,1,,0,9160,0,0.153,,0
C00227,Postpaid,2018-06-08,2023-06-24,778,726,698,0,83.75,0,3420,1,0.286,,0
C04939,Prepaid,2023-04-16,2023-06-16,47,47,49,0,,0,9160,0,0.153,,0
C00742,Postpaid,2019-12-27,2023-06-17,161,138,144,0,28.32,1,4390,0,0.071,2024-04-26,0
C04559,Postpaid,2014-01-11,2023-06-23,626,585,557,0,75.28,0,2670,0,0.086,,0
C01710,Postpaid,2020-07-29,2023-05-08,132,120,119,0,38.92,0,4600,0,0.102,,0
C02807,Postpaid,2018-11-09,2023-04-09,381,340,7,0,64.48,0,3000,0,0.173,2023-06-30,1
C00962,Postpaid,2016-05-17,2023-06-19,81,69,75,1,48.02,1,1050,0,0.278,,0
C02906,Postpaid,2020-07-23,2023-06-26,217,201,217,1,39.33,0,3660,0,0.235,,0
C02775,postpaid,2015-06-06,2023-06-06,184,199,184,0,42.29,0,2670,0,0.086,,0
C02476,Prepaid,2019-11-02,2023-04-15,129,135,5,2,,0,3000,1,0.173,,1
C00076,Postpaid,2019-06-24,2023-05-18,62,58,57,1,34.88,0,2670,0,0.086,,0
C03844,Prepaid,2014-05-21,2023-06-28,40,36,33,1,,0,7480,0,0.167,,0
C00412,postpaid,2020-05-13,2023-06-20,60,52,47,0,,0,1080,0,0.381,,0
C00402,Postpaid,2014-02-16,2023-06-08,25,23,24,1,20.27,0,8800,0,0.231,,0
C01829,Postpaid,2021-12-09,2023-06-11,1713,1554,1435,1,154.49,0,3480,0,0.1,,0
C04040,Postpaid,2020-02-23,2023-05-07,610,552,26,2,68.95,3,6430,0,0.188,2023-06-15,1
C04762,Postpaid,2019-12-28,2023-06-22,81,76,79,1,48.71,0,7970,0,0.125,,0
C04439,postpaid,2016-07-24,2023-06-29,354,338,324,1,47.57,1,5590,0,0.0,,0
C02230,Prepaid,2022-10-04,2023-06-02,96,54,0,0,,0,3660,1,0.235,,1
C01197,Postpaid,2021-02-14,2023-06-18,132,147,135,0,35.34,0,4370,0,0.074,,0
C03241,Postpaid,2023-03-14,2023-06-20,79,82,84,1,22.07,0, 9860,0,0.132,,0
C03085,Postpaid,2016-01-25,2023-06-23,79,67,64,1,34.85,0,2260,0,0.35,,0
C01692,Postpaid,2017-12-20,2023-06-02,29,31,31,0,31.19,0,2670,0,0.086,,0
C03965,Postpaid,2020-05-18,2023-06-29,426,442,483,0,58.27,0,6900,0,0.205,,0
C01745,Prepaid,2020-07-14,2023-06-02,207,156,7,4,,0,3000,1,0.173,,1
C00464,Postpaid,2014-05-08,2023-06-27,132,118,115,0,30.11,0,5550,0,0.2,,0
C01610,Postpaid,2016-12-04,2023-06-16,240,235,255,1,44.87,0,9160,0,0.153,,0
C01493,Prepaid,2021-04-30,2023-06-22,438,497,545,0,,0,7980,0,0.222,,0
C03557,Postpaid,2017-07-19,2023-06-15,241,256,274,0,45.29,0,6870,0,0.28,,0
C01150,Postpaid,2022-07-29,2023-06-07,387,438,438,0,58.99,1,LEU-3000,0,0.173,,0
C00774,Prepaid,2015-04-07,2023-05-29,343,330,10,1,,0,3930,0,0.571,,1
C03598,Postpaid,2019-02-12,2023-06-17,87,100,109,1,33.41,0,3310,0,0.182,,0
C00839,PREPAID,2018-08-09,2023-06-16,87,96,105,2,,0,3000,0,0.173,,0
C00568,Prepaid,2014-04-16,2023-05-25,94,86,93,0,,0,1200,0,0.116,,0
C03073,Postpaid,2021-06-10,2023-06-05,443,444,442,1,59.52,1,9160,1,0.153,,0
C01889,Postpaid,2019-09-13,2023-06-30,205,187,182,0,47.67,0,3500,1,0.0,,0
C02978,Prepaid,2019-08-09,2023-06-25,117,122,116,1,,0,9160,0,0.153,,0
C04424,Prepaid,2014-03-21,2023-06-01,95,90,94,0,,0,3000,1,0.173,,0
C04496,Postpaid,2020-10-15,2023-06-08,807,807,744,1,84.05,0,9100,0,0.136,,0
C03613,Prepaid,2022-02-08,2023-05-23,96,93,5,4,,0,3420,0,0.286,,1
C01172,Postpaid,2023-03-14,2023-06-10,66,60,55,0,36.37,0,2360,0,0.0,,0
C00325,Postpaid,2017-02-19,2023-05-19,144,129,1,3,41.22,0,1080,0,0.381,2023-06-22,1
C04886,Postpaid,2019-12-29,2023-05-06,308,251,12,2,38.79,1,8630,1,0.188,2023-06-06,1
C04512,Prepaid,2021-04-26,2023-06-19,144,127,137,3,,0,3660,0,0.235,,0
C02181,Prepaid,2018-09-23,2023-05-01,146,108,3,0,,0,9160,1,0.153,,1
C02013,Prepaid,2022-01-26,2023-06-22,166,189,205,0,,0,3000,0,0.173,,0
C02012,Postpaid,2020-08-10,2023-06-01,39,36,36,0,31.47,1,6000,0,0.182,,0
C01167,Prepaid,2018-09-19,2023-06-15,104,92,100,1,,0,7540,0,0.2,,0
C00337,Postpaid,2022-06-22,2023-05-26,246,259,248,0,44.89,0,9160,0,0.153,,0
C04896,Postpaid,2021-08-05,2023-06-16,258,289,276,3,48.63,0,LEU-3000,0,0.173,,0
C00541,Postpaid,2019-02-14,2023-06-06,1181,1137,1118,2,116.49,1,9160,0,0.153,,0
C01265,Postpaid,2022-11-07,2023-06-21,140,136,126,0,41.22,1,2150,0,0.094,2024-08-07,0
C04776,Postpaid,2018-02-22,2023-06-02,268,241,261,0,42.73,0,4020,0,0.071,2023-09-05,0
C04663,Postpaid,2015-01-13,2023-06-13,156,153,152,2,28.84,0,9130,0,0.0,,0
C04346,Prepaid,2020-07-07,2023-04-08,98,93,3,4,,0,6020,1,0.167,,1
C04081,Postpaid,2015-12-01,2023-06-07,564,589,579,1,76.89,0,8760,0,0.2,,0
C02477,Postpaid,2021-05-13,2023-06-26,73,80,86,0,25.77,0,2190,0,0.143,,0
C01987,Prepaid,2021-11-01,2023-06-15,77,75,76,0,,0,9160,0,0.153,,0
C00985,Prepaid,2017-12-19,2023-06-28,21,19,18,0,,0,5400,0,0.0,,0
C03074,Postpaid,2017-09-14,2023-06-23,119,107,105,2,33.7,0,8500,0,0.143,2025-03-30,0
C03434,Postpaid,2020-03-17,2023-06-10,310,355,368,1,54.99,0,LEU-3000,0,0.173,,0
C04791,Postpaid,2017-11-01,2023-06-24,644,684,740,1,76.63,0,5350,0,0.214,,0
C04249,Prepaid,2022-08-21,2023-05-08,16,17,18,1,,0,2670,0,0.086,,0
C03689,Postpaid,2018-10-19,2023-06-08,67,64,67,0,40.82,2,9420,1,0.0,,0
C00469,Postpaid,2015-06-05,2023-05-13,343,329,358,0,44.89,0,9160,0,0.153,,0
C05000,Prepaid,2020-03-06,2023-04-27,142,74,0,1,,0,1670,1,0.125,,1
C04136,Prepaid,2014-05-27,2023-06-27,380,382,382,0,,0, 3000,0,0.173,,0
C01160,Postpaid,2020-01-01,2023-06-09,613,591,646,0,72.12,0,2670,0,0.086,2025-07-22,0
C03767,Postpaid,2014-03-16,2023-06-01,160,151,142,1,44.5,0,3050,0,0.111,,0
C01929,Postpaid,2022-10-14,2023-06-25,923,992,973,1,,0,2670,0,0.086,,0
C04864,Prepaid,2016-06-14,2023-05-06,46,34,0,2,,0,8630,1,0.188,,1
C04370,Postpaid,2017-02-04,2023-05-09,716,375,17,4,51.2,1,3040,0,0.5,2023-06-04,1
C04169,Postpaid,2014-11-15,2023-06-04,78,80,72,2,32.64,0,2670,0,0.086,,0
C04240,Postpaid,2014-11-15,2023-06-02,438,475,443,1,55.65,0,4020,0,0.071,,0
C01256,Postpaid,2016-10-09,2023-06-28,284,310,331,1,54.14,0,3000,0,0.173,,0
C00319,Prepaid,2018-12-21,2023-06-12,92,96,104,1,,0,9130,0,0.0,,0
C03526,Postpaid,2017-06-30,2023-06-10,309,313,325,3,49.4,1,9860,0,0.132,2024-10-16,0
C02989,Prepaid,2021-04-03,2023-04-19,44,43,0,3,,0,LEU-3000,1,0.173,,1
C02818,Postpaid,2018-10-25,2023-06-05,366,395,397,2,56.01,1,9160,0,0.153,,0
C04669,Prepaid,2014-09-25,2023-06-15,34,36,37,0,,0,9160,0,0.153,,0
C02914,Postpaid,2022-03-18,2023-05-06,387,325,10,2,53.68,0,1700,1,0.342,2023-06-11,1
C01506,Postpaid,2022-08-13,2023-04-23,18,17,0,0,31.55,1,5870,1,0.167,2023-06-26,1
C02768,Prepaid,2016-12-17,2023-06-27,119,109,102,1,,0,8800,1,0.231,,0
C00027,Postpaid,2019-11-01,2023-06-05,89,77,79,0,27.2,0,1200,0,0.116,,0
C00898,Postpaid,18/01/2020,2023-06-11,96,82,84,1,41.61,0,9160,0,0.153,,0
C04400,Postpaid,2014-10-12,2023-06-21,82,94,97,1,24.73,0,6100,0,0.0,,0
C01951,Postpaid,2014-04-06,2023-06-25,182,174,188,0,38.01,0,9160,0,0.153,,0
C01817,Prepaid,2016-01-21,2023-05-22,36,18,0,2,,0,4190,1,0.182,,1
C01207,Postpaid,2022-03-04,2023-05-21,586,604,602,0,60.9,0,9160,0,0.153,,0
C04557,Postpaid,2021-09-09,2023-06-02,800,788,779,1,87.61,0,9100,0,0.136,,0
C01496,Postpaid,2015-07-24,2023-06-22,79,83,90,1,30.57,0,1690,0,0.167,,0
C01793,Postpaid,2018-11-06,2023-06-21,229,215,213,0,45.17,0,2230,0,0.421,,0
C03018,Postpaid,2018-02-22,2023-06-12,76,67,71,1,,1,9100,0,0.136,,0
C00724,Postpaid,2015-05-16,2023-06-27,228,243,224,0,52.83,0,4750,0,0.25,,0
C00431,Postpaid,2015-10-28,2023-06-01,160,163,157,2,39.75,0,9160,0,0.153,,0
C02778,Postpaid,2021-02-16,2023-05-17,1752,1572,1528,0,148.5,0,6470,0,0.214,,0
C04769,Postpaid,2020-12-19,2023-06-15,266,298,326,0,58.24,0,9100,0,0.136,,0
C02783,Postpaid,2021-11-06,2023-06-13,220,243,221,0,48.34,0,9860,0,0.132,,0
C01297,Prepaid,2018-12-11,2023-05-22,99,96,4,5,,0,2240,1,0.091,,1
C04711,Prepaid,2022-04-29,2023-04-17,315,166,7,5,,0,2260,1,0.35,,1
C04251,Postpaid,2016-07-02,2023-06-12,140,152,151,1,40.56,1,3310,0,0.182,2023-12-07,0
C04770,Prepaid,2017-05-29,2023-05-11,67,58,62,0,,0,LEU-3000,0,0.173,,0
C03366,Prepaid,2018-03-04,2023-06-27,174,152,156,0,,0,9160,0,0.153,,0
C00661,Prepaid,2016-09-19,2023-06-01,102,113,113,4,,0,2070,0,0.312,,0
C00336,Postpaid,2020-12-27,2023-06-07,20,20,19,0,34.87,1,1070,0,0.2,2023-10-15,0
C04218,Postpaid,2018-07-02,2023-06-04,293,298,323,0,47.32,0,9160,0,0.153,,0
C00077,Prepaid,2020-08-07,2023-06-23,174,170,154,0,,0,6900,0,0.205,,0
C04875,Prepaid,2017-03-18,2023-06-24,30,28,27,1,,0,4190,1,0.182,,0
C03332,Prepaid,2020-11-24,2023-06-09,30,27,25,0,,0,3540,0,0.091,,0
C01734,Prepaid,2017-11-26,2023-06-05,52,48,49,0,,0,6900,0,0.205,,0
C04419,Postpaid,2017-07-02,2023-06-15,982,988,1019,0,102.17,1,9540,0,0.2,2024-04-23,0
C01393,Prepaid,2016-07-08,2023-04-10,35,19,1,2,,0,9160,1,0.153,,1
C00014,Postpaid,2014-06-22,2023-05-13,181,205,212,1,42.04,0,8560,0,0.233,,0
C04018,Prepaid,2020-06-21,2023-06-14,18,18,18,0,,0,9160,0,0.153,,0
C03894,Postpaid,2016-09-12,2023-05-07,363,180,6,2,51.11,1,1690,1,0.167,2023-06-01,1
C03269,Postpaid,2016-07-08,2023-06-29,114,113,122,1,33.4,0,9160,0,0.153,2023-10-21,0
C04349,Prepaid,2021-12-16,2023-05-24,76,79,73,0,,0,2670,0,0.086,,0
C02677,Prepaid,2019-03-08,2023-04-26,21,22,1,4,,0,9160,0,0.153,,1
C04564,Postpaid,2019-04-30,2023-06-17,235,201,202,0,38.69,0,3000,0,0.173,,0
C03604,Postpaid,2015-08-18,2023-05-22,788,686,702,0,67.66,0,4750,1,0.25,,0
C00847,Prepaid,2022-02-25,2023-06-04,47,50,54,0,,0,LEU-3000,0,0.173,,0
C00109,Prepaid,2019-02-05,2023-06-28,65,60,54,1,,0,9230,0,0.389,,0
C04726,Postpaid,2017-02-18,2023-06-16,113,111,107,0,35.43,0,1670,0,0.125,,0
C00941,Postpaid,2017-10-25,2023-06-14,439,479,525,0,57.68,0,9160,0,0.153,,0
C03998,Postpaid,2014-02-09,2023-06-25,43,44,47,1,19.04,0,2670,0,0.086,,0
C02814,Postpaid,2019-09-21,2023-04-20,252,140,6,2,31.92,0,9100,1,0.136,2023-06-29,1
C01505,Prepaid,2021-11-11,2023-06-18,128,113,116,1,,0,1030,0,0.1,,0
C03855,Postpaid,2018-10-18,2023-06-24,64,56,59,0,,0,2260,0,0.35,,0
C04916,Prepaid,2020-09-02,2023-06-01,96,86,94,1,,0,5120,0,0.0,,0
C03268,Postpaid,2014-12-19,2023-04-18,40,23,0,3,28.31,2,6860,1,0.278,2023-06-20,1
C03075,Postpaid,2017-10-07,2023-06-01,334,323,307,0,48.9,1,9100,0,0.136,,0
C02050,postpaid,2018-10-08,2023-06-08,725,728,728,0,86.79,0,7500,0,0.079,,0
C02229,Prepaid,2020-11-20,2023-06-09,69,69,67,2,,0,5350,0,0.214,,0
C00427,Prepaid,2018-11-04,2023-06-12,40,40,39,0,,0,3140,0,0.2,,0
C00094,Postpaid,2016-08-12,2023-06-12,284,257,250,0,39.33,0,3310,0,0.182,,0
C01102,Postpaid,2015-05-02,2023-06-10,285,318,345,1,48.25,0,9100,0,0.136,,0
C02578,Postpaid,2014-06-10,2023-05-10,164,170,179,2,34.69,0,9160,0,0.153,,0
C02983,Postpaid,2020-06-15,2023-06-03,684,653,644,0,75.39,0,5400,0,0.0,,0
C03287,Postpaid,2021-11-03,2023-06-02,1446,1633,1569,0,154.25,0,3000 Leuven,0,0.173,,0
C01414,Postpaid,2022-08-05,2023-06-04,316,356,358,0,55.65,0,5970,0,0.0,,0
C01245,Postpaid,2015-06-29,2023-06-12,96,103,99,0,28.77,0,9770,0,0.083,,0
C00159,Postpaid,2022-08-09,2023-06-24,75,77,77,1,26.06,0,2240,0,0.091,,0
C00920,Postpaid,2016-07-09,2023-06-05,225,254,263,2,49.8,0,2670,0,0.086,,0
C01858,Prepaid,2020-12-24,2023-06-01,68,62,3,4,,0,1300,1,0.26,,1
C01924,Postpaid,2018-01-30,2023-06-27,253,246,247,2,52.59,0,2500,0,0.118,,0
C00213,Prepaid,2015-08-22,2023-04-09,32,31,0,4,,0,3012,1,0.5,,1
C02418,Prepaid,2018-03-07,2023-06-17,94,103,101,0,,0,1270,0,0.167,,0
C01351,Postpaid,2023-01-13,2023-06-23,306,268,287,0,47.86,0,1270,0,0.167,2023-09-25,0
C02613,Prepaid,2020-01-20,2023-05-15,47,3267,3,0,,0,1300,0,0.26,,1
C01804,Prepaid,2015-08-26,2023-06-06,118,107,102,1,,0,6900,0,0.205,,0
C01295,Postpaid,2014-10-06,2023-06-01,121,119,126,0,31.33,1,6250,0,0.133,2025-02-19,0
C01486,Prepaid,2021-03-17,2023-04-17,47,37,2,4,,0,4250,1,0.4,,1
C02411,Post-paid,2018-09-14,2023-05-26,573,507,555,0,71.29,0,3000,0,0.173,,0
C01647,Prepaid,2021-11-22,2023-06-02,103,95,100,1,,0,2150,0,0.094,,0
C00456,Postpaid,2018-03-09,2023-06-19,764,728,692,0,83.77,1,3300,0,0.214,,0
C04828,Prepaid,2019-05-05,2023-05-05,61,61,59,3,,0,9770,0,0.083,,0
C02343,Prepaid,2019-03-22,2023-06-02,274,264,253,0,,0,1890,0,0.235,,0
C02487,Postpaid,2020-02-12,2023-06-14,387,439,418,0,58.73,1,8310,0,0.175,,0
C00087,postpaid,2014-08-13,2023-06-30,214,236,223,2,49.78,0,4500,0,0.286,2025-05-04,0
C00681,Postpaid,2016-08-02,2023-06-13,379,323,341,1,55.88,1,7030,0,0.143,,0
C01184,Postpaid,2017-11-12,2023-05-17,389,379,412,0,56.5,2,1700,0,0.342,,0
C02072,Postpaid,2018-02-23,2023-05-07,259,247,229,2,40.07,0,4600,1,0.102,,0
C01016,Prepaid,2022-01-15,2023-06-06,82,91,99,2,,0,1200,0,0.116,,0
C04180,Postpaid,2020-10-14,2023-06-18,145,146,134,1,50.92,0,7310,1,0.111,,0
C02073,Postpaid,2014-09-20,2023-06-08,1489,1505,1552,1,147.3,0,2790,1,0.2,,0
C02040,Prepaid,2016-11-23,2023-06-03,152,155,146,1,,0,3680,0,0.4,,0
C02897,Postpaid,2022-02-03,2023-06-02,833,873,832,0,103.23,0,1180,0,0.0,,0
C01082,postpaid,2020-02-28,2023-05-28,135,132,139,1,42.45,0,3660,0,0.235,,0
C00788,Prepaid,2015-01-17,2023-06-13,659,651,591,1,,0,2260,0,0.35,,0
C02557,Prepaid,2017-09-06,2023-06-27,37,42,40,3,,0,3000 Leuven,0,0.173,,0
C04799,Postpaid,2014-11-05,2023-06-08,140,151,155,3,44.4,0,9100,0,0.136,,0
C03012,Postpaid,2022-12-24,2023-05-05,149,131,122,1,30.31,0,8490,0,0.143,,0
C04133,Postpaid,2019-09-07,2023-06-02,1279,1372,1472,1,124.87,0,5260,0,0.111,,0
C02907,Postpaid,2022-04-15,2023-06-16,111,111,109,0,37.25,0,9100,0,0.136,,0
C03143,Postpaid,2022-02-04,2023-06-29,158,182,169,0,40.2,0,3450,1,0.214,,0
C03173,Postpaid,2015-04-13,2023-06-26,272,287,273,1,44.41,1,2190,0,0.143,,0
C02137,Postpaid,2021-01-02,2023-05-16,223,216,217,2,45.49,0,5350,0,0.214,,0
C00144,Postpaid,2017-01-03,2023-05-03,155,158,142,2,32.6,0,7500,0,0.079,,0
C00468,Postpaid,2017-07-08,2023-06-20,165,181,169,1,43.65,0,7130,0,0.143,,0
C04388,Prepaid,2016-07-28,2023-06-04,11,12,11,0,,0,9160,0,0.153,,0
C04432,Prepaid,2021-04-23,2023-06-07,310,346,318,1,,0,3000 Leuven,0,0.173,,0
C03783,Prepaid,2015-02-04,2023-06-01,209,234,221,1,,0,9160,1,0.153,,0
C01999,Postpaid,2022-03-20,2023-06-17,250,274,287,1,45.7,0,3000,0,0.173,,0
C00628,Prepaid,2017-01-09,2023-06-08,36,41,44,1,,0,7500,0,0.079,,0
C04704,Postpaid,2018-01-16,2023-05-13,25,26,27,1,33.52,0,9160,0,0.153,,0
C04903,Postpaid,2018-12-27,2023-06-30,158,140,135,0,38.34,1,3000 Leuven,1,0.173,,0
C04637,Prepaid,2022-12-21,2023-04-05,40,34,2,2,,0,2070,1,0.312,,1
C00572,PREPAID,2014-02-18,2023-06-03,109,109,110,1,,0,9220,0,0.0,,0
C04379,Postpaid,2020-01-29,2023-06-03,36,31,32,2,22.62,1,7190,0,0.429,,0
C03867,Prepaid,2014-04-05,2023-06-15,45,39,38,1,,0,9860,1,0.132,,0
C03953,Postpaid,2016-06-20,2023-06-13,176,173,174,2,38.13,1,7500,0,0.079,,0
C00923,Prepaid,2021-02-20,2023-06-29,117,129,126,0,,0,9300,0,0.333,,0
C03438,Postpaid,2021-10-29,2023-06-02,707,2996,639,1,79.24,0,LEU-3000,0,0.173,2023-09-11,0
C01603,Prepaid,2019-10-14,2023-06-21,33,29,28,0,,0,2360,0,0.0,,0
C04199,Prepaid,2014-06-12,2023-06-25,92,83,79,1,,0,4600,0,0.102,,0
C04590,Prepaid,2019-05-13,2023-06-26,137,126,124,1,,0,6900,0,0.205,,0
C03928,Postpaid,2021-12-07,2023-06-05,99,101,99,0,39.02,1,4290,0,0.0,,0
C03605,Postpaid,2021-03-12,2023-06-24,221,208,208,0,37.69,1,6900,0,0.205,,0
C04803,Prepaid,2017-04-22,2023-06-25,77,71,67,0,,0,5350,0,0.214,,0
C04244,Postpaid,2016-05-24,2023-05-13,246,113,2,1,29.17,0,8560,1,0.233,2023-06-20,1
C00593,Postpaid,2017-11-01,2023-06-04,211,242,239,0,41.89,3,3018,0,0.0,,0
C00261,Postpaid,2022-02-21,2023-06-02,420,482,506,1,58.77,0,7450,0,0.0,,0
C03245,Postpaid,2018-05-13,2023-06-18,92,84,89,1,38.21,0,8490,0,0.143,,0
C03712,Prepaid,2017-02-15,2023-05-26,269,231,246,0,,0,9160,0,0.153,,0
C03705,Postpaid,2016-12-29,2023-06-07,153,135,122,1,42.81,0,9770,0,0.083,,0
C03296,postpaid,2015-01-20,2023-06-12,204,210,210,0,35.7,0,3000,0,0.173,,0
C00931,Prepaid,2022-09-22,2023-05-24,218,204,12,1,,0,1830,1,0.6,,1
C03226,Prepaid,2014-10-02,2023-05-09,201,185,186,1,,0,3700,0,0.0,,0
C03601,Prepaid,2017-10-14,2023-06-09,368,419,422,0,,0,1300,0,0.26,,0
C02038,Postpaid,2019-07-26,2023-06-26,1052,1006,987,2,104.91,1,9160,0,0.153,,0
C04969,Postpaid,2014-05-13,2023-06-15,95,83,80,0,27.2,1,1270,0,0.167,,0
C02910,Postpaid,2023-03-23,2023-06-09,182,193,194,0,41.69,1,8400,0,0.125,,0
C02827,Prepaid,2022-12-15,2023-04-26,15,15,1,2,,0,7670,1,0.333,,1
C01695,Prepaid,2017-08-07,2023-05-01,27,20,1,1,,0,1050,1,0.278,,1
C04478,Postpaid,2023-03-01,2023-06-16,549,493,484,2,67.32,0,9100,0,0.136,,0
C02361,Postpaid,2015-10-31,2023-06-29,44,44,40,1,22.35,0,1700,0,0.342,,0
C00184,Post-paid,2019-05-14,2023-06-20,253,235,250,1,57.95,0,9160,0,0.153,,0
C02596,Postpaid,2021-05-23,2023-06-14,188,204,224,1,49.8,0,4180,0,0.167,,0
C03978,Prepaid,2021-02-22,2023-06-23,32,37,37,2,,0,9160,0,0.153,,0
C02659,Postpaid,2014-02-18,2023-06-14,1147,1298,1423,0,123.43,1,8310,0,0.175,,0
C03395,Postpaid,2016-11-15,2023-05-17,132,135,1,0,49.32,1,3060,1,0.286,2023-06-03,1
C01663,Postpaid,2018-03-07,2023-06-21,397,436,426,0,65.87,2,6170,0,0.0,2025-04-04,0
C01865,Postpaid,2015-10-08,2023-06-10,72,74,76,2,28.32,1,9770,0,0.083,,0
C01621,Prepaid,2022-09-26,2023-06-24,29,29,29,2,,0,3000,0,0.173,,0
C04051,Postpaid,2018-10-14,2023-06-09,389,438,430,1,60.51,0,9100,0,0.136,,0
C00504,Postpaid,2023-04-09,2023-06-10,2094,2221,2298,0,200.23,1,4020,0,0.071,,0
C00588,Prepaid,2022-08-08,2023-06-15,75,80,83,0,,0,9770,0,0.083,,0
C02534,Prepaid,2014-02-25,2023-06-26,44,42,42,1,,0,2150,0,0.094,,0
C04183,Postpaid,2022-02-08,2023-06-11,454,480,446,1,63.91,0,3660,0,0.235,,0
C04070,Postpaid,2018-08-04,2023-06-09,683,749,695,2,74.0,2,9100,0,0.136,,0
C04495,PREPAID,2016-10-12,2023-06-17,68,63,67,2,,0,1200,0,0.116,,0
C02967,Prepaid,2021-03-06,2023-06-13,73,77,77,1,,0,3420,0,0.286,,0
C03056,Postpaid,2018-07-10,2023-06-12,537,596,597,0,76.36,1,3250,0,0.062,2025-07-18,0
C02353,Postpaid,2020-03-12,2023-06-03,418,386,398,2,48.3,1,3490,0,0.0,,0
C02189,Prepaid,2017-10-20,2023-06-19,98,99,90,0,,0,3000,0,0.173,,0
C00789,Prepaid,2019-05-29,2023-05-24,72,45,2,2,,0,9160,1,0.153,,1
C03662,Postpaid,2019-11-28,2023-06-16,254,257,243,1,40.59,0,4390,0,0.071,,0
C04308,Prepaid,2015-09-28,2023-06-03,21,19,20,1,,0,1090,0,0.133,,0
C04881,Prepaid,2016-01-19,2023-06-26,101,90,94,1,,0,4350,0,0.0,,0
C00473,Postpaid,2019-04-23,2023-06-13,533,550,508,4,73.44,0,1200,0,0.116,,0
C01746,Postpaid,2016-04-14,2023-06-10,71,80,78,1,48.23,2,9100,0,0.136,,0
C03508,Postpaid,2019-02-15,2023-06-30,1493,1669,1820,5,149.73,0,8330,0,0.125,,0
C03560,Postpaid,2018-05-06,2023-06-01,124,131,142,1,,0,5490,0,0.118,2024-10-27,0
C02702,Postpaid,2015-07-15,2023-06-25,1624,1647,1591,0,148.17,1,3000,0,0.173,,0
C02676,postpaid,2015-04-25,2023-06-27,16,13,12,0,26.96,0,3610,0,0.0,2024-12-01,0
C04112,Prepaid,2016-05-14,2023-06-10,22,24,25,0,,0,4800,0,0.4,,0
C04545,Prepaid,2019-03-28,2023-05-24,190,202,218,0,,0,9160,1,0.153,,0
C03632,Postpaid,2015-03-15,2023-06-20,366,351,317,2,58.83,1,6020,0,0.167,,0
C03006,Postpaid,2018-03-06,2023-05-18,767,732,788,0,88.83,0,2670,0,0.086,,0
C00690,Postpaid,2017-03-07,2023-06-13,337,314,337,0,,0,3000 Leuven,0,0.173,,0
C01079,Postpaid,2014-06-14,2023-06-22,91,100,100,1,32.67,0,9160,0,0.153,,0
C00442,Postpaid,2018-04-24,2023-06-27,108,110,116,1,34.26,0,3000,0,0.173,,0
C00536,Prepaid,2016-07-16,2023-06-24,39,44,42,1,,0,9100,0,0.136,,0
C04117,Prepaid,2015-12-04,2023-06-29,122,117,125,1,,0,5600,0,0.143,,0
C00360,Postpaid,2022-08-20,2023-04-14,93,94,5,2,35.23,0,LEU-3000,1,0.173,2023-06-19,1
C00783,Postpaid,2017-04-29,2023-05-19,39,41,39,1,38.34,1,3930,0,0.571,2024-09-07,0
C03495,Postpaid,2014-07-16,2023-06-24,273,242,261,0,63.06,0,4390,0,0.071,,0
C00581,Postpaid,2016-09-19,2023-06-02,27,25,23,1,23.06,0,9740,0,0.174,,0
C04207,Postpaid,2015-05-26,2023-06-23,107,111,113,3,29.71,0,5490,0,0.118,2024-08-26,0
C01232,Prepaid,2018-05-11,2023-05-23,41,45,43,0,,0,1300,0,0.26,,0
C00548,Postpaid,2016-11-19,2023-06-06,748,717,752,0,85.38,2,5700,0,0.273,,0
C02776,Postpaid,2022-10-10,2023-04-05,238,184,6,1,42.84,0,7310,0,0.111,2023-06-20,1
C03436,Postpaid,2017-12-17,2023-06-15,173,161,147,2,41.48,0,2670,0,0.086,,0
C04380,Postpaid,2020-03-28,2023-06-08,201,209,206,0,42.62,0,2240,0,0.091,,0
C02793,Postpaid,2021-03-27,2023-06-20,624,704,757,1,76.82,1,6820,0,0.0,,0
C04401,Postpaid,2018-02-10,2023-06-12,127,114,119,0,30.81,0,9160,0,0.153,,0
C00665,Prepaid,2021-04-12,2023-06-28,35,32,34,2,,0,5350,0,0.214,,0
C04548,Prepaid,2021-02-25,2023-06-19,32,34,37,1,,0,3050,0,0.111,,0
C02070,Post-paid,2017-06-19,2023-06-18,272,246,250,0,56.14,0,6900,0,0.205,2025-03-30,0
C01526,Prepaid,2019-02-19,2023-06-19,52,51,50,1,,0,9230,0,0.389,,0
C00110,Postpaid,2019-05-09,2023-06-05,59,53,57,2,31.31,0,1050,0,0.278,,0
C01936,Postpaid,2018-03-20,2023-06-11,138,126,136,0,29.97,0,5350,0,0.214,,0
C01119,Postpaid,2015-03-07,2023-06-23,345,390,352,0,59.3,1,4370,0,0.074,,0
C01843,Postpaid,2017-07-29,2023-05-03,979,618,10,5,81.1,2,2440,1,0.167,2023-06-06,1
C00551,Postpaid,2018-05-30,2023-05-29,73,72,3,5,34.62,0,3000,1,0.173,2023-06-27,1
C01210,Postpaid,2022-06-01,2023-06-20,198,177,165,0,42.38,0,6510,0,0.143,,0
C00317,Prepaid,2020-09-30,2023-06-16,23,24,25,0,,0,3660,0,0.235,,0
C03876,Postpaid,2018-10-09,2023-06-11,255,217,204,1,59.53,0,1740,1,0.161,,0
C01650,Postpaid,2019-01-06,2023-06-24,239,240,241,1,50.18,0,1200,0,0.116,2024-08-16,0
C03004,Postpaid,2021-05-10,2023-06-28,310,352,356,0,60.17,0,3000,0,0.173,,0
C04300,Postpaid,2014-04-20,2023-05-09,60,59,57,0,32.87,0,2670,0,0.086,,0
C03425,Postpaid,2017-07-05,2023-06-19,78,76,83,1,36.91,2,2670,0,0.086,,0
C00181,Postpaid,2014-10-28,2023-06-23,113,101,101,0,37.48,0,2670,0,0.086,,0
C01370,Prepaid,2016-02-22,2023-05-20,96,85,92,1,,0,9100,0,0.136,,0
C00865,Postpaid,2017-03-18,2023-05-09,873,747,765,0,90.24,0,9100,0,0.136,,0
C03504,Postpaid,2023-04-10,2023-06-19,46,52,51,1,36.78,0,3800,0,0.083,2023-11-08,0
C03510,Postpaid,2021-11-05,2023-06-08,106,101,105,4,20.06,2,4800,0,0.4,,0
C02922,Prepaid,2023-03-24,2023-04-06,29,16,0,1,,0,4390,0,0.071,,1
C03337,Postpaid,2020-10-04,2023-05-23,425,323,19,2,64.03,0,9160,1,0.153,2023-06-06,1
C02809,Postpaid,2014-01-01,2023-06-03,213,192,209,1,45.86,0,9100,0,0.136,,0
C02855,Postpaid,2014-07-26,2023-06-26,203,183,183,1,52.02,0,6960,0,0.359,,0
C01237,Prepaid,2015-06-08,2023-05-10,75,65,67,0,,0,9740,0,0.174,,0
C04331,PREPAID,2016-04-11,2023-06-17,161,161,174,1,,0,7130,0,0.143,,0
C01060,Postpaid,2022-03-30,2023-06-26,55,50,54,0,38.62,0,4370,0,0.074,,0
C00133,Prepaid,2015-07-01,2023-06-21,226,242,237,0,,0,9100,0,0.136,,0
C00487,Postpaid,2015-06-24,2023-06-25,226,221,234,1,44.42,0,5350,0,0.214,,0
C00121,Prepaid,2020-11-19,2023-05-14,21,17,1,0,,0,LEU-3000,1,0.173,,1
C02792,Postpaid,2022-05-02,2023-06-13,125,3230,135,1,33.93,0,4600,0,0.102,2025-04-01,0
C00682,Postpaid,2022-06-05,2023-05-04,1597,1383,1408,0,129.41,0,2070,0,0.312,,0
C04751,Postpaid,2020-02-17,2023-06-24,81,79,80,0,29.61,0,3290,0,0.143,2024-06-01,0
C02510,Prepaid,2015-07-28,2023-06-20,89,80,81,3,,0,9100,0,0.136,,0
C03562,Postpaid,2020-10-07,2023-06-14,952,933,858,0,99.46,0,3000 Leuven,0,0.173,,0
C04056,Prepaid,2018-02-27,2023-06-04,149,167,183,0,,0,9160,0,0.153,,0
C01903,Prepaid,2018-11-29,2023-05-29,62,62,61,2,,0,9160,0,0.153,,0
C01458,Prepaid,2018-03-20,2023-04-04,23,15,0,4,,0, 1830,1,0.6,,1
C04467,Prepaid,2016-12-29,2023-06-15,189,204,190,0,,0,8200,0,0.0,,0
C01466,Prepaid,2015-04-15,2023-06-05,221,192,210,0,,0,6250,0,0.133,,0
C01195,Prepaid,2023-04-24,2023-05-25,61,68,67,1,,0,9160,0,0.153,,0
C04868,Postpaid,2016-03-13,2023-06-21,248,236,213,2,37.9,0,2670,0,0.086,,0
C03648,Prepaid,2020-07-22,2023-05-31,62,62,61,3,,0,9940,0,0.214,,0
C02965,Prepaid,2018-12-08,2023-05-26,52,45,41,3,,0,4020,0,0.071,,0
C01512,Postpaid,2016-07-17,2023-06-10,1835,1782,1950,0,153.14,1,1270,0,0.167,,0
C01085,Prepaid,2020-11-11,2023-06-26,428,391,359,1,,0,1670,0,0.125,,0
C04852,postpaid,2015-02-20,2023-06-16,78,85,79,3,41.48,1,3000,0,0.173,,0
C01214,Prepaid,2016-03-31,2023-06-01,67,60,62,3,,0,4600,0,0.102,,0
C02392,Prepaid,2016-12-06,2023-06-17,31,36,33,0,,0,3000 Leuven,0,0.173,,0
C04006,postpaid,2019-05-26,2023-06-23,153,168,171,0,33.47,0,1700,0,0.342,,0
C00537,Postpaid,2021-09-18,2023-06-05,86,88,85,1,30.81,0,3140,0,0.2,,0
C02681,Prepaid,2021-05-20,2023-04-09,48,35,0,1,,0,7650,1,0.182,,1
C02693,Postpaid,2018-12-05,2023-05-24,222,233,2,3,36.85,0,3660,1,0.235,2023-06-06,1
C02447,Postpaid,2022-12-06,2023-06-16,49,44,47,1,29.42,0,8000,0,0.211,2025-03-20,0
C04887,Postpaid,2020-05-15,2023-06-03,654,657,689,1,73.34,0,9480,0,0.143,,0
C04108,Prepaid,2018-02-14,2023-05-10,25,16,0,2,,0,3450,1,0.214,,1
C04284,Postpaid,2020-11-17,2023-05-19,414,375,340,3,50.52,1,4100,0,0.0,,0
C01562,Prepaid,2020-10-28,2023-06-23,88,77,72,2,,0,9100,0,0.136,,0
C03672,postpaid,2014-07-21,2023-06-26,82,72,77,2,34.25,1,3500,1,0.0,,0
C01398,Prepaid,2015-08-14,2023-06-03,155,120,3,1,,0,5350,0,0.214,,1
C01363,Postpaid,2020-02-02,2023-06-14,345,350,349,1,52.53,0,3660,0,0.235,,0
C02262,Postpaid,2016-11-10,2023-06-12,266,305,275,1,48.48,0,4180,0,0.167,,0
C00327,Postpaid,2021-06-19,2023-05-06,240,228,243,2,43.36,0,4180,0,0.167,,0
C01788,Postpaid,2016-04-10,2023-05-27,361,326,7,3,47.19,0,6470,1,0.214,2023-06-30,1
C03746,Prepaid,2021-09-06,2023-06-06,27,28,27,1,,0,3000,0,0.173,,0
C03728,Postpaid,2015-03-22,2023-06-15,132,131,121,1,40.87,0,6870,0,0.28,,0
C00270,Postpaid,2018-06-13,2023-06-11,809,849,887,1,86.33,1,9160,0,0.153,2024-11-14,0
C00961,Postpaid,2016-04-16,2023-05-08,273,303,302,1,50.83,0,4390,0,0.071,,0
C01684,Prepaid,2021-11-17,2023-04-07,40,34,1,2,,0,7670,1,0.333,,1
C03362,Prepaid,2014-06-11,2023-06-12,46,50,53,0,,0,3000,0,0.173,,0
C00356,Prepaid,2018-01-24,2023-06-13,178,192,191,2,,0,6280,0,0.0,,0
C00524,Prepaid,2022-07-07,2023-06-01,77,55,0,4,,0,6430,1,0.188,,1
C00892,Prepaid,2020-06-13,2023-06-02,75,84,79,0,,0,9100,0,0.136,,0
C01463,Postpaid,2017-07-16,2023-06-26,779,681,649,0,80.62,0,3000,0,0.173,,0
C04414,Postpaid,2020-08-19,2023-06-08,403,454,468,1,53.67,0,4600,0,0.102,,0
C04213,PREPAID,2019-04-13,2023-06-22,223,206,200,1,,0,5350,0,0.214,,0
C01488,Postpaid,2021-07-31,2023-05-12,80,82,2,2,40.59,0,9300,0,0.333,2023-06-28,1
C04511,Postpaid,2022-06-19,2023-05-15,61,59,2,3,31.56,1,9160,1,0.153,2023-06-23,1
C00432,Postpaid,2017-12-14,2023-04-21,1125,612,7,3,66.68,1,9160,1,0.153,2023-06-30,1
C00853,Postpaid,2021-02-05,2023-06-09,916,895,809,2,94.26,2,1700,0,0.342,2024-07-25,0
C04725,Postpaid,2020-09-03,2023-05-04,236,162,6,2,36.47,3,7540,1,0.2,2023-06-12,1
C04561,Prepaid,2018-11-05,2023-06-22,76,66,68,1,,0,9100,0,0.136,,0
C01810,Postpaid,2020-08-04,2023-06-05,317,320,318,0,45.74,0,6430,0,0.188,,0
C04002,Postpaid,2020-01-30,2023-06-30,213,223,239,0,40.58,0,3660,0,0.235,,0
C01224,Postpaid,2015-09-08,2023-05-27,143,131,135,0,27.62,0,9100,0,0.136,,0
C00424,Postpaid,2020-12-28,2023-06-14,450,411,381,0,73.78,0,9020,0,0.143,,0
C04865,Postpaid,2021-11-11,2023-05-06,103,55,1,0,36.66,2,9160,1,0.153,2023-06-09,1
C04462,Prepaid,2016-11-22,2023-06-28,17,18,18,0,,0,9160,0,0.153,,0
C03169,Prepaid,2018-01-14,2023-05-24,21,18,20,0,,0,6020,0,0.167,,0
C04719,Prepaid,2019-01-17,2023-06-21,64,73,70,0,,0,9100,0,0.136,,0
C01105,Postpaid,2018-02-08,2023-06-05,239,129,3,5,45.65,1,1020,1,0.235,2023-06-06,1
C00835,Postpaid,2022-02-19,2023-06-04,281,306,294,1,50.23,0,9860,0,0.132,,0
C00269,Postpaid,2016-01-30,2023-06-14,95,99,104,0,38.48,0,5350,0,0.214,,0
C00158,Postpaid,2023-04-24,2023-05-17,367,370,347,2,67.6,0,8560,1,0.233,,0
C04653,Postpaid,2014-08-05,2023-05-26,75,71,65,2,32.35,0,6900,0,0.205,2024-04-24,0
C03673,Prepaid,2021-09-17,2023-06-24,121,122,115,0,,0,8030,0,0.0,,0
C03209,Postpaid,2018-11-06,2023-06-13,566,542,564,2,63.12,0,4600,0,0.102,,0
C00348,Postpaid,2020-12-27,2023-06-23,407,376,391,3,58.99,1,8560,0,0.233,,0
C01229,Prepaid,2020-02-26,2023-06-12,108,117,112,5,,0,8160,0,0.25,,0
C02730,Postpaid,2014-06-09,2023-06-02,149,134,125,0,45.32,0,3000,0,0.173,,0
C02174,Prepaid,2022-03-02,2023-04-17,66,52,2,1,,0,4390,1,0.071,,1
C00881,Prepaid,2014-06-16,2023-06-17,132,129,122,0,,0,3000,0,0.173,,0
C04638,Prepaid,2021-12-12,2023-04-30,83,87,2,1,,0,3130,1,0.1,,1
C00718,Postpaid,2014-05-03,2023-06-12,148,132,119,1,39.47,0,2300,1,0.067,,0
C00902,Postpaid,2014-07-24,2023-06-18,70,69,73,0,36.81,0,1270,0,0.167,,0
C03138,Prepaid,2019-10-21,2023-06-25,46,42,43,2,,0,7970,0,0.125,,0
C04023,postpaid,13/03/2021,2023-05-11,104,96,2,5,99999.0,0,9770,0,0.083,2023-06-30,1
C01569,postpaid,2018-05-09,2023-06-12,536,544,574,1,77.4,0,7170,0,0.2,,0
C00099,Postpaid,2021-02-07,2023-06-02,277,133,4,1,38.55,0,9100,1,0.136,2023-06-08,1
C01538,Postpaid,2014-11-03,2023-04-25,322,251,3,1,49.79,0,2400,0,0.3,2023-06-18,1
C03523,Postpaid,2018-09-11,2023-06-16,306,331,341,1,50.82,0,5700,0,0.273,,0
C04289,Postpaid,2018-08-19,2023-06-09,269,288,299,0,41.36,0, 1700,0,0.342,,0
C01158,Postpaid,2017-09-01,2023-06-18,121,128,129,4,42.94,1,5290,0,0.171,2024-09-21,0
C03889,Prepaid,2018-06-05,2023-05-21,106,86,3,3,,0,1300,1,0.26,,1
C03512,Postpaid,2015-09-29,2023-06-06,91,79,84,3,25.72,0,9200,0,0.222,,0
C03290,Prepaid,2019-10-30,2023-06-13,146,151,163,1,,0,5290,0,0.171,,0
C02884,Prepaid,15/11/2017,2023-06-11,69,74,79,1,,0,1300,0,0.26,,0
C01222,Prepaid,01/02/2023,2023-05-21,93,87,79,0,,0,3000,0,0.173,,0
C00108,PREPAID,2021-01-05,2023-04-16,65,42,2,1,,0,1320,1,0.5,,1
C00685,Postpaid,2022-01-02,2023-06-10,287,278,254,1,42.26,0,9100,0,0.136,,0
C04127,Postpaid,2017-08-07,2023-06-14,157,163,150,1,38.56,0,9100,0,0.136,,0
C03676,Postpaid,2019-04-02,2023-06-11,572,519,545,1,66.51,1,1700,0,0.342,,0
C01839,Prepaid,2015-03-21,2023-06-17,125,143,136,0,,0,1740,0,0.161,,0
C00363,postpaid,2022-06-08,2023-06-10,71,61,64,1,42.3,0,3000,0,0.173,,0
C04750,Postpaid,2015-11-27,2023-06-17,510,563,533,3,64.02,0,9160,0,0.153,,0
C04327,Postpaid,2019-01-30,2023-06-12,515,482,440,3,63.66,0,6960,0,0.359,,0
C02824,Postpaid,2015-05-23,2023-05-13,247,230,225,1,31.13,1,1740,0,0.161,,0
C00565,Prepaid,2019-08-20,2023-06-10,74,83,90,3,,0,9420,0,0.0,,0
C00591,Postpaid,2018-01-27,2023-06-16,317,338,348,1,59.85,0,2150,0,0.094,2024-12-17,0
C00049,Postpaid,2023-04-18,2023-06-23,176,192,192,0,44.47,1,2670,0,0.086,,0
C01068,Prepaid,2022-07-14,2023-06-04,51,50,47,3,,0,6900,0,0.205,,0
C04294,Postpaid,2023-04-15,2023-06-11,320,352,383,1,50.59,0,LEU-3000,0,0.173,,0
C03815,Postpaid,2023-01-22,2023-06-07,237,222,234,0,49.58,0,1300,0,0.26,,0
C04234,Postpaid,2017-04-01,2023-06-07,220,2905,183,2,44.48,0,6960,1,0.359,,0
C01382,Postpaid,2021-08-09,2023-06-26,381,399,404,1,52.87,0,2400,1,0.3,,0
C02111,Prepaid,2019-09-05,2023-06-23,167,154,167,0,,0,1690,0,0.167,,0
C03464,Prepaid,2019-11-17,2023-06-10,447,476,450,0,,0,1700,0,0.342,,0
C01916,Postpaid,2023-04-12,2023-06-02,226,207,206,2,46.52,1,6620,0,0.118,,0
C02603,Postpaid,2015-09-07,2023-06-08,507,582,582,1,80.57,1,7180,0,0.143,,0
C04941,Postpaid,2023-05-08,2023-04-22,95,90,2,0,26.27,0,9940,0,0.214,2023-06-05,1
C02694,Postpaid,2021-04-23,2023-06-05,116,107,97,1,33.18,0,1700,1,0.342,,0
C04746,Postpaid,2017-11-24,2023-05-07,207,234,254,3,45.43,1,2520,0,0.286,,0
C03857,Postpaid,2022-09-11,2023-06-28,344,346,317,2,50.99,0,6820,0,0.0,,0
C04000,Prepaid,2016-09-13,2023-06-27,106,121,126,2,,0,1700,0,0.342,,0
C01236,Prepaid,2016-04-15,2023-06-03,243,259,276,4,,0,3000 Leuven,0,0.173,,0
C04706,Postpaid,2021-02-10,2023-06-23,184,209,200,0,41.06,2,4510,0,0.0,2024-10-22,0
C01668,Postpaid,2016-06-27,2023-04-05,64,56,1,1,24.58,0,4750,1,0.25,2023-06-14,1
C04535,Prepaid,2015-07-16,2023-04-04,294,190,4,0,,0,3660,1,0.235,,1
C01166,Postpaid,2023-04-22,2023-05-28,104,97,93,0,28.46,0,2670,0,0.086,,0
C04975,Postpaid,2016-01-29,2023-06-23,139,120,128,0,38.36,0,7180,1,0.143,2024-11-28,0
C01551,Prepaid,2021-09-12,2023-06-17,51,51,48,1,,0,2000,0,0.182,,0
C03228,Postpaid,2017-07-07,2023-06-19,243,250,267,1,46.31,1,3480,0,0.1,2024-12-08,0
C03812,Postpaid,2023-01-08,2023-05-27,76,75,72,0,35.46,1,1200,0,0.116,,0
C01093,Postpaid,2022-04-08,2023-06-14,283,325,300,4,50.42,0,3000,0,0.173,2024-01-13,0
C03490,Postpaid,2021-02-05,2023-06-05,121,108,103,1,37.2,0,7500,0,0.079,,0
C02465,Prepaid,22/08/2021,2023-05-03,45,40,37,2,,0,3660,0,0.235,,0
C01761,Postpaid,2021-04-21,2023-06-25,141,126,120,3,40.34,1,1700,0,0.342,,0
C00142,Prepaid,2017-02-24,2023-05-18,266,236,248,3,,0,5000,0,0.222,,0
C00771,postpaid,2015-09-04,2023-06-12,366,320,306,0,50.8,0,3290,1,0.143,,0
C00208,Postpaid,2017-04-02,2023-06-03,146,87,3,2,99999.0,0,3450,0,0.214,2023-06-08,1
C03127,Postpaid,2021-03-28,2023-06-30,138,150,146,0,38.02,0,7480,0,0.167,,0
C02551,Postpaid,2020-12-06,2023-06-22,436,452,454,0,73.42,0,3480,0,0.1,,0
C03181,Postpaid,2018-05-13,2023-06-09,367,418,380,0,54.92,0,8740,0,0.0,,0
C04556,Postpaid,2018-05-03,2023-06-17,517,474,512,1,66.32,2,2670,0,0.086,,0
C00648,Postpaid,22/01/2019,2023-06-29,562,484,533,1,66.57,1,LEU-3000,0,0.173,,0
C04495,PREPAID,2016-10-12,2023-06-17,68,63,67,2,,0,1200,0,0.116,,0
C00534,Prepaid,2020-10-29,2023-04-13,159,85,0,0,,0,1800,0,0.5,,1
C00846,Postpaid,2020-10-01,2023-06-09,141,151,158,2,39.78,0,8630,0,0.188,,0
C01136,Postpaid,2016-01-19,2023-05-18,77,85,77,0,41.08,0,9160,0,0.153,,0
C01309,Postpaid,2019-09-23,2023-05-31,1112,1064,1028,0,117.77,0,4750,1,0.25,,0
C00833,Postpaid,2022-08-17,2023-06-09,73,79,78,0,33.11,0,6960,0,0.359,,0
C02872,Prepaid,2016-10-08,2023-06-02,12,14,14,1,,0,2670,0,0.086,,0
C02701,Prepaid,2022-02-22,2023-04-23,35,29,2,2,,0,1200,0,0.116,,1
C02848,Postpaid,2019-09-02,2023-06-30,537,523,526,1,70.66,1,7130,0,0.143,2024-11-08,0
C02610,Postpaid,2015-02-04,2023-06-04,1451,1317,1224,1,,0,3420,0,0.286,,0
C02928,Prepaid,2018-11-04,2023-06-18,392,429,462,1,,0,4390,0,0.071,,0
C01806,Prepaid,2016-12-27,2023-06-10,104,102,109,1,,0,2670,0,0.086,,0
C01976,Prepaid,2016-10-27,2023-05-07,81,65,3,2,,0,4380,1,0.125,,1
C03885,Postpaid,2015-05-04,2023-06-26,360,387,419,1,57.26,1,7500,0,0.079,,0
C04522,PREPAID,2020-02-08,2023-06-23,118,126,114,1,,0,4390,0,0.071,,0
C02585,Postpaid,2017-11-27,2023-05-14,141,110,4,2,49.08,1,3130,1,0.1,2023-06-03,1
C00039,Postpaid,2014-04-29,2023-06-14,227,238,226,0,60.23,0,1090,0,0.133,,0
C02152,Postpaid,2014-06-04,2023-06-18,195,179,194,1,47.91,0,3000,0,0.173,,0
C02689,postpaid,2017-12-31,2023-05-10,545,600,650,0,79.47,0,8310,0,0.175,,0
C02708,Postpaid,2022-03-25,2023-06-18,28,26,27,2,31.59,0,4600,0,0.102,,0
C00969,Prepaid,2022-06-12,2023-06-15,205,226,220,1,,0,4600,1,0.102,,0
C01834,Prepaid,2018-01-06,2023-06-16,39,40,40,0,,0,9100,0,0.136,,0
C03936,Postpaid,2015-05-13,2023-05-15,265,285,269,1,49.55,0,5490,0,0.118,,0
C03316,Postpaid,2014-05-30,2023-05-22,1109,1057,1161,0,93.86,0,1700,0,0.342,,0
C01531,Prepaid,2016-11-27,2023-06-18,71,69,71,0,,0,5550,0,0.2,,0
C03956,Postpaid,01/04/2017,2023-05-05,93,94,91,2,34.15,0,9160,0,0.153,,0
C04483,Postpaid,2015-12-28,2023-06-23,1160,1174,1274,3,115.7,1,1348,0,0.0,,0
C03188,Prepaid,2023-03-10,2023-06-02,53,55,59,0,,0,5550,0,0.2,,0
C03535,Postpaid,2016-06-13,2023-06-15,337,354,350,0,43.78,0,6900,0,0.205,,0
C00762,Prepaid,2021-11-09,2023-06-30,60,63,67,1,,0,4890,0,0.136,,0
C04968,Postpaid,2022-02-05,2023-05-05,275,246,256,1,44.48,0,8740,0,0.0,,0
C00735,Postpaid,2021-02-06,2023-06-15,59,68,68,0,39.27,0,9160,1,0.153,,0
C03768,Prepaid,2019-05-20,2023-06-12,71,79,77,1,,0,2360,0,0.0,,0
C04983,Prepaid,2020-05-29,2023-06-22,98,92,93,0,,0,5490,0,0.118,,0
C01399,Postpaid,2022-01-12,2023-05-24,293,272,258,1,50.62,0,2670,0,0.086,,0
C01613,Postpaid,2015-04-20,2023-04-27,386,256,13,1,46.71,0,1300,1,0.26,2023-06-20,1
C03048,Prepaid,2018-08-19,2023-06-13,104,113,116,1,,0,9160,0,0.153,,0
C02559,Prepaid,2015-05-11,2023-05-04,84,87,88,0,,0,9860,0,0.132,,0
C01117,postpaid,2018-12-11,2023-06-01,131,140,150,1,41.81,0,9100,0,0.136,,0
C03325,Postpaid,2014-05-28,2023-06-03,350,323,313,1,55.48,0,3000,0,0.173,,0
C01729,postpaid,2021-11-07,2023-06-28,151,133,134,2,51.66,1,5350,0,0.214,,0
C01635,Postpaid,2018-01-08,2023-06-20,22,20,22,2,31.37,0,8630,0,0.188,,0
C02625,Prepaid,2016-06-21,2023-05-26,70,72,78,5,,0,4370,0,0.074,,0
C04139,Postpaid,2021-03-17,2023-06-24,49,46,50,1,13.53,0,3000,0,0.173,2025-01-09,0
C02014,Postpaid,2019-06-23,2023-06-21,198,176,185,0,,1,9100,0,0.136,,0
C02084,Prepaid,2018-01-13,2023-04-07,43,43,1,1,,0,7000,0,0.429,,1
C02918,Postpaid,2020-11-27,2023-06-01,746,646,645,1,75.73,1,4120,0,0.125,,0
C01225,Prepaid,2019-02-10,2023-04-10,45,22,1,1,,0,1700,1,0.342,,1
C03029,Postpaid,2017-07-05,2023-06-11,162,176,178,1,,0,8560,0,0.233,,0
C01966,postpaid,2021-11-28,2023-06-05,219,209,209,1,39.52,0,1270,0,0.167,2023-11-18,0
C02127,Postpaid,2014-02-01,2023-06-22,157,157,164,0,56.02,1,2790,0,0.2,,0
C02864,Postpaid,2019-09-24,2023-05-12,172,150,145,1,38.42,0,LEU-3000,0,0.173,,0
C01564,Prepaid,05/09/2018,2023-06-02,34,38,38,0,,0,3740,0,0.129,,0
C00316,Postpaid,2018-08-16,2023-06-03,169,186,176,1,40.91,0,9020,0,0.143,,0
C00024,Postpaid,2020-04-23,2023-06-10,528,558,541,0,60.26,0,2670,0,0.086,,0
C02064,Prepaid,2017-02-07,2023-06-01,74,72,75,4,,0,2670,0,0.086,,0
C01876,Postpaid,2014-06-09,2023-06-14,63,58,59,0,29.4,1,8310,0,0.175,,0
C02452,Prepaid,2015-11-30,2023-06-01,109,105,101,0,,0,3000,0,0.173,,0
C01676,Postpaid,2015-05-12,2023-06-01,99,86,3,0,42.7,0,6960,1,0.359,2023-06-27,1
C02996,Postpaid,2017-06-25,2023-06-24,402,398,366,0,51.63,1,3290,1,0.143,2025-07-21,0
C01642,Postpaid,2020-11-15,2023-05-11,188,189,183,0,37.49,0,7500,0,0.079,,0
C01623,Postpaid,2018-08-24,2023-06-18,222,196,193,0,43.19,0,9100,0,0.136,,0
C00872,Prepaid,2021-05-03,2023-06-01,42,45,49,1,,0,3000,0,0.173,,0
C02279,Postpaid,2020-10-11,2023-06-04,204,198,206,0,48.14,0,6140,0,0.0,2024-01-24,0
C00447,postpaid,2021-08-06,2023-06-27,78,69,69,0,24.53,0,8560,0,0.233,,0
C00763,Prepaid,2019-05-04,2023-06-19,60,64,59,1,,0,3000,0,0.173,,0
C01819,Prepaid,2019-09-07,2023-04-20,70,68,4,1,,0,9100,0,0.136,,1
C03032,Prepaid,2014-10-21,2023-06-25,57,51,50,2,,0,6000,0,0.182,,0
C00322,Prepaid,2017-05-03,2023-06-17,191,183,195,0,,0,7980,0,0.222,,0
C03002,Prepaid,2014-10-07,2023-04-12,66,51,2,2,,0,5350,0,0.214,,1
C01772,Postpaid,2020-03-06,2023-04-28,138,79,3,1,33.24,0,9160,0,0.153,2023-06-25,1
C03927,Postpaid,2022-08-27,2023-05-06,102,97,98,2,38.38,2,9800,0,0.2,,0
C04382,Postpaid,2014-09-13,2023-06-19,89,83,91,3,48.92,0,2600,0,0.231,2024-03-28,0
C03868,Postpaid,2019-06-20,2023-06-27,154,176,183,0,45.2,0,4390,0,0.071,,0
C04296,Postpaid,2014-03-17,2023-06-18,782,680,623,0,89.55,0,3130,0,0.1,,0
C03078,Prepaid,2023-04-23,2023-06-16,121,131,140,0,,0,9740,0,0.174,,0
C00151,Postpaid,2016-12-01,2023-06-10,69,63,60,0,26.09,1,9770,1,0.083,,0
C04480,Postpaid,2021-11-23,2023-06-01,142,152,160,0,42.43,1,4740,0,0.5,,0
C03481,Postpaid,2020-12-16,2023-06-10,2236,2318,2207,0,204.96,0,5080,0,0.583,2024-08-09,0
C02987,Postpaid,2017-10-06,2023-05-14,834,867,908,0,102.3,0,9160,0,0.153,,0
C00215,Prepaid,2015-03-25,2023-06-23,73,63,65,1,,0,5680,0,0.333,,0
C00997,Postpaid,2019-08-01,2023-06-28,222,201,204,2,53.77,0,6380,0,0.167,,0
C01767,Postpaid,2016-09-21,2023-06-04,398,411,411,1,52.35,1,6860,0,0.278,,0
C03160,Postpaid,2021-05-31,2023-06-14,186,203,194,3,41.08,1,3000,0,0.173,,0
C04759,Postpaid,2016-08-14,2023-06-23,413,369,338,0,50.15,0,2900,0,0.167,,0
C04198,Postpaid,2023-01-07,2023-06-18,110,112,105,0,35.42,0,2440,0,0.167,2024-11-09,0
C03307,Prepaid,2016-08-08,2023-06-18,62,55,55,2,,0,7910,0,0.0,,0
C02983,Postpaid,2020-06-15,2023-06-03,684,653,644,0,75.39,0,5400,0,0.0,,0
C04451,Postpaid,2014-01-26,2023-06-22,725,739,739,3,75.03,0,1200,0,0.116,,0
C04016,Prepaid,2015-12-03,2023-06-23,20,18,17,1,,0,4250,0,0.4,,0
C00033,Postpaid,2014-10-13,2023-06-20,368,329,343,0,61.58,0,8310,0,0.175,,0
C00915,Postpaid,2016-07-10,2023-06-23,178,165,160,1,34.25,1,3000,0,0.173,,0
C00012,Postpaid,2017-05-31,2023-06-27,352,405,386,0,57.1,1,5700,0,0.273,,0
C02992,Prepaid,2018-11-11,2023-05-23,689,644,617,1,,0,9160,0,0.153,,0
C03067,Postpaid,2018-08-29,2023-05-19,132,148,144,0,41.0,1,9860,1,0.132,,0
C01230,Postpaid,2014-05-14,2023-06-20,244,263,255,1,,1,3460,0,0.0,,0
C04393,Prepaid,2016-02-05,2023-04-07,65,30,1,1,,0,6900,1,0.205,,1
C01337,Prepaid,2019-10-24,2023-04-29,17,10,0,0,,0,1700,1,0.342,,1
C02098,Postpaid,2018-07-04,2023-05-09,162,145,156,0,30.96,0,9160,0,0.153,,0
C02517,Prepaid,2017-05-05,2023-06-01,148,156,148,0,,0,9860,0,0.132,,0
C03736,Postpaid,2022-03-15,2023-05-13,491,429,461,1,59.69,0,3000,0,0.173,,0
C03375,Post-paid,2022-06-07,2023-06-20,174,181,182,0,48.6,2,9160,1,0.153,,0
C01992,Postpaid,2019-06-16,2023-05-12,250,227,209,0,48.39,0,6430,0,0.188,,0
C02142,Postpaid,2021-07-07,2023-05-10,1494,1008,24,1,102.71,1,3540,1,0.091,2023-06-29,1
C02275,Postpaid,2020-09-03,2023-06-28,262,301,320,0,46.83,1,3000,0,0.173,,0
C02221,Postpaid,2016-12-02,2023-06-27,1988,2013,1918,1,175.41,1,4600,0,0.102,2024-06-06,0
C00268,Postpaid,2016-09-28,2023-06-01,312,304,322,0,44.26,0,2670,0,0.086,2024-03-22,0
C00554,Postpaid,2018-05-07,2023-06-25,168,162,146,1,41.09,0,3000 Leuven,0,0.173,,0
C04809,Prepaid,2022-05-17,2023-05-19,29,26,25,1,,0,5350,0,0.214,,0
C03163,Postpaid,2014-06-06,2023-06-19,117,3909,129,0,36.32,0,4390,0,0.071,,0
C04626,Postpaid,2019-07-24,2023-06-10,447,387,417,2,53.6,2,1700,0,0.342,,0
C02118,Postpaid,2021-08-10,2023-05-23,774,408,21,0,68.37,1,3310,1,0.182,2023-06-21,1
C02075,Prepaid,2021-11-23,2023-06-22,49,54,52,0,,0,4600,0,0.102,,0
C02512,Prepaid,2018-11-30,2023-04-30,10,7,0,3,,0,3000 Leuven,1,0.173,,1
C02183,Postpaid,2015-04-30,2023-06-28,454,392,386,1,59.88,0,5290,0,0.171,,0
C01314,Postpaid,2022-10-01,2023-06-26,815,831,879,0,94.65,0,3000,1,0.173,,0
C02516,Postpaid,2022-09-28,2023-05-17,28,28,27,1,46.8,0,9160,0,0.153,2025-01-22,0
C04619,Prepaid,2018-04-17,2023-06-06,68,59,58,1,,0,2670,0,0.086,,0
C03405,Prepaid,2022-12-16,2023-05-03,80,79,3,0,,0,4120,1,0.125,,1
C02788,Prepaid,2020-07-19,2023-06-22,68,74,74,0,,0,1700,0,0.342,,0
C03727,Postpaid,2014-02-05,2023-06-02,1278,1267,1338,0,128.71,0,9160,0,0.153,,0
C04141,Prepaid,2019-08-18,2023-05-05,8,10,9,0,,0,9160,0,0.153,,0
C03271,Prepaid,2019-11-21,2023-05-15,137,64,0,1,,0,1300,1,0.26,,1
C02522,Postpaid,2017-05-15,2023-05-06,34,29,28,0,34.31,0,2500,0,0.118,2024-08-21,0
C02066,Postpaid,2017-12-08,2023-06-29,185,180,196,1,49.65,0,8990,0,0.5,,0
C02206,Prepaid,2020-06-09,2023-06-29,82,71,71,0,,0,5290,0,0.171,,0
C01204,Postpaid,2019-07-11,2023-06-26,168,148,158,1,38.5,0,6900,0,0.205,,0
C01310,Postpaid,2018-11-02,2023-06-17,219,211,225,0,40.13,1,9100,0,0.136,,0
C01090,Prepaid,2017-01-01,2023-06-22,92,103,107,4,,0,1110,0,0.0,,0
C00153,Postpaid,2019-12-22,2023-06-09,449,485,504,0,65.99,1,9160,0,0.153,,0
C02533,Postpaid,2014-08-09,2023-06-08,44,43,42,1,35.61,0,3000,0,0.173,,0
C04265,Prepaid,2018-09-02,2023-06-24,158,164,173,0,,0,3270,0,0.0,,0
C04508,Prepaid,2022-10-09,2023-04-08,24,17,0,0,,0, 6900,1,0.205,,1
C03784,Postpaid,2022-03-06,2023-05-14,275,263,247,3,53.62,0,4600,0,0.102,,0
C03168,Postpaid,2021-07-19,2023-05-06,676,659,653,1,82.36,1,9160,0,0.153,,0
C04681,Prepaid,2016-12-26,2023-06-14,204,219,207,1,,0,9160,0,0.153,,0
C00785,Prepaid,2022-10-23,2023-06-17,63,63,69,0,,0,2400,0,0.3,,0
C02468,Postpaid,2022-04-19,2023-05-20,160,166,165,1,49.56,0,7310,0,0.111,,0
C02660,Postpaid,2021-05-28,2023-06-05,234,222,2,4,50.48,0,9160,0,0.153,2023-06-12,1
C02633,Postpaid,2014-11-07,2023-06-20,154,135,141,1,,1,2670,0,0.086,,0
C04429,Prepaid,2018-06-25,2023-06-05,29,33,34,1,,0,6620,0,0.118,,0
C00791,Postpaid,2017-05-12,2023-06-01,87,80,80,2,27.68,2, 9160,0,0.153,,0
C04225,Postpaid,2022-09-27,2023-06-04,117,99,6,6,29.62,0,9160,1,0.153,2023-06-10,1
C00446,Postpaid,2020-09-16,2023-04-28,214,154,1,0,39.31,2,2500,1,0.118,2023-06-22,1
C03080,Prepaid,2014-12-20,2023-06-07,308,278,303,1,,0,2670,0,0.086,,0
C01254,Postpaid,2022-02-05,2023-05-31,60,40,1,0,33.47,1,3000 Leuven,1,0.173,2023-06-20,1
C04914,Postpaid,2023-02-04,2023-04-28,71,54,3,0,35.44,0,9740,1,0.174,2023-06-24,1
C03278,Postpaid,2014-02-17,2023-05-24,424,402,435,0,64.22,0,1700,0,0.342,,0
C01986,Prepaid,2019-06-20,2023-05-09,598,589,549,0,,0,6020,0,0.167,,0
C01981,Postpaid,2016-05-09,2023-06-04,69,73,75,0,25.97,1,7450,0,0.0,,0
C01417,Prepaid,2021-02-22,2023-06-10,53,47,45,1,,0,9160,1,0.153,,0
C03534,Prepaid,2016-09-15,2023-06-30,62,55,51,1,,0,1700,0,0.342,,0
C04476,Prepaid,2015-11-16,2023-05-06,118,115,114,0,,0,4390,0,0.071,,0
C01270,Postpaid,2014-12-07,2023-06-20,95,85,89,1,45.2,1,3000,0,0.173,,0
C04214,Postpaid,2014-12-12,2023-06-12,431,473,453,1,64.36,0,9160,0,0.153,,0
C01010,Prepaid,2014-02-27,2023-06-09,124,122,133,0,,0,3000,0,0.173,,0
C02096,Prepaid,2018-01-15,2023-06-03,120,94,0,5,,0,3000,1,0.173,,1
C04801,Prepaid,2021-06-22,2023-06-03,30,29,30,0,,0,5290,0,0.171,,0
C04089,Postpaid,2019-08-24,2023-06-21,458,480,517,0,68.48,0,1300,0,0.26,,0
C02345,Postpaid,2015-08-20,2023-05-24,404,378,359,0,59.49,0,4600,0,0.102,,0
C01073,Prepaid,2017-01-03,2023-05-26,32,32,35,1,,0,6870,0,0.28,,0
C03899,Postpaid,2021-04-26,2023-06-04,102,112,110,0,37.61,0,6900,0,0.205,,0
C03349,Postpaid,2021-01-13,2023-06-22,198,196,209,1,,0,9770,0,0.083,,0
C03134,Prepaid,2022-08-21,2023-06-03,30,26,26,0,,0,4390,0,0.071,,0
C02746,Prepaid,2023-04-23,2023-05-28,144,117,2,1,,0,4740,0,0.5,,1
C00887,Postpaid,2018-08-24,2023-06-23,91,90,94,0,32.28,1,3540,0,0.091,,0
C03962,Prepaid,2020-11-08,2023-05-19,72,52,1,1,,0,7000,0,0.429,,1
C00196,Prepaid,16/09/2021,2023-06-24,96,95,97,0,,0,6430,0,0.188,,0
C02692,Prepaid,2018-02-03,2023-06-26,78,87,96,4,,0,9160,0,0.153,,0
C01138,Prepaid,2019-12-04,2023-06-25,92,82,76,0,,0,2670,0,0.086,,0
C00377,Postpaid,2017-04-23,2023-06-06,346,307,323,1,51.87,0,2670,0,0.086,,0
C02001,Postpaid,2018-12-03,2023-06-02,223,247,247,1,37.57,0,8760,0,0.2,,0
C02598,Postpaid,2023-01-20,2023-06-08,642,593,553,2,74.48,0,5870,0,0.167,,0
C04238,Postpaid,2015-08-15,2023-05-15,152,168,184,0,36.45,0,1690,0,0.167,,0
C04617,Prepaid,2018-01-02,2023-06-19,67,65,66,1,,0,3630,0,0.286,,0
C01662,Prepaid,2015-11-22,2023-06-30,12,13,13,1,,0,2670,0,0.086,,0
C01267,Prepaid,2014-02-11,2023-05-16,17,9,0,2,,0,1300,0,0.26,,1
C01931,Postpaid,2015-01-09,2023-06-23,324,320,347,2,49.88,0,2670,0,0.086,,0
C01792,Postpaid,2022-05-25,2023-06-03,229,212,210,3,48.08,0,LEU-3000,0,0.173,,0
C03292,Postpaid,2022-04-08,2023-05-24,592,308,4,2,43.92,2,1700,0,0.342,2023-06-23,1
C04211,Postpaid,2020-05-16,2023-04-16,187,113,0,2,37.68,0,2230,1,0.421,2023-06-12,1
C00973,Postpaid,2021-03-30,2023-05-01,682,487,10,1,53.01,0,3000,0,0.173,2023-06-15,1
C03729,Postpaid,2018-04-13,2023-06-11,443,407,437,3,64.12,0,3140,1,0.2,,0
C03578,Postpaid,2018-06-04,2023-06-07,426,368,343,3,57.47,0,7990,0,0.2,,0
C00162,Prepaid,2019-09-03,2023-05-18,40,45,46,0,,0,7980,0,0.222,,0
C02128,Prepaid,2015-03-22,2023-06-03,54,61,57,0,,0,5040,0,0.0,,0
C04837,Postpaid,15/02/2016,2023-06-07,145,152,137,1,37.98,0,1080,0,0.381,,0
C03925,Postpaid,2022-06-11,2023-06-20,161,150,152,0,46.51,0,1740,0,0.161,,0
C03946,Postpaid,2018-08-21,2023-06-21,198,193,201,1,33.5,0,8980,0,0.125,,0
C02647,Postpaid,2020-12-26,2023-06-23,38,39,38,0,29.1,0,9860,0,0.132,2025-02-20,0
C02085,Prepaid,2017-06-27,2023-05-01,24,21,1,0,,0,1090,1,0.133,,1
C03653,Postpaid,2015-10-22,2023-06-01,146,159,165,0,52.59,1,1320,0,0.5,2023-11-10,0
C02031,Prepaid,2022-12-20,2023-06-12,86,98,93,0,,0,9160,0,0.153,,0
C03608,Postpaid,2017-08-16,2023-06-18,663,678,700,0,77.12,2,4200,0,0.0,2024-05-23,0
C02408,Postpaid,2018-06-10,2023-06-14,241,262,246,1,54.03,0,3000,0,0.173,,0
C02656,Postpaid,2018-04-05,2023-06-13,146,131,133,0,42.54,2,3000,0,0.173,,0
C04413,Prepaid,2017-02-28,2023-05-09,66,60,3,2,,0,9100,1,0.136,,1
C00734,Postpaid,2019-10-29,2023-06-09,333,371,369,1,52.14,0,9160,0,0.153,,0
C02095,Postpaid,2019-09-02,2023-04-05,68,70,1,4,31.9,2,7130,1,0.143,2023-06-09,1
C01678,Postpaid,2022-08-18,2023-06-04,119,133,132,1,31.64,0,3000,0,0.173,,0
C02145,Prepaid,2021-08-06,2023-04-13,11,7,0,2,,0,3660,1,0.235,,1
C00517,Prepaid,2016-11-14,2023-06-03,65,63,60,1,,0,9160,0,0.153,,0
C01513,Prepaid,2018-02-15,2023-06-26,19,16,17,0,,0,9100,0,0.136,,0
C02720,Postpaid,2021-06-01,2023-06-12,171,152,160,0,37.82,0,3250,0,0.062,2024-08-27,0
C02083,Postpaid,2023-03-24,2023-06-10,995,910,968,0,92.12,0,2500,0,0.118,,0
C00787,Postpaid,2016-06-12,2023-06-27,266,246,235,1,39.53,1,1070,0,0.2,,0
C01453,Postpaid,2018-01-09,2023-06-20,64,59,63,1,37.69,0,1200,1,0.116,,0
C01315,Prepaid,2019-01-02,2023-05-09,66,72,78,4,,0,3310,0,0.182,,0
C04074,Postpaid,2018-03-22,2023-04-27,141,140,2,1,43.16,1,3980,0,0.222,2023-06-19,1
C04721,Postpaid,2017-10-09,2023-06-29,738,800,842,0,100.35,0,2670,0,0.086,,0
C02389,Prepaid,2016-11-13,2023-06-18,38,34,31,0,,0,9160,0,0.153,,0
C01125,Postpaid,2018-07-24,2023-06-25,153,167,182,1,37.79,0,5590,0,0.0,,0
C04601,Postpaid,2022-06-03,2023-06-22,390,353,380,1,42.62,0, 9100,0,0.136,,0
C02804,Postpaid,2019-10-04,2023-06-25,427,401,370,1,58.74,0,5350,1,0.214,2025-02-08,0
C03005,Postpaid,2019-08-15,2023-06-27,291,315,345,3,65.3,0,3000,0,0.173,,0
C04824,Postpaid,2015-08-11,2023-06-10,164,176,169,0,33.11,0,4750,0,0.25,2024-04-09,0
C00140,Prepaid,2017-10-27,2023-06-14,130,137,136,0,,0,4390,0,0.071,,0
C03445,Postpaid,2022-05-12,2023-06-21,1010,1021,1007,0,110.69,0,3040,0,0.5,,0
C04915,Postpaid,2019-12-09,2023-06-09,72,64,68,2,38.77,0,9100,0,0.136,,0
C02825,Postpaid,2018-08-28,2023-06-27,430,397,367,0,58.58,0,9100,1,0.136,,0
C00533,Postpaid,2022-09-11,2023-05-12,554,489,534,1,65.49,0,9860,0,0.132,,0
C00064,Postpaid,2022-11-20,2023-06-13,171,153,153,1,36.29,0,7180,0,0.143,,0
C01852,Postpaid,2019-10-13,2023-06-14,188,168,185,2,35.46,1,3000,0,0.173,2024-04-28,0
C02530,Postpaid,2015-11-07,2023-06-25,204,212,221,0,39.84,0,1050,0,0.278,,0
C00960,Postpaid,2021-01-24,2023-06-08,592,609,640,1,71.25,0,4390,0,0.071,,0
C01276,Postpaid,2023-01-15,2023-06-19,744,658,659,0,87.45,0,7130,0,0.143,,0
C03313,Prepaid,2019-01-08,2023-06-14,36,37,34,2,,0,1740,0,0.161,,0
C02954,Postpaid,2017-07-21,2023-06-11,56,49,45,0,29.04,1,9100,0,0.136,,0
C01405,Postpaid,2021-05-28,2023-06-24,314,359,359,0,60.05,0,3000,0,0.173,,0
C04031,Postpaid,2018-01-15,2023-06-27,1039,1048,999,0,110.44,1,3000 Leuven,0,0.173,,0
C02043,Postpaid,2021-07-03,2023-06-06,145,128,115,1,32.4,2,3000,0,0.173,2024-09-08,0
C01949,Postpaid,2023-05-14,2023-05-22,85,49,2,0,27.65,1,5350,1,0.214,2023-06-23,1
C00333,Prepaid,2016-04-18,2023-06-15,77,71,72,0,,0,3060,0,0.286,,0
C04454,Postpaid,2021-08-23,2023-06-30,2377,2365,2373,1,207.63,0,9160,0,0.153,,0
C03447,Postpaid,2021-08-25,2023-06-09,144,144,153,1,33.26,0,1300,0,0.26,,0
C03739,Prepaid,2022-09-23,2023-04-09,48,46,2,1,,0,7000,1,0.429,,1
C03567,Postpaid,2014-07-02,2023-06-16,266,258,269,1,64.37,0,3090,0,0.125,,0
C02888,Postpaid,2023-03-29,2023-06-13,329,361,378,1,63.16,0,3310,0,0.182,,0
C01933,Postpaid,2014-01-09,2023-06-26,459,497,477,0,69.18,500,3480,0,0.1,,0
C00632,Postpaid,2019-02-03,2023-06-18,458,495,525,1,58.07,0,9100,0,0.136,2024-12-28,0
C03473,Postpaid,2021-06-11,2023-05-27,321,156,9,0,37.34,0,1050,1,0.278,2023-06-21,1
C04784,Prepaid,2020-12-29,2023-06-13,104,117,118,0,,0,9100,0,0.136,,0
C03753,Postpaid,2020-05-17,2023-05-25,207,187,182,0,33.75,0,7030,0,0.143,,0
C04397,Prepaid,2019-05-14,2023-05-01,167,106,2,0,,0,1310,0,0.143,,1
C04461,Postpaid,2018-08-14,2023-06-14,176,161,155,1,39.48,1,3000,0,0.173,,0
C02294,Postpaid,2014-07-02,2023-06-12,240,256,273,0,35.99,1,3000,0,0.173,,0
C04298,Postpaid,2017-06-08,2023-06-10,486,430,400,0,63.25,0,4390,0,0.071,,0
C00406,Postpaid,2014-02-10,2023-05-18,58,42,2,1,28.55,1,9160,0,0.153,2023-06-23,1
C02584,Postpaid,2015-04-21,2023-06-02,19,21,23,0,38.22,0,9160,1,0.153,,0
C02088,Postpaid,2021-03-25,2023-04-21,589,499,22,3,57.39,0,3000,1,0.173,2023-06-26,1
C04859,Postpaid,2023-01-03,2023-06-26,153,165,165,0,32.38,0,3660,0,0.235,,0
C00527,Postpaid,2014-02-08,2023-06-11,54,51,48,2,31.72,0,3000,0,0.173,2024-09-14,0
C03840,Postpaid,2016-03-09,2023-06-17,270,300,311,1,48.48,0,1800,1,0.5,2025-05-31,0
C04598,Postpaid,2014-07-30,2023-06-02,127,145,155,0,54.25,0, 9100,0,0.136,,0
C01289,Postpaid,2014-08-16,2023-05-04,295,326,294,2,49.99,0,6430,0,0.188,,0
C01826,Postpaid,2016-05-18,2023-06-25,461,449,431,1,67.36,1,3420,0,0.286,,0
C04680,Postpaid,2021-11-07,2023-04-20,156,139,2,4,36.46,1,3000,1,0.173,2023-06-11,1
C03906,Postpaid,2016-04-25,2023-06-09,53,54,50,0,28.89,0,6900,0,0.205,,0
C00857,Postpaid,2014-02-28,2023-04-03,393,347,10,4,47.27,0,9000,1,0.429,2023-06-09,1
C00558,Prepaid,2018-09-18,2023-06-22,20,23,22,0,,0,2670,0,0.086,,0
C03338,Postpaid,2016-08-01,2023-05-07,140,155,152,1,46.78,0,4750,0,0.25,,0
C04620,Postpaid,2019-09-28,2023-06-21,251,246,264,0,50.9,1,3660,0,0.235,2024-06-18,0
C03521,Postpaid,2018-11-06,2023-06-03,249,248,252,2,44.4,0,1740,0,0.161,,0
C01435,Post-paid,2016-09-02,2023-06-13,231,243,224,0,40.88,0,6900,0,0.205,,0
C04513,Postpaid,2014-03-14,2023-06-12,196,200,207,1,46.24,0,9230,0,0.389,,0
C04223,Postpaid,2020-05-18,2023-05-20,257,239,262,1,40.93,0,6680,0,0.286,,0
C04573,Prepaid,2021-05-21,2023-06-01,19,19,19,3,,0,4120,0,0.125,,0
C04734,Postpaid,08/05/2021,2023-05-18,364,388,354,0,53.22,1,3000,0,0.173,,0
C03939,Postpaid,2021-02-03,2023-05-10,274,261,6,4,47.01,1,3000,1,0.173,2023-06-06,1
C01021,Postpaid,2018-09-16,2023-06-04,77,70,3,0,27.05,1,7110,1,0.3,2023-06-29,1
C02963,Postpaid,2019-12-04,2023-06-08,293,267,243,0,48.37,0,6620,0,0.118,2024-03-07,0
C00512,Postpaid,2017-08-15,2023-06-04,81,71,72,2,26.0,0,7650,0,0.182,2024-01-26,0
C02733,Postpaid,2016-08-15,2023-06-19,135,138,131,1,44.11,0,3000,0,0.173,,0
C02780,Postpaid,2022-08-07,2023-06-25,409,451,485,2,58.09,0,6900,0,0.205,,0
C01887,Prepaid,2014-04-27,2023-05-14,132,112,104,1,,0,9160,0,0.153,,0
C03192,Postpaid,2022-12-02,2023-04-04,630,613,37,3,73.91,1,3660,0,0.235,2023-06-10,1
C01799,Prepaid,2016-02-16,2023-05-18,46,43,40,0,,0,3740,0,0.129,,0
C01149,Postpaid,2015-10-03,2023-06-12,92,80,73,0,22.91,0,6960,0,0.359,,0
C02108,Postpaid,2020-09-08,2023-06-27,1136,1044,1026,1,110.94,0,LEU-3000,0,0.173,,0
C01563,Postpaid,2018-05-29,2023-06-09,124,109,118,2,34.06,0,6470,1,0.214,,0
C01744,Postpaid,2018-10-10,2023-06-08,178,165,157,0,43.29,0,3000,0,0.173,,0
C00607,Postpaid,2014-02-03,2023-05-07,342,277,4,1,48.46,0,1700,1,0.342,2023-06-27,1
C03645,Postpaid,2020-09-30,2023-06-23,342,362,391,0,54.2,0,5380,0,0.167,,0
C00933,Prepaid,2020-02-03,2023-06-12,77,87,82,1,,0,3000,0,0.173,,0
C01332,Postpaid,2022-12-27,2023-06-02,425,432,449,1,59.63,0,5550,0,0.2,2025-03-09,0
C04005,Postpaid,2014-04-11,2023-06-27,160,156,166,0,40.27,0,2150,0,0.094,,0
C01182,Postpaid,2014-03-31,2023-06-17,264,285,314,1,56.9,1,8980,0,0.125,,0
C04841,Postpaid,2019-06-28,2023-06-15,235,202,200,0,44.62,1,9160,0,0.153,,0
C04900,Postpaid,2017-05-01,2023-06-23,115,112,111,0,,0,8430,0,0.2,,0
C01770,Postpaid,2021-12-02,2023-05-16,192,182,178,1,37.59,0,1700,0,0.342,2023-09-03,0
C01756,Postpaid,2016-09-29,2023-06-14,818,751,732,0,79.72,1,6470,0,0.214,,0
C04273,Postpaid,2014-09-09,2023-04-28,1436,1052,46,1,110.56,1,7480,1,0.167,2023-06-09,1
C01346,Postpaid,2016-05-09,2023-06-13,53,49,51,0,31.82,1,8800,0,0.231,,0
C00511,Postpaid,2021-07-11,2023-06-12,187,203,222,1,24.95,0,LEU-3000,0,0.173,,0
C01677,Postpaid,2015-05-23,2023-06-22,662,704,770,2,79.37,0,4180,0,0.167,,0
C02062,Postpaid,2016-07-25,2023-04-28,239,174,2,1,41.73,0,1700,1,0.342,2023-06-01,1
C04872,Postpaid,2015-11-25,2023-06-19,110,99,97,0,32.12,0,7130,0,0.143,,0
C00457,Prepaid,2022-11-11,2023-05-08,14,7,0,5,,0,2670,1,0.086,,1
C01809,Prepaid,2018-01-02,2023-04-11,157,133,6,4,,0,5290,0,0.171,,1
C02511,Prepaid,2017-10-09,2023-06-28,107,99,96,1,,0,9160,0,0.153,,0
C00757,Postpaid,2020-11-06,2023-05-18,111,114,103,2,43.39,0,9100,0,0.136,,0
C02464,Postpaid,2022-12-16,2023-06-08,83,85,87,2,41.32,0,8760,0,0.2,,0
C01066,Postpaid,2014-01-21,2023-06-18,71,72,68,1,99999.0,2,1670,0,0.125,,0
C01266,Prepaid,2019-01-30,2023-06-04,46,48,50,0,,0,6380,0,0.167,,0
C02556,Postpaid,2020-07-19,2023-06-22,64,65,65,0,35.92,0,9160,0,0.153,,0
C01820,Postpaid,2020-04-04,2023-06-26,75,76,74,2,38.7,0,1080,0,0.381,,0
C00692,Prepaid,2021-12-18,2023-04-06,82,39,2,0,,0,1700,1,0.342,,1
C03848,Postpaid,2022-06-19,2023-05-12,223,196,205,0,49.63,1,3000,0,0.173,,0
C04237,Postpaid,2019-07-29,2023-05-08,2231,2167,2093,1,186.92,0,9160,0,0.153,,0
C00502,Postpaid,2016-12-15,2023-06-13,63,65,62,1,36.58,0,2670,0,0.086,,0
C02169,Postpaid,2014-09-02,2023-06-15,610,549,580,0,76.15,0,8360,0,0.1,,0
C02602,Prepaid,2015-06-05,2023-04-26,89,87,3,2,,0,9100,1,0.136,,1
C01039,Postpaid,2018-12-28,2023-06-25,1885,1829,1858,0,164.49,1,2590,0,0.0,,0
C01022,Prepaid,2019-02-17,2023-06-03,108,72,1,1,,0,5350,1,0.214,,1
C00358,Prepaid,2017-06-30,2023-04-13,84,61,1,0,,0,2070,1,0.312,,1
C04692,Postpaid,2023-05-09,2023-06-24,841,736,809,0,77.21,0,4890,0,0.136,2025-07-19,0
C01509,postpaid,2023-01-13,2023-06-02,178,183,184,1,43.62,0,6960,0,0.359,,0
C00211,Postpaid,2020-12-22,2023-04-06,73,68,3,7,32.32,0,9160,1,0.153,2023-06-14,1
C03841,Postpaid,2016-09-08,2023-06-02,1807,-129,1462,0,150.21,0,9100,0,0.136,,0
C02082,Prepaid,2015-04-03,2023-06-15,79,69,68,0,,0,LEU-3000,0,0.173,,0
C00737,Postpaid,2017-07-27,2023-06-10,188,161,149,2,36.67,0,7100,0,0.0,,0
C03484,Postpaid,2020-04-11,2023-06-25,764,719,656,1,81.17,0,9160,0,0.153,,0
C03285,Postpaid,2018-10-04,2023-06-11,225,250,229,0,49.33,0,4390,0,0.071,,0
C04555,Postpaid,12/05/2018,2023-06-26,91,101,97,0,36.66,0,3300,0,0.214,,0
C03967,Postpaid,2021-03-23,2023-06-12,368,353,388,0,51.98,2,3000 Leuven,0,0.173,,0
C00717,Postpaid,2015-05-23,2023-06-21,143,156,151,0,35.51,0,3000,0,0.173,,0
C02525,Postpaid,2020-10-11,2023-05-30,26,20,0,5,35.31,2,2660,0,0.25,2023-06-09,1
C02489,Postpaid,2022-05-31,2023-06-18,128,140,143,0,39.84,2,3090,0,0.125,,0
C00904,Prepaid,2018-02-23,2023-06-28,29,27,28,1,,0,9160,0,0.153,,0
C01335,Prepaid,2016-08-14,2023-06-14,43,46,46,1,,0,3600,0,0.0,,0
C03716,Prepaid,2021-11-26,2023-06-26,1059,1024,1119,0,,0,3000,0,0.173,,0
C04243,Postpaid,2023-01-14,2023-06-06,277,295,272,1,61.36,0,6820,1,0.0,,0
C02281,Prepaid,2021-01-05,2023-05-06,79,76,73,0,,0,6900,0,0.205,,0
C01103,Postpaid,2019-07-13,2023-04-15,89,56,2,0,27.64,0,1300,1,0.26,2023-06-13,1
C01031,Prepaid,2015-01-01,2023-06-11,188,160,149,1,,0,3000,0,0.173,,0
C02435,Postpaid,2022-03-11,2023-05-16,559,573,521,1,70.31,2,9160,1,0.153,,0
C02427,Postpaid,2018-06-29,2023-06-28,382,344,350,1,54.04,1,2260,0,0.35,,0
C04497,Prepaid,2019-07-08,2023-06-18,35,32,31,2,,0,3660,1,0.235,,0
C01669,Postpaid,2020-03-13,2023-06-02,110,114,111,2,39.13,0,4390,0,0.071,,0
C04356,postpaid,2015-12-02,2023-06-12,164,156,162,2,32.56,0,3450,0,0.214,2024-02-29,0
C01107,Postpaid,2016-02-11,2023-04-11,293,261,13,2,53.48,0,3000 Leuven,1,0.173,2023-06-11,1
C02859,Prepaid,2020-01-25,2023-04-07,49,44,1,1,,0,9160,1,0.153,,1
C02664,Prepaid,24/05/2019,2023-04-30,56,42,1,3,,0,8310,0,0.175,,1
C01625,Postpaid,2023-03-03,2023-05-23,287,278,299,0,49.49,0,9770,0,0.083,,0
C01384,Prepaid,2016-06-25,2023-06-28,15,15,14,1,,0,2670,0,0.086,,0
C04743,Postpaid,2016-04-19,2023-06-27,329,282,263,1,44.23,1,1700,0,0.342,,0
C04645,Postpaid,2021-06-30,2023-05-21,58,52,53,0,23.46,0,3740,0,0.129,,0
C04761,Prepaid,2020-01-02,2023-06-09,213,235,233,0,,0,1700,0,0.342,,0
C00945,Postpaid,2022-08-31,2023-04-23,207,168,7,2,34.13,1,9160,1,0.153,2023-06-29,1
C02331,Postpaid,2017-01-14,2023-06-09,1473,1581,1523,0,162.63,0,3550,0,0.0,,0
C00508,Postpaid,2019-12-17,2023-06-13,620,553,549,2,65.97,2,2670,0,0.086,,0
C03494,Prepaid,2016-10-17,2023-06-26,50,46,49,0,,0,4480,0,0.222,,0
C02004,Postpaid,2019-06-28,2023-05-09,778,758,822,1,87.77,0,9160,0,0.153,,0
C01789,Postpaid,2015-12-05,2023-06-11,236,260,237,0,43.68,0,9160,0,0.153,,0
C02831,Postpaid,2015-08-18,2023-06-09,62,54,57,0,29.27,1,1890,0,0.235,,0
C01121,Postpaid,2016-11-16,2023-06-28,242,240,243,1,49.96,2,3130,0,0.1,2025-07-05,0
C02347,Postpaid,2014-05-29,2023-06-04,37,32,33,1,37.85,0,1300,0,0.26,2024-06-18,0
C04786,Prepaid,2016-01-16,2023-06-27,162,165,168,2,,0,6960,0,0.359,,0
C02222,Postpaid,2015-03-21,2023-06-20,302,325,345,1,56.31,0,2150,0,0.094,,0
C04275,Prepaid,2017-02-10,2023-06-06,51,54,57,0,,0,9100,0,0.136,,0
C00773,Postpaid,2016-11-24,2023-06-26,52,54,48,0,29.99,0,7540,0,0.2,,0
C01696,postpaid,2021-06-18,2023-06-28,216,225,223,1,51.25,1,1310,0,0.143,,0
C04768,Postpaid,2023-03-03,2023-06-20,383,331,326,1,52.7,1,6020,0,0.167,,0
C01220,Prepaid,2019-05-01,2023-05-04,154,142,153,4,,0,7890,0,0.25,,0
C04479,Postpaid,2014-05-06,2023-06-04,103,108,108,0,46.02,0,4390,0,0.071,,0
C04533,Prepaid,2021-04-08,2023-05-17,112,99,4,1,,0,7110,1,0.3,,1
C01557,Postpaid,2022-07-01,2023-06-16,42,38,41,0,37.96,0,5350,0,0.214,,0
C04130,Prepaid,2018-02-28,2023-04-07,107,96,3,2,,0,5860,0,0.5,,1
C01540,Postpaid,2023-03-07,2023-06-06,206,200,198,0,,0,3000,0,0.173,,0
C04554,Postpaid,2023-02-17,2023-05-23,155,139,127,0,54.79,1,2100,0,0.0,,0
C03055,Postpaid,2021-03-11,2023-06-13,131,126,115,0,40.92,1,1070,0,0.2,,0
C04835,Postpaid,2019-11-14,2023-06-15,189,166,175,0,39.09,1,9860,0,0.132,,0
C02036,Postpaid,2020-09-03,2023-06-18,67,67,73,2,29.1,1,4600,0,0.102,2024-09-17,0
C03865,Prepaid,2021-01-24,2023-04-11,60,46,1,4,,0,6870,1,0.28,,1
C00228,Postpaid,2014-09-02,2023-06-18,240,223,205,2,46.21,1,9100,0,0.136,,0
C02806,Prepaid,2015-07-26,2023-06-22,199,225,230,0,,0,1700,0,0.342,,0
C02272,Prepaid,2023-02-20,2023-06-19,65,63,65,0,,0,4370,0,0.074,,0
C03926,Postpaid,2017-04-13,2023-06-27,461,457,413,1,77.07,0,7910,0,0.0,,0
C03058,Prepaid,2015-02-15,2023-06-23,224,255,275,2,,0,9160,0,0.153,,0
C02856,Postpaid,2018-04-04,2023-05-30,125,106,97,1,,0,9160,0,0.153,,0
C02378,Prepaid,2017-02-25,2023-05-20,83,85,79,0,,0,3000,0,0.173,,0
C02653,Prepaid,15/02/2016,2023-06-20,53,59,58,1,,0,6260,1,0.0,,0
C00884,Postpaid,2017-07-14,2023-06-02,143,134,131,1,35.95,0,9770,0,0.083,,0
C01001,Prepaid,2015-01-18,2023-06-17,28,26,27,0,,0,8030,0,0.0,,0
C01209,Postpaid,2021-03-31,2023-06-21,590,581,582,0,76.11,0,1700,0,0.342,,0
C01666,Postpaid,2017-10-29,2023-05-09,146,153,165,1,45.3,0,3000,0,0.173,,0
C01094,Postpaid,2017-03-03,2023-06-29,728,775,818,4,86.44,1,5600,0,0.143,,0
C03707,postpaid,2016-11-30,2023-06-10,295,320,317,1,44.42,0,6170,0,0.0,,0
C04367,Prepaid,2022-10-24,2023-05-20,94,75,4,3,,0,4180,0,0.167,,1
C00436,Postpaid,2015-06-13,2023-05-29,200,200,186,3,41.69,0,9940,0,0.214,,0
C02405,postpaid,2020-04-16,2023-06-12,387,373,408,1,63.44,0,9160,0,0.153,,0
C04197,Prepaid,2016-03-29,2023-06-08,78,68,63,0,,0,9160,0,0.153,,0
C03282,Postpaid,2019-06-07,2023-06-08,1560,1636,1693,1,151.89,0,6430,0,0.188,,0
C02334,Prepaid,2018-03-18,2023-06-23,130,133,126,0,,0,2500,0,0.118,,0
C01758,Postpaid,2015-10-28,2023-06-25,297,270,262,1,43.98,0,9160,0,0.153,,0
C04650,Postpaid,2017-07-31,2023-06-29,275,303,303,2,56.55,1,LEU-3000,0,0.173,2024-06-17,0
C01719,Postpaid,2015-09-04,2023-06-21,215,202,204,0,39.24,1,9860,0,0.132,,0
C03990,Postpaid,2016-03-25,2023-06-05,94,103,104,1,35.96,0,9160,0,0.153,,0
C00579,Prepaid,2019-12-19,2023-06-17,125,111,121,2,,0,1690,0,0.167,,0
C01688,Prepaid,2014-11-16,2023-05-24,111,100,95,1,,0,9100,0,0.136,,0
C01634,Postpaid,2021-06-30,2023-05-29,476,420,449,3,49.23,0,3000,0,0.173,2024-10-15,0
C01411,Postpaid,2021-12-06,2023-06-21,263,302,331,3,60.13,0,8000,1,0.211,2024-12-11,0
C02063,Prepaid,2019-07-24,2023-05-09,22,15,0,0,,0,3000,1,0.173,,1
C01084,Postpaid,31/03/2022,2023-06-13,68,61,56,0,29.18,0,5290,0,0.171,,0
C03559,Prepaid,2019-01-20,2023-06-04,40,40,37,0,,0,3000,0,0.173,,0
C02109,Postpaid,2015-04-30,2023-06-17,69,75,78,0,22.74,0,2670,0,0.086,,0
C04509,Prepaid,2020-01-06,2023-04-14,278,245,5,3,,0,4750,1,0.25,,1
C01541,Postpaid,2021-06-09,2023-05-16,88,75,70,2,35.26,0,1110,0,0.0,,0
C04354,Postpaid,2021-09-21,2023-06-07,199,217,237,1,52.34,0,4390,0,0.071,,0
C04054,Postpaid,2015-10-21,2023-06-29,35,34,34,1,25.61,1,9100,0,0.136,,0
C00070,Prepaid,2017-04-28,2023-05-29,100,83,3,2,,0,8560,1,0.233,,1
C01926,Postpaid,2015-03-30,2023-05-10,65,38,1,1,27.41,1,5700,1,0.273,2023-06-13,1
C01030,Postpaid,2014-04-28,2023-06-26,72,64,70,1,37.0,0,3000,0,0.173,,0
C00924,Prepaid,2016-03-16,2023-06-17,255,251,248,0,,0,9160,0,0.153,,0
C04610,Prepaid,2015-12-12,2023-06-28,56,61,59,0,,0,2670,0,0.086,,0
C02566,Postpaid,2020-10-05,2023-06-29,223,244,233,1,54.48,1,6010,0,0.0,,0
C03580,Postpaid,2021-06-10,2023-06-14,482,548,515,2,62.39,0,9160,0,0.153,,0
C01923,Prepaid,2016-11-05,2023-05-16,77,73,4,1,,0,1020,1,0.235,,1
C01412,Postpaid,2017-04-17,2023-06-19,326,354,328,0,56.02,0, 3270,0,0.0,2024-03-28,0
C00220,Postpaid,2017-04-15,2023-06-09,377,415,427,2,54.79,0,9000,0,0.429,,0
C00157,Postpaid,2018-07-27,2023-06-25,76,83,87,3,37.38,0,9770,0,0.083,,0
C01324,Postpaid,2020-04-15,2023-06-29,586,506,532,1,60.24,1,2470,0,0.0,,0
C03373,Prepaid,2022-12-18,2023-05-06,90,86,1,6,,0,3000,0,0.173,,1
C01950,Postpaid,2020-01-30,2023-06-19,242,252,230,2,42.03,0,1480,0,0.375,,0
C04788,Prepaid,2017-02-22,2023-06-21,236,258,244,0,,0,1200,1,0.116,,0
C01490,Prepaid,2019-03-18,2023-06-03,53,47,49,1,,0,9160,0,0.153,,0
C00746,Postpaid,2019-04-18,2023-06-27,165,181,190,1,44.16,0,9160,0,0.153,,0
C02034,Prepaid,2023-01-10,2023-05-19,164,143,154,0,,0,3540,0,0.091,,0
C00407,postpaid,2018-09-11,2023-06-05,118,102,109,0,34.33,1,5120,0,0.0,,0
C00247,Postpaid,2019-03-19,2023-06-30,378,330,309,2,58.28,1,3740,0,0.129,,0
C02582,Prepaid,2018-09-30,2023-06-09,56,53,54,1,,0,4390,0,0.071,,0
C01977,Prepaid,2019-03-14,2023-05-27,25,20,1,5,,0,9040,0,0.3,,1
C01783,Prepaid,2017-06-11,2023-06-03,167,190,206,1,,0,9100,0,0.136,,0
C01815,Prepaid,2015-11-18,2023-06-15,168,148,152,0,,0,9160,0,0.153,,0
C00630,Postpaid,2023-03-04,2023-06-22,209,182,179,0,39.44,0,9540,0,0.2,,0
C00350,Postpaid,2016-09-09,2023-06-02,179,198,199,0,35.19,0,9400,1,0.222,2024-03-19,0
C04160,Postpaid,2016-03-04,2023-05-16,133,137,129,1,32.99,1,6900,0,0.205,,0
C04007,Postpaid,2018-06-03,2023-06-30,330,343,349,3,53.7,0,9160,0,0.153,,0
C04756,Postpaid,2020-01-26,2023-06-18,408,384,361,0,58.17,0,9160,0,0.153,,0
C02657,Prepaid,2018-11-17,2023-06-09,198,204,214,2,,0,1690,0,0.167,,0
C03572,Postpaid,2023-03-10,2023-06-04,242,234,255,0,46.67,0,3000,0,0.173,,0
C01257,Postpaid,19/05/2017,2023-06-03,381,434,424,2,56.2,1,2670,0,0.086,,0
C03923,Postpaid,2016-07-02,2023-06-10,67,60,64,0,31.18,1,8740,0,0.0,,0
C03800,Prepaid,2016-12-07,2023-06-21,140,150,135,2,,0,1080,0,0.381,,0
C01648,Postpaid,2022-04-20,2023-06-13,162,144,153,2,35.15,1,6960,0,0.359,,0
C04578,Postpaid,2021-05-04,2023-06-12,335,378,340,1,56.71,1,5350,0,0.214,,0
C00830,Prepaid,2016-11-30,2023-05-18,88,100,98,1,,0,1050,0,0.278,,0
C04579,Prepaid,2015-05-05,2023-05-19,195,199,8,3,,0,1300,0,0.26,,1
C02382,Postpaid,2017-02-24,2023-06-18,340,294,285,3,46.11,0,2670,0,0.086,2025-05-10,0
C01115,Prepaid,2020-06-20,2023-06-20,298,306,281,0,,0,4370,0,0.074,,0
C04147,Postpaid,2020-01-09,2023-05-28,530,484,451,1,61.98,0,6960,0,0.359,,0
C04178,Postpaid,2021-10-19,2023-06-15,836,763,754,0,86.33,2,9100,0,0.136,2025-05-28,0
C00976,Prepaid,2017-05-18,2023-06-19,69,63,63,2,,0,3420,0,0.286,,0
C04715,Prepaid,2015-07-29,2023-06-26,77,81,77,1,,0,9100,0,0.136,,0
C01781,Postpaid,2014-09-25,2023-06-12,390,399,429,0,50.51,0,9160,0,0.153,,0
C00362,Postpaid,2015-09-21,2023-06-10,251,266,276,1,58.82,0,9860,1,0.132,,0
C02401,Postpaid,2022-10-21,2023-05-31,357,183,5,2,39.86,1,8560,1,0.233,2023-06-17,1
C01902,Prepaid,2017-07-10,2023-05-07,152,117,2,6,,0,9160,0,0.153,,1
C04396,Prepaid,2021-10-08,2023-06-04,231,218,217,0,,0,9860,0,0.132,,0
C03015,Postpaid,2022-07-27,2023-06-08,187,175,164,1,40.53,0,1690,0,0.167,,0
C01159,Prepaid,2014-04-15,2023-06-02,14,14,0,3,,0,3000,0,0.173,,1
C01410,Prepaid,2020-05-31,2023-06-07,146,159,143,0,,0,5290,0,0.171,,0
C01413,Postpaid,2020-02-24,2023-06-04,349,318,313,1,42.38,0,2670,0,0.086,2024-10-20,0
C01721,Postpaid,2015-01-06,2023-06-22,56,54,59,0,26.79,0,2300,0,0.067,,0
C00340,postpaid,2023-05-06,2023-05-22,132,104,2,0,35.54,0,9100,1,0.136,2023-06-20,1
C04017,Prepaid,2022-01-20,2023-06-04,333,375,365,0,,0,1890,0,0.235,,0
C04523,Postpaid,2017-09-16,2023-06-23,461,400,397,1,,1,9100,0,0.136,,0
C03984,Postpaid,2022-12-30,2023-06-21,582,556,589,2,69.95,0,8000,0,0.211,,0
C02228,Prepaid,2018-06-09,2023-06-09,63,56,50,2,,0,8400,0,0.125,,0
C00115,Postpaid,2021-02-17,2023-04-07,57,26,1,0,37.21,0,4600,1,0.102,2023-06-10,1
C03942,Postpaid,2022-01-22,2023-05-15,58,46,1,1,38.96,0,9160,0,0.153,2023-06-28,1
C00711,Postpaid,2021-11-05,2023-06-25,157,160,175,0,54.64,2,3000,0,0.173,,0
C02403,Prepaid,2016-11-18,2023-06-09,74,66,69,2,,0,1200,0,0.116,,0
C02439,Postpaid,2020-12-03,2023-06-18,491,489,531,0,61.66,0,3000,0,0.173,,0
C04649,Postpaid,2015-12-22,2023-06-10,54,53,55,0,36.04,0,7310,0,0.111,,0
C03808,Prepaid,2020-01-29,2023-05-01,159,123,6,1,,0,9160,1,0.153,,1
C01155,Prepaid,2016-05-01,2023-06-11,42,42,44,2,,0,9160,0,0.153,,0
C01769,Postpaid,2016-08-19,2023-06-24,72,70,63,1,38.49,0,9160,0,0.153,,0
C04792,Postpaid,2023-04-02,2023-06-04,157,159,145,0,40.66,1,9480,0,0.143,,0
C02327,Prepaid,2023-02-27,2023-05-16,17,16,1,0,,0,4480,1,0.222,,1
C04618,Postpaid,2017-07-04,2023-05-09,326,343,319,0,56.49,0,4390,0,0.071,,0
C01813,Prepaid,2021-03-08,2023-06-23,56,53,51,2,,0,8430,0,0.2,,0
C03008,Postpaid,2017-05-08,2023-06-16,373,424,456,0,51.46,1,1300,0,0.26,,0
C02450,Prepaid,2016-10-11,2023-06-18,70,79,72,0,,0,4390,0,0.071,,0
C02301,Postpaid,2022-02-04,2023-06-17,63,59,59,0,36.57,0,1348,0,0.0,,0
C03401,Prepaid,2022-09-03,2023-06-09,168,150,154,0,,0,2670,0,0.086,,0
C01288,Postpaid,2021-10-09,2023-05-16,299,278,10,1,57.33,1,LEU-3000,1,0.173,2023-06-03,1
C04562,Postpaid,05/03/2015,2023-05-19,24,23,21,0,27.31,0,1310,0,0.143,,0
C01165,Postpaid,2020-01-25,2023-06-29,150,154,164,1,30.83,0,3130,0,0.1,,0
C03057,Prepaid,2017-12-04,2023-06-14,55,51,54,0,,0,1300,0,0.26,,0
C03183,Prepaid,2019-02-03,2023-06-01,79,76,71,0,,0,9100,0,0.136,,0
C02561,Postpaid,2019-09-04,2023-06-05,250,230,248,0,53.58,0,3000,0,0.173,,0
C02322,Postpaid,2020-01-01,2023-06-21,450,449,464,1,64.28,0,4370,1,0.074,,0
C03600,Postpaid,2014-02-15,2023-05-28,27,31,34,0,36.8,0,3000,0,0.173,,0
C03941,Prepaid,2021-01-31,2023-04-19,100,47,2,2,,0,1700,1,0.342,,1
C00866,Postpaid,2020-12-17,2023-06-17,287,306,318,0,54.39,0,9160,0,0.153,,0
C01467,Postpaid,2017-12-21,2023-06-20,118,135,139,1,28.85,0,1200,0,0.116,,0
C02091,Prepaid,2015-08-10,2023-06-03,284,243,266,1,,0, 3000,0,0.173,,0
C02459,Prepaid,2017-03-05,2023-06-05,15,17,18,0,,0,3000,0,0.173,,0
C02537,Postpaid,2018-08-17,2023-06-10,1653,1509,1446,0,139.27,1,1690,0,0.167,,0
C03340,Prepaid,2017-06-25,2023-06-24,10,9,10,2,,0,LEU-3000,0,0.173,,0
C04652,Postpaid,2014-04-14,2023-06-04,964,881,941,3,93.92,2,3130,0,0.1,2024-01-29,0
C01175,Postpaid,2022-07-27,2023-06-16,230,258,280,2,50.02,0,LEU-3000,0,0.173,2025-01-19,0
C02784,Postpaid,2023-04-05,2023-06-19,250,269,246,1,53.12,0,3020,0,0.222,,0
C01436,Prepaid,2020-05-20,2023-05-25,36,30,31,1,,0,9860,0,0.132,,0
C00903,Postpaid,2020-10-26,2023-06-25,337,294,320,0,45.19,0,6620,0,0.118,,0
C01456,Postpaid,2015-06-01,2023-05-26,225,228,206,2,49.97,0,4370,0,0.074,,0
C02635,Postpaid,2021-06-06,2023-04-29,136,87,2,2,37.06,0,3310,1,0.182,2023-06-20,1
C00355,Postpaid,2020-08-23,2023-06-10,322,365,353,0,50.26,0,6620,0,0.118,,0
C03994,Prepaid,2014-02-06,2023-06-02,16,15,14,0,,0,6790,1,0.0,,0
C03377,Prepaid,2014-09-23,2023-05-29,45,51,54,0,,0,9110,0,0.0,,0
C03221,Post-paid,2018-10-30,2023-05-13,136,144,157,1,42.24,0,9400,0,0.222,,0
C03291,Prepaid,2021-01-10,2023-06-16,192,209,200,1,,0,9860,0,0.132,,0
C00516,Postpaid,2020-12-07,2023-06-08,44,47,50,0,34.71,0,3060,1,0.286,,0
C04693,Postpaid,2016-01-24,2023-06-01,321,281,280,0,51.26,0,9540,0,0.2,2025-05-04,0
C02777,Postpaid,2016-06-22,2023-06-01,42,40,40,1,21.54,0,1770,0,0.0,2025-07-10,0
C03670,Postpaid,2019-02-05,2023-05-06,430,492,496,1,75.15,0,8500,0,0.143,,0
C03831,Postpaid,2017-08-25,2023-04-06,91,93,2,0,34.59,1,5080,0,0.583,2023-06-16,1
C00700,Postpaid,2021-07-16,2023-05-04,194,180,1,1,45.11,1,3000,1,0.173,2023-06-25,1
C02298,Prepaid,2019-08-25,2023-06-08,89,98,107,0,,0,LEU-3000,0,0.173,,0
C02044,Postpaid,2018-10-18,2023-06-18,160,147,151,1,35.92,0,6200,0,0.167,,0
C01375,Postpaid,2015-10-07,2023-06-27,232,199,188,0,41.96,1,9160,0,0.153,,0
C02597,Prepaid,2017-08-29,2023-06-03,168,190,204,1,,0,6260,0,0.0,,0
C03692,Postpaid,2022-04-24,2023-04-25,108,49,2,1,34.02,0,9100,1,0.136,2023-06-10,1
C01012,Prepaid,2020-10-07,2023-06-19,158,177,181,1,,0,9160,0,0.153,,0
C02938,Postpaid,2019-09-09,2023-05-20,584,627,585,2,84.63,0,3000,0,0.173,,0
C02754,Postpaid,2020-10-16,2023-06-11,199,206,213,0,43.93,0,7500,0,0.079,2023-10-07,0
C01301,Prepaid,2019-08-17,2023-05-06,25,25,26,0,,0,5350,0,0.214,,0
C03691,Postpaid,2018-12-08,2023-05-16,569,487,508,1,60.31,0,6900,0,0.205,,0
C03902,Prepaid,2021-03-23,2023-06-07,7,7,7,0,,0,9160,0,0.153,,0
C04163,Prepaid,2022-01-29,2023-06-10,73,68,71,0,,0,9160,0,0.153,,0
C03891,Postpaid,2015-02-11,2023-06-18,206,229,233,0,50.68,0,9160,0,0.153,,0
C02160,Prepaid,2020-06-09,2023-04-14,61,54,1,6,,0,3000 Leuven,1,0.173,,1
C03471,Postpaid,2016-02-10,2023-05-15,48,49,45,0,19.72,0,3000,0,0.173,2024-01-02,0
C02604,Prepaid,2015-12-12,2023-06-08,67,69,72,0,,0,2000,0,0.182,,0
C03934,Prepaid,2016-02-14,2023-06-03,59,64,63,0,,0,4020,0,0.071,,0
C00149,Prepaid,2018-05-04,2023-06-12,111,104,100,1,,0,6900,0,0.205,,0
C03491,Postpaid,2020-12-12,2023-05-17,71,54,1,2,35.3,0,3000,1,0.173,2023-06-12,1
C04309,Prepaid,2021-09-16,2023-06-20,55,55,60,3,,0,9100,0,0.136,,0
C04683,Postpaid,2018-06-19,2023-06-05,373,357,340,1,59.97,0,3000,0,0.173,,0
C00531,Postpaid,2014-04-03,2023-05-23,103,92,96,1,,0,9160,1,0.153,,0
C00987,Prepaid,2022-02-05,2023-06-21,47,42,45,1,,0,9160,0,0.153,,0
C04230,Prepaid,2017-09-02,2023-06-05,53,54,2,2,,0,6860,1,0.278,,1
C04292,Prepaid,2021-12-12,2023-04-20,56,54,1,1,,0,8000,1,0.211,,1
C04317,Postpaid,2019-08-01,2023-06-10,69,66,62,1,20.98,0,7500,0,0.079,,0
C04499,postpaid,2015-03-28,2023-06-02,736,799,797,0,88.61,0,2670,0,0.086,,0
C02876,Postpaid,2020-07-11,2023-06-03,1065,1215,1180,1,117.16,0,3000,0,0.173,,0
C04491,Postpaid,2020-01-23,2023-06-10,214,227,206,1,56.72,0,3000,0,0.173,,0
C04964,Postpaid,2017-11-09,2023-06-15,145,127,136,1,41.61,0,9160,0,0.153,,0
C01942,Postpaid,2015-01-27,2023-06-26,182,168,182,2,43.92,1,1020,0,0.235,,0
C02609,Prepaid,2019-09-04,2023-04-12,93,70,2,4,,0,2500,1,0.118,,1
C04035,Prepaid,2022-06-22,2023-06-04,139,155,161,0,,0,9100,0,0.136,,0
C01293,Postpaid,2015-08-07,2023-06-12,610,521,557,0,69.9,0,3660,0,0.235,,0
C00359,Prepaid,2020-01-31,2023-06-10,182,167,152,1,,0,3540,0,0.091,,0
C04104,Postpaid,2021-10-30,2023-06-26,1267,1302,1411,20,118.4,0,8540,0,0.125,,0
C02341,Prepaid,2015-11-11,2023-06-01,77,81,81,0,,0,1000,0,0.0,,0
C03166,postpaid,2016-05-16,2023-06-02,159,153,165,2,49.82,1,9760,0,0.25,2024-11-26,0
C00034,Prepaid,2018-03-02,2023-05-20,10,9,0,7,,0,2670,1,0.086,,1
C00330,Prepaid,2015-07-03,2023-06-27,85,93,98,1,,0,3300,0,0.214,,0
C03461,postpaid,2015-07-21,2023-06-13,240,226,222,0,51.58,0,4180,1,0.167,,0
C04021,Prepaid,2016-01-09,2023-06-20,223,204,198,1,,0,5800,0,0.143,,0
C03959,Postpaid,2018-07-21,2023-06-24,108,100,105,3,32.25,0,2300,0,0.067,,0
C03982,Postpaid,2017-10-31,2023-06-01,49,37,0,2,34.67,0,2140,0,0.5,2023-06-27,1
C01537,Prepaid,2015-09-26,2023-06-29,25,24,23,0,,0,9160,0,0.153,,0
C01888,Prepaid,2019-11-09,2023-04-24,53,44,2,4,,0,LEU-3000,1,0.173,,1
C03718,Prepaid,2019-11-21,2023-06-10,69,76,69,0,,0,1890,0,0.235,,0
C01387,Postpaid,2014-11-12,2023-04-05,86,48,2,2,39.16,0,1740,1,0.161,2023-06-30,1
C02157,Postpaid,2021-09-10,2023-06-11,97,100,101,0,32.82,0,4180,0,0.167,2025-03-29,0
C03260,Postpaid,2016-12-28,2023-06-17,333,382,359,2,53.92,0,2360,0,0.0,,0
C03230,Postpaid,2014-01-05,2023-06-05,861,975,916,2,95.68,0,4600,0,0.102,,0
C00687,Prepaid,2020-07-23,2023-06-18,477,461,442,0,,0,9100,0,0.136,,0
C01262,Postpaid,31/05/2021,2023-06-26,604,-59,580,1,75.26,0,2670,0,0.086,,0
C03970,Prepaid,2023-02-17,2023-05-24,53,56,51,1,,0,9770,0,0.083,,0
C04690,Prepaid,2014-05-01,2023-06-06,103,105,96,1,,0,9160,0,0.153,,0
C01406,Postpaid,2019-01-18,2023-06-25,53,52,56,3,19.64,0,4300,0,0.25,,0
C00693,Postpaid,2015-12-27,2023-06-23,121,133,123,1,31.93,0,5680,0,0.333,,0
C04195,Prepaid,2022-04-03,2023-05-26,20,19,1,1,,0,8980,1,0.125,,1
C02962,Postpaid,2019-01-21,2023-06-04,86,87,85,2,36.4,0,5700,0,0.273,,0
C03682,Postpaid,2019-11-25,2023-05-30,180,103,4,2,31.35,0,2900,1,0.167,2023-06-29,1
C03493,Prepaid,2017-01-15,2023-05-22,51,40,1,2,,0,4890,0,0.136,,1
C03755,Postpaid,2016-03-20,2023-05-09,98,95,94,0,31.68,0, 3000,0,0.173,,0
C04850,Postpaid,2017-10-29,2023-06-02,334,323,336,0,60.94,0,9160,1,0.153,,0
C01764,Postpaid,2022-08-03,2023-06-14,38,34,35,0,28.19,0,3000,0,0.173,,0
C01988,Postpaid,2017-12-05,2023-06-21,104,94,91,0,37.33,0,2520,0,0.286,,0
C00674,Postpaid,2014-05-27,2023-05-02,253,181,3,1,40.52,0, 1300,0,0.26,2023-06-18,1
C00397,Prepaid,2014-02-25,2023-06-18,55,56,54,0,,0,4370,0,0.074,,0
C00753,Prepaid,2014-02-17,2023-06-19,644,593,571,0,,0,4370,0,0.074,,0
C04209,postpaid,2018-01-03,2023-06-04,77,71,68,1,35.92,0,2400,0,0.3,,0
C03110,postpaid,2015-12-02,2023-06-12,1302,1202,1227,3,115.3,1,8310,0,0.175,,0
C04261,Postpaid,2016-12-03,2023-06-10,117,120,121,0,54.2,0,3000,0,0.173,,0
C03770,Postpaid,2018-03-10,2023-06-16,181,188,184,1,56.88,0,5760,0,0.25,,0
C04385,Postpaid,2014-12-29,2023-05-06,100,90,85,0,31.12,2,3000,0,0.173,,0
C00129,Postpaid,2016-06-20,2023-06-06,545,464,435,0,59.74,1,3000,0,0.173,,0
C00803,Prepaid,2022-04-29,2023-06-03,43,40,39,2,,0,3000,0,0.173,,0
C00388,Postpaid,2018-03-29,2023-06-07,184,181,179,1,55.2,1,9220,0,0.0,,0
C03400,Postpaid,2014-01-20,2023-06-27,98,102,110,1,39.7,1,9100,0,0.136,,0
C01007,Postpaid,2018-01-26,2023-06-23,332,335,364,1,52.4,1,3000 Leuven,0,0.173,,0
C00808,Postpaid,2015-12-09,2023-06-04,241,246,228,1,43.24,0,6000,0,0.182,2025-05-05,0
C00653,Postpaid,2016-03-14,2023-04-11,242,111,5,2,47.39,0,7180,0,0.143,2023-06-26,1
C01671,Prepaid,2019-06-02,2023-06-11,157,135,134,1,,0,4890,0,0.136,,0
C02046,Postpaid,2018-11-02,2023-06-16,289,250,246,0,46.52,0,3200,0,0.222,,0
C01894,Postpaid,26/08/2022,2023-06-24,497,563,545,3,68.27,0,5700,0,0.273,,0
C03367,Postpaid,2020-04-30,2023-06-20,542,503,530,2,75.22,0,2670,0,0.086,2025-05-06,0
C01153,Prepaid,2019-04-08,2023-06-11,14,16,17,2,,0,9160,0,0.153,,0
C04921,Prepaid,2014-11-01,2023-06-14,595,673,699,2,,0,7140,0,0.375,,0
C04710,Postpaid,2015-06-12,2023-05-14,191,169,186,1,38.2,1,1050,0,0.278,,0
C02335,Postpaid,2021-01-03,2023-05-22,626,628,657,0,74.75,1,3000,0,0.173,,0
C01866,Postpaid,10/02/2015,2023-06-30,643,727,736,0,81.24,0,3000,0,0.173,,0
C02316,Prepaid,2022-07-15,2023-06-26,47,51,49,0,,0,1200,0,0.116,,0
C04661,Prepaid,2019-12-31,2023-06-26,77,65,67,1,,0,9160,0,0.153,,0
C00952,Prepaid,2020-09-30,2023-04-18,34,28,1,1,,0,5550,1,0.2,,1
C02414,Post-paid,02/01/2023,2023-06-06,91,101,99,0,41.04,0,2670,0,0.086,,0
C03565,PREPAID,2014-10-10,2023-06-20,24,28,28,2,,0,3880,0,0.2,,0
C03765,Prepaid,2016-03-23,2023-06-17,58,50,55,0,,0,2670,0,0.086,,0
C01422,Prepaid,2022-05-14,2023-05-29,73,60,0,1,,0,3000,1,0.173,,1
C00968,Postpaid,2023-01-30,2023-06-13,570,613,635,0,85.15,1,6960,0,0.359,,0
C03396,Postpaid,2018-05-13,2023-04-13,60,50,2,2,36.62,1,9160,1,0.153,2023-06-16,1
C04738,Postpaid,2022-02-04,2023-06-27,310,307,297,1,,0,9160,0,0.153,,0
C02590,Postpaid,2021-05-01,2023-06-17,384,404,382,1,52.22,0,8560,0,0.233,,0
C02059,Prepaid,2015-01-01,2023-04-22,65,58,1,1,,0,6510,1,0.143,,1
C04107,Postpaid,2021-11-02,2023-06-29,735,749,743,0,86.05,0,4020,0,0.071,,0
C01604,Prepaid,2020-12-28,2023-04-11,21,11,0,0,,0,9910,1,0.5,,1
C00666,Postpaid,2018-01-08,2023-06-30,62,55,51,0,36.02,0,5290,0,0.171,2025-02-16,0
C03028,Prepaid,2019-10-03,2023-06-03,34,30,28,1,,0,1890,0,0.235,,0
C01358,Prepaid,2020-04-24,2023-06-13,61,57,63,2,,0,3130,0,0.1,,0
C01439,Postpaid,2019-10-04,2023-06-13,101,102,107,0,,0,9100,0,0.136,,0
C02955,Postpaid,2014-01-09,2023-06-12,866,844,837,1,92.06,1,3740,0,0.129,,0
C02258,Postpaid,2014-11-30,2023-06-09,511,555,580,0,59.98,0,3000,0,0.173,,0
C04416,Prepaid,2019-09-25,2023-05-22,268,254,236,1,,0,9100,0,0.136,,0
C03321,Postpaid,2018-11-04,2023-05-26,210,200,203,1,48.87,0,3680,0,0.4,,0
C02885,Postpaid,2019-07-22,2023-06-05,990,854,770,2,83.7,0,6020,0,0.167,,0
C04126,Postpaid,2017-02-05,2023-06-17,90,84,81,1,43.26,0,3000,0,0.173,2024-04-17,0
C00203,postpaid,2018-07-01,2023-06-30,191,220,223,0,46.67,1,7480,0,0.167,,0
C02049,Postpaid,2021-01-17,2023-05-24,339,311,313,2,51.13,1,7180,0,0.143,,0
C04674,Postpaid,2017-04-04,2023-06-21,170,185,177,0,44.94,1,9100,0,0.136,,0
C02612,Prepaid,2023-02-04,2023-06-20,29,32,33,1,,0,8310,0,0.175,,0
C01867,Prepaid,2019-04-18,2023-06-14,66,65,71,2,,0,9770,0,0.083,,0
C04458,Postpaid,2016-04-27,2023-05-23,203,192,193,1,43.08,0,8560,0,0.233,2025-02-22,0
C00759,Postpaid,2019-11-24,2023-06-16,75,72,70,1,30.79,0,1200,0,0.116,,0
C00015,Postpaid,2016-03-31,2023-04-09,68,60,1,1,36.91,2,3000,1,0.173,2023-06-14,1
C03339,Postpaid,2017-06-08,2023-06-29,178,177,172,2,41.74,1,4380,0,0.125,,0
C00814,Prepaid,2018-01-30,2023-06-05,79,75,73,0,,0,3000,0,0.173,,0
C03146,Prepaid,2017-01-07,2023-06-14,36,36,33,1,,0,9100,0,0.136,,0
C03105,Postpaid,2018-01-25,2023-06-08,1069,991,1035,0,89.39,0,1740,0,0.161,,0
C02243,Postpaid,2015-12-09,2023-04-22,126,73,2,1,33.91,0,8310,1,0.175,2023-06-19,1
C00911,Postpaid,2018-07-23,2023-06-05,150,158,169,1,43.83,0,LEU-3000,0,0.173,,0
C03795,Prepaid,2018-11-18,2023-06-18,67,74,71,0,,0,3160,0,0.0,,0
C04720,Prepaid,2022-10-22,2023-06-05,197,189,196,1,,0,9160,0,0.153,,0
C02645,Prepaid,2021-08-27,2023-06-08,93,93,95,0,,0,3660,0,0.235,,0
C04925,Postpaid,2021-12-16,2023-06-01,348,332,353,1,56.67,0,1070,0,0.2,2024-08-09,0
C02630,Postpaid,2021-04-26,2023-06-12,208,190,178,0,41.54,1,9160,0,0.153,,0
C04030,Postpaid,2014-09-24,2023-06-12,348,380,391,0,50.46,0,1300,0,0.26,,0
C04152,Postpaid,2014-07-23,2023-06-12,196,174,164,1,31.56,0,3660,0,0.235,2025-05-13,0
C04357,Prepaid,2015-12-21,2023-06-12,121,127,121,1,,0,2670,0,0.086,,0
C03791,Postpaid,2017-01-02,2023-06-22,218,191,203,0,52.65,2,8030,1,0.0,,0
C01860,Postpaid,10/04/2018,2023-06-07,207,214,209,0,47.22,0,1480,0,0.375,,0
C01883,Postpaid,2015-12-02,2023-06-23,73,68,65,1,35.24,0,1300,0,0.26,,0
C04524,Postpaid,2014-09-01,2023-06-13,640,552,593,1,78.92,2,9760,0,0.25,,0
C03912,Postpaid,2018-12-01,2023-06-25,502,433,475,0,62.54,0,4500,0,0.286,,0
C03275,Prepaid,2021-04-22,2023-06-29,122,124,115,1,,0,8310,0,0.175,,0
C04029,Postpaid,2017-03-31,2023-05-27,868,937,981,1,108.72,0,1300,0,0.26,,0
C04984,Prepaid,2020-09-18,2023-05-02,7,4,0,5,,0,9160,1,0.153,,1
C04272,Postpaid,2019-08-30,2023-05-18,127,137,149,3,48.23,0,LEU-3000,0,0.173,,0
C04239,Postpaid,2015-04-12,2023-06-07,121,107,113,0,35.24,1,4390,0,0.071,,0
C03052,Prepaid,2018-08-04,2023-06-21,28,25,26,2,,0,3000,0,0.173,,0
C00009,Prepaid,2014-06-09,2023-06-09,199,172,181,0,,0,3000 Leuven,0,0.173,,0
C02993,Postpaid,2020-04-19,2023-06-03,138,117,109,0,35.77,1,6960,0,0.359,,0
C00311,Postpaid,2018-11-12,2023-04-17,413,265,12,0,48.59,0,3660,1,0.235,2023-06-30,1
C04172,Prepaid,2022-08-24,2023-05-05,51,43,1,2,,0,9160,0,0.153,,1
C04087,Prepaid,2021-01-14,2023-06-19,8,9,10,1,,0,3510,0,0.125,,0
C02358,Prepaid,2020-01-25,2023-04-22,17,11,0,2,,0,9160,0,0.153,,1
C00862,Prepaid,2018-05-15,2023-06-18,54,57,54,3,,0,3740,0,0.129,,0
C02830,Postpaid,2019-06-09,2023-06-12,860,772,780,2,89.83,0,3000,1,0.173,,0
C00991,Prepaid,2019-07-23,2023-06-22,34,32,34,1,,0,1700,0,0.342,,0
C02927,Postpaid,2017-10-21,2023-05-30,143,138,131,2,43.45,1,1890,0,0.235,,0
C00038,Prepaid,2019-05-09,2023-06-10,76,80,82,0,,0,3250,0,0.062,,0
C04840,Postpaid,2019-09-24,2023-06-24,403,387,409,6,46.27,0,5210,0,0.0,,0
C04014,Postpaid,2014-06-13,2023-06-21,97,108,100,0,36.58,0,3000,0,0.173,,0
C00007,Prepaid,2020-07-09,2023-06-28,89,88,92,0,,0,1300,0,0.26,,0
C02890,Postpaid,2018-10-22,2023-05-13,250,284,300,0,47.03,0,9160,0,0.153,,0
C03629,Postpaid,2023-01-13,2023-06-04,98,111,105,5,37.2,0,9860,0,0.132,,0
C03537,Prepaid,2021-11-22,2023-05-24,51,53,56,0,,0,3000,0,0.173,,0
C00177,Postpaid,2014-08-17,2023-06-25,70,75,75,1,37.01,1,9160,0,0.153,2024-07-31,0
C02138,Postpaid,2018-06-24,2023-06-26,169,184,180,0,36.75,0,1700,0,0.342,,0
C02045,Postpaid,2021-10-18,2023-04-14,260,270,13,3,32.93,1,1700,1,0.342,2023-06-19,1
C01821,Prepaid,2016-04-07,2023-05-10,37,34,33,2,,0,8290,0,0.0,,0
C01339,Postpaid,2020-12-15,2023-05-27,42,43,45,0,31.85,0,9940,0,0.214,2024-10-12,0
C03121,Postpaid,2019-07-16,2023-06-17,1042,1142,1245,1,100.87,0,5080,0,0.583,,0
C04174,Prepaid,2021-08-26,2023-05-12,219,216,226,0,,0,9740,0,0.174,,0
C03312,Postpaid,2017-08-26,2023-06-24,502,485,456,1,,0,4600,0,0.102,,0
C04570,Postpaid,2018-12-23,2023-06-21,242,263,283,0,43.43,0,5350,0,0.214,,0
C02544,Postpaid,2015-10-09,2023-06-18,353,321,327,1,55.94,0,3300,0,0.214,,0
C01443,Postpaid,2016-06-11,2023-06-15,249,236,216,1,38.83,1,3510,0,0.125,,0
C00405,Postpaid,2022-11-05,2023-06-27,90,78,81,0,30.7,0,7480,1,0.167,,0
C04654,Prepaid,2020-04-07,2023-04-30,95,71,1,1,,0,6960,1,0.359,,1
C02626,Postpaid,2016-10-09,2023-05-16,196,212,225,1,27.25,1,3000,0,0.173,,0
C02263,Postpaid,2015-10-29,2023-06-19,277,268,254,1,51.15,1,9160,0,0.153,,0
C02077,Postpaid,2014-12-02,2023-06-21,28,24,23,1,36.46,0,4480,0,0.222,,0
C01489,Postpaid,2014-07-04,2023-06-11,746,794,783,0,84.17,0,9100,0,0.136,2024-01-21,0
C02707,Prepaid,2022-08-27,2023-06-17,266,294,272,0,,0,3000,0,0.173,,0
C01893,Postpaid,2020-09-25,2023-06-04,402,414,2,1,59.45,1,7670,1,0.333,2023-06-13,1
C04343,Postpaid,2015-06-17,2023-06-04,215,189,200,2,48.66,0,4370,0,0.074,,0
C02194,Postpaid,2016-06-27,2023-05-21,89,-85,81,0,30.74,1,9160,0,0.153,,0
C04302,Postpaid,2021-05-11,2023-04-18,213,194,2,2,41.21,0,9940,1,0.214,2023-06-29,1
C01420,Prepaid,2022-12-16,2023-06-30,76,79,71,0,,0,9160,0,0.153,,0
C03476,Postpaid,2018-11-27,2023-06-30,171,165,170,1,44.86,0,9160,0,0.153,,0
C04490,Postpaid,2015-03-09,2023-06-30,771,655,628,1,77.18,0,7480,0,0.167,,0
C02369,Prepaid,2016-10-27,2023-06-17,45,51,53,1,,0,2670,0,0.086,,0
C02030,Postpaid,2014-05-01,2023-04-28,273,237,12,3,53.04,0,3050,1,0.111,2023-06-05,1
C04350,Postpaid,2019-06-16,2023-06-30,156,164,173,0,34.86,1,7180,0,0.143,2025-01-16,0
C00195,Postpaid,2016-11-21,2023-06-04,225,148,4,1,45.03,0,9230,1,0.389,2023-06-16,1
C02550,Postpaid,2014-07-05,2023-05-09,659,674,642,3,83.49,1,9160,0,0.153,,0
C01036,Postpaid,2018-11-22,2023-06-08,217,226,240,0,42.72,1,1300,0,0.26,,0
C03850,Postpaid,2019-08-09,2023-06-26,702,756,750,1,75.3,0,3000,0,0.173,,0
C04407,Postpaid,2022-10-03,2023-06-23,93,95,90,0,34.5,1,2670,1,0.086,,0
C04055,Prepaid,2022-03-26,2023-05-29,164,171,173,0,,0,3000 Leuven,0,0.173,,0
C01851,Postpaid,2017-07-17,2023-05-17,29,32,30,0,35.93,0,3660,0,0.235,,0
C04262,Prepaid,01/10/2021,2023-06-26,106,92,85,0,,0,1700,0,0.342,,0
C04143,Postpaid,2021-06-12,2023-05-15,281,273,9,2,47.08,0,LEU-3000,1,0.173,2023-06-20,1
C01705,Postpaid,2021-06-30,2023-06-06,433,434,432,2,66.17,1,2360,0,0.0,,0
C01689,Postpaid,2018-01-07,2023-06-24,261,290,293,1,56.4,1,3000,0,0.173,,0
C02132,Postpaid,2016-09-15,2023-05-17,599,585,554,2,85.26,0,1890,0,0.235,,0
C03829,Postpaid,2015-01-23,2023-06-20,224,240,241,2,44.38,0,3310,0,0.182,,0
C04255,Prepaid,2019-03-16,2023-05-05,318,239,12,3,,0,1080,1,0.381,,1
C00066,Postpaid,2019-05-11,2023-06-22,1445,1412,1332,1,135.63,0,9100,0,0.136,,0
C01690,Postpaid,2020-06-29,2023-06-04,320,266,7,3,99999.0,1,9160,0,0.153,2023-06-17,1
C04795,Postpaid,2019-12-03,2023-05-14,93,82,86,2,26.26,0,9160,0,0.153,,0
C03364,Prepaid,2023-03-12,2023-05-12,263,290,284,0,,0,3130,0,0.1,,0
C03034,Postpaid,2021-07-24,2023-06-17,104,111,104,1,42.18,2,4740,0,0.5,,0
C00233,Prepaid,2018-06-01,2023-06-05,46,45,42,3,,0,6430,0,0.188,,0
C01096,Postpaid,2017-04-18,2023-06-08,71,61,67,0,41.04,0,2670,0,0.086,,0
C00288,Postpaid,2021-05-07,2023-06-16,107,99,99,1,43.31,0,9860,0,0.132,2023-11-17,0
C03187,Postpaid,2017-07-15,2023-06-02,301,257,253,0,55.85,0,5490,0,0.118,,0
C04670,Prepaid,2020-07-11,2023-06-15,24,21,21,3,,0,3000,0,0.173,,0
C02199,Postpaid,2018-07-11,2023-06-09,144,151,145,1,33.62,1,3000 Leuven,0,0.173,,0
C00529,Prepaid,2018-11-20,2023-06-23,45,41,37,0,,0,9160,0,0.153,,0
C00837,Postpaid,2015-11-14,2023-06-18,1007,942,994,0,104.23,0,1300,1,0.26,,0
C04162,Postpaid,2021-08-04,2023-06-24,455,493,512,2,65.7,0,1700,0,0.342,2025-07-19,0
C02860,Postpaid,2021-08-03,2023-06-20,714,715,738,1,82.83,0,4390,0,0.071,,0
C03430,Postpaid,2016-06-13,2023-06-13,58,56,53,0,36.54,0,9160,0,0.153,,0
C04758,Post-paid,2018-03-07,2023-06-11,562,566,537,2,69.98,0,4600,0,0.102,,0
C01733,Postpaid,2021-12-22,2023-05-18,158,145,131,1,42.04,0,9090,0,0.0,,0
C02007,Postpaid,2021-01-04,2023-06-17,1244,1105,1036,1,127.53,1,9100,0,0.136,,0
C01667,Prepaid,2022-09-07,2023-06-27,406,394,399,2,,0,1200,0,0.116,,0
C00238,Prepaid,2021-10-09,2023-06-02,107,97,0,2,,0,9160,1,0.153,,1
C04614,postpaid,2022-12-06,2023-06-20,91,87,84,1,40.63,0,8500,0,0.143,,0
C01587,Postpaid,2020-12-24,2023-04-21,85,41,2,3,32.04,2,3000,0,0.173,2023-06-21,1
C01438,Postpaid,2018-06-06,2023-06-10,115,102,95,0,37.44,1, 3000,0,0.173,,0
C03976,Postpaid,2017-06-05,2023-06-03,260,257,270,0,56.31,0,6020,1,0.167,,0
C03381,Postpaid,2019-06-25,2023-06-24,604,520,560,0,67.56,0,LEU-3000,0,0.173,,0
C01752,Postpaid,2019-08-24,2023-06-12,239,267,266,4,47.65,0,1480,0,0.375,,0
C02337,Prepaid,2015-10-14,2023-06-02,36,34,31,0,,0,2670,0,0.086,,0
C03419,Prepaid,2018-08-23,2023-05-14,55,61,60,1,,0,7990,0,0.2,,0
C03003,Prepaid,2018-07-06,2023-05-24,28,29,30,0,,0,4370,0,0.074,,0
C00114,Postpaid,2017-05-19,2023-04-11,190,169,7,1,40.14,0,5700,0,0.273,2023-06-07,1
C03923,Postpaid,2016-07-02,2023-06-10,67,60,64,0,31.18,1,8740,0,0.0,,0
C04749,Prepaid,2016-10-25,2023-05-21,62,66,70,1,,0,8560,0,0.233,,0
C03303,Postpaid,2022-10-11,2023-06-02,362,329,315,0,35.13,1,3018,0,0.0,,0
C01768,Postpaid,2017-05-30,2023-06-27,250,286,258,1,37.64,0,9100,0,0.136,,0
C01404,Postpaid,2021-06-08,2023-06-23,65,62,61,0,30.82,0,2230,0,0.421,2024-06-06,0
C03422,Postpaid,2014-09-17,2023-06-22,166,189,175,1,32.63,0,8990,0,0.5,,0
C03175,Postpaid,2020-01-19,2023-04-03,103,58,3,5,23.93,0,6870,0,0.28,2023-06-01,1
C00257,Prepaid,2019-02-22,2023-05-25,58,66,63,2,,0,5970,0,0.0,,0
C01503,Postpaid,2017-06-22,2023-06-22,175,197,180,1,,0,8360,0,0.1,,0
C04315,Prepaid,2016-10-12,2023-06-18,229,242,259,1,,0,3250,0,0.062,,0
C04232,Postpaid,2015-01-20,2023-06-03,216,245,243,0,39.91,0,9100,0,0.136,,0
C00834,Postpaid,2018-02-22,2023-06-25,346,392,427,0,51.95,1,9230,0,0.389,,0
C00752,Prepaid,2018-11-28,2023-06-13,133,148,145,2,,0,6900,0,0.205,,0
C01330,Postpaid,2014-10-12,2023-06-12,37,41,40,1,38.8,0,5870,0,0.167,,0
C03538,Prepaid,2020-10-12,2023-06-04,148,147,146,2,,0,8200,0,0.0,,0
C03306,Postpaid,2017-05-11,2023-06-04,332,334,341,0,58.06,0,8360,0,0.1,2023-10-12,0
C04109,Prepaid,2018-10-02,2023-06-09,29,28,26,0,,0,4250,0,0.4,,0
C03950,Postpaid,2018-04-16,2023-06-17,179,205,216,0,41.08,2,9160,0,0.153,,0
C00616,Prepaid,2018-09-29,2023-05-05,167,181,183,0,,0,9100,0,0.136,,0
C02104,Postpaid,2022-05-09,2023-06-09,215,191,209,0,33.25,0,4900,0,0.167,,0
C04658,Prepaid,2014-03-16,2023-06-09,35,38,37,0,,0,1300,0,0.26,,0
C01389,Prepaid,2016-10-16,2023-06-17,94,103,95,3,,0,9100,0,0.136,,0
C01637,Prepaid,2020-08-01,2023-04-18,74,66,3,2,,0,3000 Leuven,1,0.173,,1
C04010,Postpaid,2023-02-10,2023-06-30,71,70,64,0,37.13,0,2300,0,0.067,,0
C03685,Prepaid,2020-04-24,2023-06-20,482,413,439,1,,0,8740,0,0.0,,0
C03619,Prepaid,2022-06-03,2023-05-27,36,26,1,3,,0,6960,1,0.359,,1
C01869,Postpaid,2017-08-21,2023-06-10,132,136,132,1,31.08,0,LEU-3000,0,0.173,,0
C02905,Postpaid,2019-12-18,2023-05-23,124,116,114,1,34.06,0,2500,0,0.118,,0
C00067,Prepaid,2021-07-30,2023-06-29,190,171,163,0,,0,4390,0,0.071,,0
C02552,Postpaid,2016-10-12,2023-06-02,216,203,213,0,46.92,0,3000,0,0.173,2024-04-17,0
C01728,Prepaid,2016-01-12,2023-05-30,21,22,22,0,,0,3000,1,0.173,,0
C03229,Postpaid,2014-11-26,2023-06-10,136,144,156,2,48.44,0,4390,0,0.071,,0
C02744,Postpaid,2014-12-19,2023-06-25,106,112,108,0,29.25,1,3050,0,0.111,2024-08-13,0
C03302,Postpaid,2016-09-03,2023-05-11,446,501,550,1,57.15,0,4600,0,0.102,,0
C03010,Prepaid,2023-03-14,2023-06-01,308,305,280,2,,0,9160,0,0.153,,0
C03794,Prepaid,2020-02-28,2023-06-08,42,46,44,0,,0,6960,0,0.359,,0
C03570,Postpaid,2020-08-10,2023-06-12,103,115,106,5,40.36,0,5290,0,0.171,,0
C04003,Postpaid,2015-12-29,2023-05-03,86,86,89,1,,1,7650,0,0.182,,0
C01468,Prepaid,2019-02-04,2023-06-16,112,115,114,0,,0,7310,0,0.111,,0
C03500,Postpaid,2022-12-12,2023-05-09,689,713,681,1,82.38,0,8800,1,0.231,,0
C03147,Post-paid,2015-03-26,2023-06-29,517,459,419,0,61.58,1,2670,0,0.086,,0
C03715,Prepaid,2014-12-29,2023-06-09,169,193,198,0,,0,9160,0,0.153,,0
C00602,Postpaid,2018-03-13,2023-05-17,422,402,10,1,58.43,0,LEU-3000,0,0.173,2023-06-30,1
C02042,Prepaid,2016-07-02,2023-05-24,90,73,2,3,,0,6430,0,0.188,,1
C03435,Prepaid,2016-02-21,2023-06-15,360,394,357,1,,0,9160,0,0.153,,0
C01273,Postpaid,2018-07-16,2023-06-30,612,622,576,2,74.86,0,9860,0,0.132,,0
C00856,Postpaid,2014-08-24,2023-06-25,115,112,109,1,32.88,0,2260,0,0.35,,0
C00345,Postpaid,2015-01-11,2023-06-22,68,67,73,1,30.98,1,6860,0,0.278,,0
C04151,Prepaid,2014-07-19,2023-05-05,77,71,70,0,,0,4750,0,0.25,,0
C02332,Prepaid,2015-11-28,2023-06-06,295,274,254,2,,0,3000,1,0.173,,0
C01465,Postpaid,2018-08-11,2023-06-18,849,818,823,0,98.46,0,3000,0,0.173,,0
C00168,Postpaid,2018-05-30,2023-06-11,162,169,169,1,30.54,1,8630,0,0.188,,0
C02787,Prepaid,2016-08-04,2023-05-03,136,121,5,0,,0,8630,1,0.188,,1
C02843,Postpaid,2018-04-01,2023-06-05,90,81,73,1,32.28,1,9020,1,0.143,2024-08-19,0
C02299,Postpaid,2016-01-26,2023-06-22,41,44,47,1,42.01,0,9180,0,0.25,,0
C00309,Postpaid,2017-12-30,2023-06-19,199,200,196,0,43.69,0,9100,0,0.136,,0
C01935,postpaid,2014-06-14,2023-06-24,119,117,106,0,44.36,0,4890,0,0.136,,0
C02834,Prepaid,2021-04-03,2023-06-20,30,32,29,1,,0,7170,0,0.2,,0
C00731,Prepaid,2014-01-01,2023-06-16,84,80,86,1,,0,1890,0,0.235,,0
C03254,Postpaid,2021-04-25,2023-06-08,412,417,434,0,66.29,0,4280,0,0.0,,0
C02528,Postpaid,2015-11-17,2023-06-13,221,252,256,2,47.84,0,9130,0,0.0,2024-01-20,0
C00770,Prepaid,2022-11-26,2023-05-29,140,67,3,4,,0,4180,1,0.167,,1
C02264,Postpaid,2015-09-08,2023-05-11,221,243,242,3,52.02,0,7310,0,0.111,,0
C03215,Postpaid,2014-08-11,2023-06-14,251,227,224,2,35.43,0,9100,0,0.136,,0
C00978,Prepaid,2014-06-12,2023-06-29,55,58,61,0,,0,3000,0,0.173,,0
C02615,Prepaid,2014-11-23,2023-06-27,76,67,73,1,,0,1180,0,0.0,,0
C04268,Prepaid,2017-12-05,2023-06-01,53,58,61,0,,0,7180,0,0.143,,0
C02023,Prepaid,2019-11-25,2023-06-10,87,74,69,2,,0,4190,0,0.182,,0
C01260,Postpaid,2017-09-01,2023-04-25,283,192,3,2,27.4,1,9100,0,0.136,2023-06-30,1
C00292,Prepaid,2015-12-17,2023-05-10,105,109,1,3,,0,9200,1,0.222,,1
C04581,Prepaid,2020-01-03,2023-04-26,62,34,1,1,,0,3420,0,0.286,,1
C01730,Postpaid,2016-04-28,2023-06-07,299,316,293,0,54.96,1,6900,0,0.205,,0
C02847,Prepaid,2020-09-16,2023-04-21,24,23,1,2,,0,5600,0,0.143,,1
C01251,Prepaid,2020-01-23,2023-06-04,81,74,77,2,,0,5290,0,0.171,,0
C00542,Prepaid,2018-09-16,2023-06-08,497,500,527,1,,0,5610,0,0.2,,0
C03563,Postpaid,2019-07-20,2023-06-21,401,446,412,0,63.01,0,2790,0,0.2,2025-02-13,0
C00642,Prepaid,2016-11-12,2023-04-10,48,23,1,0,,0,7110,0,0.3,,1
C02172,postpaid,2022-10-19,2023-06-03,131,122,115,2,40.73,0,6870,0,0.28,,0
C00217,Postpaid,2015-02-12,2023-05-19,286,325,297,3,58.72,0,2670,0,0.086,,0
C00720,Postpaid,2015-07-28,2023-06-21,90,100,97,0,37.94,0,9100,0,0.136,,0
C02879,Prepaid,2019-10-31,2023-05-18,132,139,137,2,,0,5350,0,0.214,,0
C03443,Postpaid,2015-01-18,2023-06-13,110,119,115,0,45.88,1,3000,0,0.173,,0
C02739,Postpaid,2014-03-29,2023-06-29,127,131,135,2,39.54,1,4600,0,0.102,,0
C00634,Postpaid,2019-09-03,2023-06-07,143,159,170,0,41.3,1,7670,0,0.333,,0
C00174,Prepaid,2019-06-19,2023-05-03,178,156,4,2,,0,9160,1,0.153,,1
C03176,Prepaid,2022-06-05,2023-05-23,85,81,84,0,,0,8330,0,0.125,,0
C00390,Prepaid,2014-05-04,2023-06-02,64,72,76,1,,0,3000 Leuven,0,0.173,,0
C01238,Prepaid,2015-10-02,2023-06-20,103,98,101,0,,0,9100,0,0.136,,0
C04563,Postpaid,2015-09-19,2023-06-07,256,218,240,1,46.32,0,3000,0,0.173,,0
C03833,Prepaid,2020-07-31,2023-05-18,90,71,0,1,,0,9160,1,0.153,,1
C04192,Postpaid,2015-04-16,2023-05-31,66,47,0,4,37.55,0,LEU-3000,1,0.173,2023-06-26,1
C02372,Postpaid,2017-10-31,2023-06-20,367,367,338,1,60.37,0,6430,0,0.188,,0
C00401,Prepaid,2019-08-26,2023-06-26,143,130,121,0,,0,5290,0,0.171,,0
C04408,Postpaid,2021-11-10,2023-06-20,645,589,569,0,,0,4600,0,0.102,,0
C00754,Postpaid,2018-01-08,2023-06-22,418,419,384,0,64.9,0,9160,0,0.153,,0
C03102,Postpaid,2015-11-10,2023-06-30,58,64,67,1,46.45,1,9090,0,0.0,,0
C03203,Prepaid,2016-10-05,2023-06-21,32,36,36,0,,0,3880,0,0.2,,0
C02475,Postpaid,2015-05-09,2023-06-15,177,174,180,1,35.16,0,3000,0,0.173,,0
C01028,Prepaid,2019-05-09,2023-05-15,9,8,8,0,,0,4200,0,0.0,,0
C03657,Postpaid,2019-05-22,2023-05-20,414,389,416,1,62.8,0,4600,0,0.102,,0
C01698,Postpaid,2020-02-20,2023-06-08,104,100,103,1,39.37,0,9160,0,0.153,2023-09-22,0
C01208,Postpaid,2023-04-05,2023-04-06,166,110,3,1,35.04,1,9160,1,0.153,2023-06-07,1
C04390,Postpaid,2015-04-30,2023-06-10,304,344,325,1,53.58,0,2670,0,0.086,,0
C00357,Postpaid,2015-05-02,2023-06-23,682,682,626,0,85.35,0,1000,0,0.0,,0
C01425,Prepaid,2015-07-03,2023-06-07,74,81,76,1,,0,2000,0,0.182,,0
C03734,Postpaid,2016-09-03,2023-06-16,68,70,65,1,26.64,0,3900,0,0.143,,0
C03467,Prepaid,2015-02-14,2023-06-26,138,129,117,2,,0,3000,0,0.173,,0
C01051,Prepaid,2020-09-09,2023-06-11,180,169,164,2,,0,9200,0,0.222,,0
C04543,postpaid,2021-03-13,2023-06-06,251,217,220,0,36.85,0,3740,0,0.129,2023-10-28,0
C04170,Prepaid,2022-12-22,2023-05-23,109,107,118,0,,0,9100,0,0.136,,0
C02295,Postpaid,2017-12-26,2023-04-24,36,19,1,2,34.91,0,6620,1,0.118,2023-06-17,1
C00201,Postpaid,2021-05-11,2023-05-07,207,199,204,1,38.45,0,1300,0,0.26,2023-09-03,0
C02155,Postpaid,2021-06-09,2023-05-12,1145,1144,1204,1,122.15,0,2230,0,0.421,,0
C00764,Postpaid,2015-01-26,2023-06-15,300,257,237,1,45.49,0,3000,0,0.173,,0
C04892,Prepaid,2021-03-29,2023-04-12,66,68,4,3,,0,1670,1,0.125,,1
C03357,Postpaid,2014-07-10,2023-06-25,845,747,811,1,,0,8490,0,0.143,,0
C02398,Postpaid,2019-02-28,2023-06-02,75,66,63,0,38.13,0,3300,0,0.214,,0
C04811,Postpaid,10/07/2020,2023-06-05,349,305,0,3,49.14,0,4390,1,0.071,2023-06-06,1
C01738,Prepaid,2018-08-30,2023-06-21,21,22,23,0,,0,9160,1,0.153,,0
C03904,Postpaid,2019-08-07,2023-05-02,434,245,3,1,50.49,0,1070,1,0.2,2023-06-12,1
C02216,Postpaid,2015-08-21,2023-05-29,66,65,69,2,25.88,0,9100,0,0.136,,0
C01432,Postpaid,2022-10-11,2023-06-17,351,369,347,0,61.43,0,3000,0,0.173,,0
C02203,Prepaid,2022-05-03,2023-06-08,120,112,113,0,,0,5800,0,0.143,,0
C02462,Postpaid,2021-07-05,2023-06-29,1508,1606,1621,2,151.4,0,3012,0,0.5,,0
C01866,Postpaid,10/02/2015,2023-06-30,643,727,736,0,81.24,0,3000,0,0.173,,0
C00272,Postpaid,2019-06-06,2023-04-03,171,-178,4,1,37.75,0,9100,1,0.136,2023-06-30,1
C01180,Prepaid,2018-02-24,2023-05-26,26,26,25,0,,0,2670,0,0.086,,0
C03113,Postpaid,2015-03-12,2023-06-27,61,58,64,0,36.27,0,2150,0,0.094,,0
C02923,Prepaid,2015-09-24,2023-05-21,478,439,447,0,,0,3000,0,0.173,,0
C03961,Postpaid,2020-04-19,2023-06-16,430,450,421,0,53.87,0,2240,0,0.091,,0
C03988,Postpaid,2020-08-03,2023-05-24,221,200,216,3,37.78,0,9160,0,0.153,2024-04-26,0
C02649,Prepaid,2018-09-23,2023-06-26,66,59,57,2,,0,9100,0,0.136,,0
C01201,Postpaid,2016-08-29,2023-06-29,151,150,143,1,38.6,0,1200,0,0.116,,0
C02503,Postpaid,2021-12-30,2023-06-30,234,218,235,0,46.86,0,1300,0,0.26,,0
C00373,Postpaid,2023-04-08,2023-05-08,61,45,1,2,35.96,0,9160,0,0.153,2023-06-27,1
C00807,PREPAID,2017-05-04,2023-06-21,202,177,164,1,,0,4600,0,0.102,,0
C01313,Postpaid,2014-06-19,2023-06-23,97,111,111,0,41.95,0,2670,0,0.086,,0
C03772,Postpaid,2018-07-11,2023-05-06,158,137,3,2,40.17,0,9400,1,0.222,2023-06-10,1
C00223,Postpaid,2015-09-20,2023-06-07,53,47,45,0,28.03,0,1300,0,0.26,,0
C02729,Prepaid,2015-11-06,2023-06-07,995,1009,1078,0,,0,3660,0,0.235,,0
C01659,Prepaid,2022-09-25,2023-04-24,214,184,10,4,,0,3000 Leuven,1,0.173,,1
C04323,Postpaid,2021-10-02,2023-04-16,19,14,1,0,23.84,0,9160,1,0.153,2023-06-01,1
C00601,Post-paid,2022-06-22,2023-06-15,286,290,314,2,40.65,0,3000 Leuven,0,0.173,,0
C02365,Prepaid,2015-01-26,2023-04-04,596,581,21,2,,0,9160,0,0.153,,1
C01675,Postpaid,2021-08-20,2023-05-07,214,239,239,0,42.92,0,5600,0,0.143,,0
C03477,Postpaid,2017-10-10,2023-04-06,270,125,1,1,33.73,2,9160,1,0.153,2023-06-18,1
C04723,Postpaid,2021-07-28,2023-06-24,550,604,584,3,68.1,1,4180,0,0.167,,0
C03554,Prepaid,2021-02-13,2023-06-29,116,110,104,0,,0,2670,0,0.086,,0
C01617,Postpaid,2016-03-24,2023-06-08,397,366,352,0,58.77,1,3660,0,0.235,2023-11-29,0
C03343,Postpaid,2020-05-28,2023-05-16,74,66,71,0,27.28,1,8800,0,0.231,,0
C03573,Prepaid,2021-04-30,2023-06-19,644,695,720,0,,0,9100,1,0.136,,0
C02974,Postpaid,2017-09-02,2023-06-03,83,76,79,2,33.79,0,9100,0,0.136,,0
C03952,Prepaid,2017-07-08,2023-06-10,62,56,51,0,,0,4350,0,0.0,,0
C04978,Post-paid,2016-10-19,2023-05-25,1226,1258,1156,1,123.4,0,3000 Leuven,0,0.173,,0
C04882,Postpaid,2015-12-16,2023-06-25,973,850,919,1,86.0,0,7990,0,0.2,,0
C03995,Prepaid,2022-04-21,2023-06-06,15,15,14,0,,0,1020,0,0.235,,0
C02665,Postpaid,2020-05-28,2023-06-03,257,228,214,3,39.47,0,9860,0,0.132,,0
C03680,Postpaid,2020-04-13,2023-06-18,175,165,170,1,34.78,0,3740,0,0.129,,0
C01004,Postpaid,2014-12-26,2023-06-18,149,135,131,0,39.87,0,3490,0,0.0,,0
C02501,Postpaid,2018-11-17,2023-06-13,725,706,758,3,77.76,0,9860,0,0.132,,0
C02479,Postpaid,2014-05-20,2023-06-03,102,115,106,1,24.41,0,3000 Leuven,0,0.173,,0
C00932,Postpaid,2021-03-11,2023-06-07,947,966,928,1,96.6,0,9160,0,0.153,,0
C04465,Postpaid,2017-07-28,2023-06-18,35,33,36,1,38.23,1,9160,0,0.153,,0
C03503,Prepaid,2023-01-15,2023-06-26,98,95,89,0,,0,5260,0,0.111,,0
C03612,Postpaid,2020-09-29,2023-06-13,191,180,182,1,38.1,0,5080,0,0.583,2025-01-12,0
C04359,Postpaid,2019-04-29,2023-06-03,361,353,334,0,51.16,0,4390,0,0.071,,0
C03845,Postpaid,2017-09-01,2023-06-08,599,635,691,2,70.55,0,4390,0,0.071,,0
C00696,Postpaid,2021-07-01,2023-06-26,30,28,26,0,39.03,0,2590,0,0.0,2024-12-01,0
C03101,Postpaid,2019-03-01,2023-05-22,101,89,94,2,44.54,0,4390,1,0.071,,0
C01873,Postpaid,2020-09-21,2023-06-20,161,165,169,2,44.49,0,8820,0,0.4,2024-02-09,0
C03402,Prepaid,2016-03-15,2023-06-02,173,153,155,1,,0,3000,0,0.173,,0
C04588,Prepaid,2017-03-12,2023-06-07,244,274,286,1,,0,9740,0,0.174,,0
C03749,Postpaid,2020-06-06,2023-04-27,161,108,5,2,34.07,0,7990,0,0.2,2023-06-08,1
C04666,Postpaid,2019-09-15,2023-06-25,257,261,253,1,54.15,0,9160,0,0.153,,0
C02655,Prepaid,2020-04-16,2023-06-02,38,22,0,2,,0,9160,1,0.153,,1
C03369,postpaid,2021-03-22,2023-06-29,260,249,260,0,41.55,0,3000,1,0.173,,0
C01750,Postpaid,2015-10-29,2023-06-12,380,433,412,1,66.88,0,1070,0,0.2,,0
C02862,Postpaid,2021-01-11,2023-06-29,634,647,673,1,87.8,1,9100,0,0.136,2025-06-04,0
C03666,Prepaid,2019-08-11,2023-06-03,60,40,1,0,,0,6900,1,0.205,,1
C03393,Postpaid,2018-01-25,2023-05-31,247,279,304,1,50.68,0,5600,0,0.143,,0
C00796,Prepaid,2015-07-18,2023-06-16,128,124,132,2,,0,9160,0,0.153,,0
C04678,Postpaid,2014-01-09,2023-06-30,313,289,269,1,50.37,0,3000,0,0.173,,0
C04326,Prepaid,2017-12-09,2023-04-21,58,37,1,1,,0,6960,1,0.359,,1
C01847,Postpaid,2022-04-12,2023-05-30,49,48,49,1,29.49,0,3000 Leuven,0,0.173,,0
C01974,Postpaid,2014-10-11,2023-05-17,128,133,120,1,35.42,0,3000 Leuven,1,0.173,,0
C03949,Postpaid,2014-04-23,2023-04-08,710,516,8,1,77.53,0,1700,1,0.342,2023-06-10,1
C04061,Postpaid,2020-10-07,2023-05-07,940,525,4,2,68.68,1,4390,1,0.071,2023-06-14,1
C00100,Postpaid,2019-08-21,2023-06-12,130,118,108,0,41.21,0,9100,0,0.136,,0
C03328,Prepaid,2015-01-13,2023-06-23,501,501,527,1,,0,6900,0,0.205,,0
C01633,Postpaid,2017-03-07,2023-06-15,101,98,103,1,38.89,0,9100,0,0.136,,0
C02354,Prepaid,2018-01-10,2023-06-14,72,62,60,2,,0,2150,0,0.094,,0
C01693,Postpaid,2020-04-18,2023-06-17,42,45,48,0,38.76,0,3000,0,0.173,,0
C01333,Postpaid,2019-03-11,2023-06-22,864,992,1005,1,104.98,0,9160,0,0.153,,0
C00566,Postpaid,2016-05-19,2023-06-13,33,38,40,1,35.42,0,7000,0,0.429,,0
C03963,Postpaid,2020-05-14,2023-06-12,366,388,408,0,55.23,0,1270,0,0.167,,0
C03037,Postpaid,2018-06-19,2023-06-24,473,433,456,0,60.8,0,9160,0,0.153,,0
C00352,Postpaid,2019-09-19,2023-05-29,573,612,595,1,73.5,0,6010,0,0.0,,0
C04188,Postpaid,2014-02-28,2023-06-03,86,94,95,4,33.67,1,2670,0,0.086,,0
C00037,Postpaid,2020-12-31,2023-06-15,192,196,186,1,45.46,0,7030,0,0.143,,0
C01454,Prepaid,2015-02-27,2023-06-04,127,109,116,0,,0,3000,0,0.173,,0
C04013,Prepaid,2021-10-24,2023-06-02,293,334,343,0,,0,3000,0,0.173,,0
C03577,Postpaid,2019-03-10,2023-05-10,397,205,4,3,34.66,0,9860,1,0.132,2023-06-07,1
C00826,Prepaid,2018-10-09,2023-06-28,86,78,80,0,,0,9740,0,0.174,,0
C03656,Prepaid,2021-05-01,2023-05-26,84,86,90,0,,0,6380,0,0.167,,0
C00124,Postpaid,2018-10-24,2023-06-01,56,60,56,1,28.55,0,9160,0,0.153,,0
C04224,Postpaid,2022-08-16,2023-05-15,271,243,249,1,43.84,1,8490,0,0.143,,0
C01703,Prepaid,2017-04-23,2023-06-12,33,37,35,1,,0,3200,0,0.222,,0
C04684,Prepaid,2019-06-23,2023-06-12,49,43,45,0,,0,9100,0,0.136,,0
C00366,Prepaid,2018-08-15,2023-06-28,149,150,139,1,,0,7970,0,0.125,,0
C00285,Postpaid,2020-07-09,2023-06-30,240,238,220,0,46.52,1,6960,0,0.359,,0
C00488,postpaid,2022-03-26,2023-06-24,223,227,216,2,51.63,1,8400,0,0.125,,0
C02219,Postpaid,10/11/2015,2023-06-18,53,61,65,0,21.67,0,9160,0,0.153,2024-11-25,0
C01249,Postpaid,2016-11-18,2023-06-09,231,250,233,1,45.15,0,6200,0,0.167,,0
C04278,Postpaid,2020-10-21,2023-06-29,230,234,239,0,51.59,0,9110,1,0.0,,0
C04449,Postpaid,2020-02-07,2023-05-12,194,176,186,1,39.57,0,2400,0,0.3,,0
C01982,Postpaid,2019-01-07,2023-06-14,813,903,955,0,102.43,0,8630,0,0.188,,0
C00874,Prepaid,2016-11-25,2023-06-06,70,67,73,2,,0,5290,0,0.171,,0
C02304,Postpaid,2016-07-03,2023-06-07,267,228,209,1,51.07,0,2580,0,0.0,,0
C04443,Postpaid,2020-06-01,2023-05-16,650,577,560,0,73.56,0,3000 Leuven,1,0.173,,0
C00569,Prepaid,2018-12-13,2023-05-09,110,59,2,2,,0,2670,1,0.086,,1
C04088,Prepaid,2019-07-06,2023-06-11,186,186,194,1,,0,5550,0,0.2,,0
C00346,Postpaid,2022-06-25,2023-06-02,311,346,329,1,49.1,0,9160,0,0.153,,0
C04297,Postpaid,2015-10-27,2023-06-23,1332,1331,1308,1,132.39,1,3310,0,0.182,2024-05-14,0
C04798,Postpaid,2018-11-19,2023-06-08,245,220,228,0,43.81,0,2670,0,0.086,2024-01-31,0
C04205,Prepaid,2018-07-26,2023-06-10,194,178,169,2,,0,6870,0,0.28,,0
C02166,Prepaid,2014-01-16,2023-06-03,225,255,262,1,,0,4390,0,0.071,,0
C02440,Postpaid,2018-05-07,2023-05-12,218,204,5,5,48.4,0,9160,0,0.153,2023-06-24,1
C01423,Postpaid,2020-10-27,2023-06-14,163,151,143,0,36.86,0,9160,0,0.153,,0
C02568,Postpaid,2019-02-09,2023-06-21,93,95,104,1,36.29,0,3660,0,0.235,,0
C02828,Postpaid,2017-05-02,2023-06-03,304,280,290,1,48.9,1,3000,0,0.173,,0
C03748,Postpaid,2019-03-16,2023-06-01,1002,1130,1050,1,113.4,0,1300,0,0.26,,0
C02017,Postpaid,2023-01-16,2023-06-10,210,189,198,0,52.4,0, 3000,0,0.173,,0
C00599,Postpaid,2015-06-26,2023-05-19,379,314,3,3,51.53,0,LEU-3000,1,0.173,2023-06-29,1
C04938,Postpaid,2018-03-01,2023-06-26,200,179,180,1,42.17,0,3630,1,0.286,,0
C02663,Postpaid,2017-09-03,2023-06-24,302,318,340,0,55.12,0,9000,0,0.429,2024-08-07,0
C01089,Postpaid,2018-03-16,2023-06-25,134,136,136,1,35.86,0,1700,0,0.342,,0
C00918,Postpaid,2021-01-02,2023-05-23,105,107,117,2,35.66,0,5870,0,0.167,,0
C01812,Prepaid,2014-03-06,2023-06-05,1046,1062,1050,0,,0,3000,0,0.173,,0
C02899,Prepaid,2019-07-15,2023-06-24,52,52,52,0,,0,6380,0,0.167,,0
C00167,Postpaid,2016-05-22,2023-05-27,272,296,285,0,53.92,0,1690,0,0.167,,0
C04973,Postpaid,2019-02-01,2023-06-20,425,364,340,3,64.56,1,6870,0,0.28,,0
C00841,Prepaid,2015-07-21,2023-04-06,105,93,4,1,,0,3000,1,0.173,,1
C02321,Prepaid,2014-08-07,2023-06-11,25,28,25,0,,0,6250,0,0.133,,0
C01269,Postpaid,2022-03-28,2023-06-25,784,749,715,1,81.67,0,9100,0,0.136,,0
C03546,Postpaid,2015-09-18,2023-04-27,79,80,4,2,34.61,0,1700,1,0.342,2023-06-20,1
C01550,Postpaid,2014-05-09,2023-04-19,126,68,1,2,41.84,1,5940,1,0.444,2023-06-09,1
C03626,Postpaid,2016-11-05,2023-06-21,1496,1549,1607,0,147.82,0,9230,0,0.389,,0
C04518,Prepaid,2017-05-01,2023-06-21,124,111,112,0,,0,4500,1,0.286,,0
C00540,Prepaid,2016-07-02,2023-06-01,98,59,0,2,,0,2150,1,0.094,,1
C00695,Postpaid,2020-12-11,2023-06-22,112,110,110,3,35.7,0,9160,0,0.153,2023-11-07,0
C04200,Postpaid,2017-10-31,2023-05-16,281,291,265,1,43.73,0,1300,0,0.26,,0
C01515,Prepaid,2016-08-25,2023-06-05,80,89,85,0,,0,1740,0,0.161,,0
C02448,Postpaid,2017-04-11,2023-06-09,696,711,706,1,93.06,0,4180,0,0.167,,0
C04001,Postpaid,2022-04-18,2023-05-27,570,400,0,1,56.89,0,4990,0,0.333,2023-06-19,1
C04805,Prepaid,2015-10-10,2023-06-02,9,4,0,3,,0,6960,1,0.359,,1
C03860,Postpaid,2015-09-17,2023-06-03,142,152,162,0,45.93,0,7140,0,0.375,,0
C03126,Postpaid,2018-03-01,2023-06-09,41,46,48,2,33.12,0,6900,0,0.205,,0
C02110,Postpaid,2015-08-07,2023-06-12,78,81,80,0,32.56,0,1700,0,0.342,,0
C01824,Postpaid,2021-12-28,2023-05-17,276,286,281,2,48.8,0,1070,1,0.2,,0
C00780,Postpaid,2022-04-04,2023-06-22,740,793,795,1,97.8,1,2670,0,0.086,2025-07-06,0
C01186,Postpaid,2016-03-23,2023-06-26,490,425,449,0,54.64,0,1560,0,0.0,,0
C02737,Postpaid,2015-11-26,2023-06-12,622,577,600,0,66.82,0,6900,1,0.205,,0
C04438,Postpaid,2021-07-04,2023-06-22,82,89,92,1,40.2,0,9100,0,0.136,,0
C00894,Postpaid,23/01/2022,2023-05-09,75,65,67,22,48.77,1,6250,0,0.133,2024-06-10,0
C04846,Prepaid,2018-01-20,2023-06-08,204,204,188,2,,0,6250,0,0.133,,0
C03033,Postpaid,2022-02-06,2023-04-19,126,62,4,1,25.82,1,2670,1,0.086,2023-06-28,1
C01568,Postpaid,2016-01-10,2023-06-10,74,77,71,0,37.2,0,3000,0,0.173,,0
C04534,Postpaid,2017-08-21,2023-06-10,377,354,328,1,65.07,0,6900,0,0.205,,0
C01854,Postpaid,2014-09-03,2023-06-14,136,138,148,0,42.58,1,5380,0,0.167,,0
C04155,Postpaid,2016-10-08,2023-06-05,189,208,197,0,49.71,0,1890,0,0.235,,0
C02469,Postpaid,2017-04-01,2023-06-05,287,278,301,3,48.21,0,3000,0,0.173,,0
C01996,Postpaid,2019-02-23,2023-06-30,189,210,212,0,38.86,0,2470,0,0.0,,0
C03823,Postpaid,2017-10-01,2023-06-11,68,76,70,0,32.86,0,1300,0,0.26,,0
C02488,Postpaid,2022-10-06,2023-06-02,112,127,135,1,46.19,1,9160,0,0.153,,0
C04019,Postpaid,2017-06-07,2023-06-12,77,89,91,1,46.19,0,5940,0,0.444,2025-01-24,0
C01640,Postpaid,2018-01-10,2023-06-11,100,89,97,2,39.48,0,3000,0,0.173,2024-06-14,0
C02627,Postpaid,2016-01-24,2023-04-27,1332,814,4,1,81.63,0,3000,0,0.173,2023-06-29,1
C01878,Postpaid,2023-05-02,2023-06-17,385,409,383,0,59.87,1,1740,0,0.161,,0
C00778,Prepaid,2022-06-01,2023-06-04,586,384,4,1,,0,6960,1,0.359,,1
C00293,Postpaid,2014-05-03,2023-06-20,414,353,335,1,45.34,0,LEU-3000,0,0.173,2024-09-18,0
C02508,Postpaid,2016-05-09,2023-06-02,261,234,221,2,39.45,0,6960,0,0.359,2024-12-25,0
C00035,Prepaid,2017-05-16,2023-05-27,146,142,136,0,,0,9160,0,0.153,,0
C00543,Postpaid,2021-09-19,2023-04-14,85,68,4,2,33.78,0,9100,1,0.136,2023-06-12,1
C02930,Prepaid,21/07/2014,2023-06-13,71,63,58,0,,0,3000,0,0.173,,0
C01565,Postpaid,2021-04-22,2023-06-06,62,63,60,0,43.96,0,2440,0,0.167,,0
C00998,Prepaid,27/02/2017,2023-06-12,153,170,153,0,,0,3000,0,0.173,,0
C02305,Postpaid,2019-01-21,2023-06-21,297,286,299,1,51.66,0,2150,0,0.094,,0
C02419,Postpaid,2021-03-25,2023-06-28,319,320,335,2,47.37,1,3000 Leuven,0,0.173,,0
C00081,Prepaid,2014-07-01,2023-06-17,116,129,124,2,,0,8160,0,0.25,,0
C04997,Prepaid,2017-06-09,2023-06-09,113,107,99,2,,0,9100,1,0.136,,0
C03416,Postpaid,2016-10-22,2023-04-05,661,470,25,4,63.28,0,1740,1,0.161,2023-06-18,1
C01595,Prepaid,2022-12-27,2023-04-17,80,63,3,3,,0,5290,0,0.171,,1
C00497,Postpaid,2015-09-27,2023-06-19,512,438,399,1,58.98,0,1690,0,0.167,,0
C00729,Prepaid,2022-03-13,2023-06-19,30,33,35,1,,0,6620,0,0.118,,0
C01652,Postpaid,2020-12-23,2023-06-04,43,49,51,0,45.55,0,7970,0,0.125,,0
C04741,Postpaid,2022-03-27,2023-05-15,98,89,5,2,26.63,1,9760,1,0.25,2023-06-16,1
C02750,Prepaid,2020-11-05,2023-06-14,257,278,250,0,,0,2670,0,0.086,,0
C03149,Postpaid,2018-02-02,2023-06-16,148,150,158,1,36.39,0,8160,0,0.25,2023-12-04,0
C04168,Postpaid,2017-04-07,2023-06-16,79,87,90,2,31.47,1,1200,0,0.116,,0
C02494,Prepaid,2022-11-17,2023-06-02,20,22,22,1,,0,3090,0,0.125,,0
C02841,Postpaid,2021-04-14,2023-06-29,381,336,358,0,44.76,1,7180,0,0.143,,0
C02539,Postpaid,2021-01-29,2023-06-13,233,263,267,1,41.58,0,4180,0,0.167,,0
C03830,Postpaid,2019-08-24,2023-06-21,92,97,99,1,30.94,1,9100,0,0.136,,0
C02021,Prepaid,2014-06-22,2023-06-11,29,30,33,0,,0,4480,0,0.222,,0
C02982,Prepaid,2018-08-20,2023-06-20,332,306,314,2,,0,1300,0,0.26,,0
C01682,Postpaid,2018-12-26,2023-06-26,839,948,1035,0,105.79,0,4600,0,0.102,2023-10-13,0
C03344,Postpaid,2014-03-05,2023-06-07,679,725,771,2,74.53,0,6470,0,0.214,,0
C01263,Prepaid,2023-01-09,2023-06-07,30,32,34,0,,0,9100,0,0.136,,0
C04285,Prepaid,2018-09-13,2023-04-07,51,26,1,2,,0,1700,0,0.342,,1
C03660,Prepaid,2016-09-19,2023-06-07,54,60,64,2,,0,1090,0,0.133,,0
C04877,Postpaid,2016-12-06,2023-06-14,674,623,683,0,79.22,1,3980,0,0.222,,0
C01009,Prepaid,2019-07-06,2023-06-04,181,156,1,0,,0,9160,1,0.153,,1
C03022,Postpaid,2020-12-05,2023-05-20,162,141,151,2,44.71,1,3480,0,0.1,,0
C02481,Postpaid,2021-03-20,2023-06-05,68,72,67,1,33.0,0, 9160,0,0.153,,0
C04979,Postpaid,12/02/2021,2023-05-30,130,98,1,2,39.17,0,8330,1,0.125,2023-06-04,1
C01961,Postpaid,2021-04-03,2023-06-05,46,22,1,2,30.77,0,1070,1,0.2,2023-06-15,1
C02324,Postpaid,2019-02-15,2023-05-22,192,113,1,2,30.58,1,9860,1,0.132,2023-06-02,1
C01047,Prepaid,2020-03-13,2023-04-12,238,233,13,3,,0,9160,1,0.153,,1
C01300,Prepaid,2020-05-23,2023-06-23,34,32,30,4,,0,3000,0,0.173,,0
C02595,Postpaid,2014-05-30,2023-06-06,451,501,504,1,65.68,1,3000,0,0.173,,0
C00282,Postpaid,2015-12-12,2023-06-14,27,29,28,2,42.86,0,9230,0,0.389,,0
C00071,Postpaid,2018-01-30,2023-06-30,83,82,74,0,38.82,0,2670,0,0.086,,0
C00472,Prepaid,25/05/2019,2023-06-20,23,27,25,0,,0,9100,0,0.136,,0
C01360,Prepaid,2016-08-14,2023-06-05,54,56,59,1,,0,3300,0,0.214,,0
C04685,Prepaid,2021-08-22,2023-04-10,33,16,1,2,,0,6960,1,0.359,,1
C01655,Post-paid,2022-04-24,2023-06-02,242,221,202,2,41.97,0,3000 Leuven,0,0.173,,0
C01527,Prepaid,2020-07-13,2023-05-30,62,64,64,1,,0,1740,0,0.161,,0
C00646,Prepaid,2017-07-13,2023-06-26,435,388,351,1,,0,2670,1,0.086,,0
C02973,PREPAID,2021-09-01,2023-06-25,50,53,51,0,,0,LEU-3000,0,0.173,,0
C02758,Postpaid,2020-01-03,2023-06-20,504,432,433,0,64.08,2,3000,0,0.173,,0
C00963,Postpaid,2020-11-20,2023-06-21,196,173,160,0,35.44,1,3000 Leuven,0,0.173,,0
C04246,Postpaid,2014-11-28,2023-06-09,161,176,167,0,36.23,0,9100,0,0.136,,0
C04158,Postpaid,2014-08-19,2023-06-20,492,540,505,0,69.13,0,3000 Leuven,0,0.173,,0
C04970,Postpaid,2022-04-21,2023-05-28,144,140,129,0,40.65,0,9100,0,0.136,,0
C02384,Postpaid,2023-02-20,2023-04-21,67,70,3,6,32.87,0, 9160,1,0.153,2023-06-04,1
C01518,Postpaid,2016-10-15,2023-06-19,627,707,665,1,87.69,0,9100,0,0.136,,0
C01656,Postpaid,2016-06-19,2023-06-02,84,71,69,0,30.98,0,5290,1,0.171,,0
C03165,Prepaid,2016-08-29,2023-06-23,234,206,220,1,,0,9860,0,0.132,,0
C02589,Prepaid,2022-03-06,2023-04-27,132,110,1,0,,0,9160,1,0.153,,1
C00943,Prepaid,2023-04-30,2023-05-13,153,94,4,0,,0,9160,0,0.153,,1
C00383,Postpaid,2019-05-13,2023-06-02,288,142,2,3,35.64,0,8560,1,0.233,2023-06-10,1
C02531,Postpaid,2023-02-21,2023-06-24,3025,2628,2713,0,231.63,0,1700,0,0.342,,0
C04910,Prepaid,2019-10-04,2023-06-01,126,124,130,1,,0,9100,0,0.136,,0
C02933,Postpaid,2022-10-23,2023-05-13,79,85,89,1,27.92,0,9770,0,0.083,,0
C00240,Postpaid,2021-12-15,2023-06-20,772,723,783,0,95.88,0,3980,0,0.222,,0
C00727,Prepaid,2021-04-13,2023-06-04,207,194,185,0,,0,9160,0,0.153,,0
C01006,Postpaid,2016-01-26,2023-06-03,531,483,477,0,67.29,0,9160,0,0.153,,0
C03391,Prepaid,2014-10-13,2023-06-20,151,156,141,0,,0,9100,0,0.136,,0
C04254,Postpaid,2017-05-23,2023-06-01,965,906,995,1,99.77,0,1690,0,0.167,,0
C03184,Prepaid,2019-01-04,2023-06-07,34,38,40,0,,0,3000,0,0.173,,0
C02252,Postpaid,2020-05-31,2023-05-10,36,41,38,6,34.18,1,2470,0,0.0,,0
C04281,Postpaid,2017-10-20,2023-06-09,76,68,72,2,37.72,0,3000 Leuven,0,0.173,,0
C02767,Prepaid,2022-08-24,2023-06-15,178,180,184,0,,0,4370,0,0.074,,0
C04381,Postpaid,2014-03-17,2023-04-05,121,77,4,2,39.25,0,6200,1,0.167,2023-06-14,1
C03932,Prepaid,2016-02-08,2023-05-08,11,7,0,0,,0,9100,1,0.136,,1
C01787,Prepaid,2017-04-26,2023-05-04,450,419,459,0,,0,1880,0,0.0,,0
C03374,Postpaid,2015-07-15,2023-06-01,256,241,261,0,51.98,0,6020,0,0.167,,0
C02099,Prepaid,2016-10-26,2023-06-26,65,65,59,0,,0,8310,0,0.175,,0
C02291,Postpaid,2022-03-07,2023-06-27,80,90,86,0,30.26,0,9160,0,0.153,,0
C02458,Postpaid,2014-05-12,2023-06-06,111,115,107,0,30.94,0,6380,0,0.167,,0
C02617,Postpaid,2022-04-22,2023-06-30,209,184,200,1,49.24,0,9160,0,0.153,,0
C01711,Prepaid,02/02/2016,2023-05-15,205,144,2,1,,0,8310,1,0.175,,1
C02375,Postpaid,2019-04-11,2023-05-18,145,163,169,0,35.05,0,9160,0,0.153,,0
C00218,Prepaid,2014-11-11,2023-05-03,62,69,76,1,,0,2190,0,0.143,,0
C01556,Postpaid,2020-07-08,2023-06-14,1210,1134,1247,0,114.55,0,5650,0,0.0,,0
C00649,Postpaid,2018-07-28,2023-05-11,27,30,32,0,34.03,1,2670,0,0.086,2025-02-25,0
C03809,Prepaid,2016-05-06,2023-06-26,45,44,43,1,,0,2230,0,0.421,,0
C01416,Prepaid,2018-08-07,2023-06-04,51,58,61,0,,0,3000,0,0.173,,0
C04831,Postpaid,2015-03-04,2023-06-16,612,527,518,1,67.99,0,LEU-3000,0,0.173,,0
C00048,Postpaid,2021-04-19,2023-04-10,79,61,1,3,36.3,0,3000,1,0.173,2023-06-16,1
C03235,Postpaid,2017-11-07,2023-06-14,824,890,900,0,87.74,0,9160,0,0.153,,0
C04252,Postpaid,2017-11-25,2023-06-09,325,323,296,1,52.92,0,3000,0,0.173,,0
C02642,Postpaid,2016-09-14,2023-06-11,172,197,184,0,35.94,0,8360,0,0.1,,0
C02805,Postpaid,2020-11-19,2023-06-03,113,122,120,2,,0,2300,0,0.067,,0
C00146,Postpaid,2018-08-13,2023-06-13,1260,1301,1348,2,126.59,0,9160,0,0.153,,0
C00289,Postpaid,2021-04-29,2023-06-05,191,217,236,1,44.64,0,1090,0,0.133,,0
C03106,Postpaid,2015-09-21,2023-05-08,267,290,288,3,62.61,0,7000,0,0.429,2024-03-14,0
C04860,Prepaid,2022-11-04,2023-05-06,96,90,81,0,,0,3000,0,0.173,,0
C01349,Postpaid,2017-05-28,2023-06-22,165,187,171,0,40.06,1,5350,0,0.214,,0
C00560,Postpaid,2019-05-28,2023-06-14,196,217,228,1,35.98,0,4390,0,0.071,,0
C03714,Postpaid,2018-01-20,2023-05-23,297,286,263,0,52.94,0,2670,0,0.086,,0
C00059,postpaid,2020-09-27,2023-04-19,175,162,3,0,38.28,0,2018,0,0.333,2023-06-08,1
C01939,Postpaid,2016-09-25,2023-06-24,339,327,296,1,44.67,1,9900,0,0.333,,0
C00797,Postpaid,2015-07-07,2023-06-14,341,392,371,0,56.71,0,3140,1,0.2,,0
C00368,Postpaid,2022-08-06,2023-05-31,977,919,882,0,90.51,0,6260,0,0.0,,0
C00221,Prepaid,2015-01-05,2023-06-02,331,284,286,2,,0,3060,1,0.286,,0
C01231,Postpaid,2022-07-17,2023-06-28,290,271,247,0,53.88,0,9160,0,0.153,,0
C02280,Prepaid,2017-06-18,2023-06-13,44,42,42,0,,0,3800,1,0.083,,0
C00926,Postpaid,2019-04-02,2023-05-24,1300,1219,1226,0,124.62,0,9160,0,0.153,,0
C02913,Postpaid,2020-09-16,2023-06-06,130,129,135,1,34.3,0,1770,0,0.0,,0
C00147,Postpaid,2020-06-04,2023-06-11,157,163,167,0,40.02,0,5550,0,0.2,,0
C02624,Postpaid,2023-03-03,2023-06-11,283,275,253,0,56.04,0,1700,0,0.342,,0
C01844,Prepaid,2020-08-22,2023-06-17,296,316,321,1,,0,1090,0,0.133,,0
C03737,Postpaid,2019-12-01,2023-04-12,675,323,18,3,48.97,0,3990,1,0.4,2023-06-18,1
C04290,Postpaid,2022-02-05,2023-06-17,223,244,257,3,55.82,1,6200,0,0.167,,0
C00084,Postpaid,2020-11-02,2023-06-24,403,454,473,0,54.01,0,9160,0,0.153,,0
C00244,Postpaid,2019-11-23,2023-05-22,82,93,88,1,37.05,2,8490,0,0.143,2024-10-04,0
C03839,Postpaid,2015-05-22,2023-06-01,229,211,216,0,36.91,0,1200,0,0.116,,0
C02292,Postpaid,2021-09-08,2023-05-13,428,270,14,2,54.06,0,3000,1,0.173,2023-06-29,1
C02819,Postpaid,2015-10-09,2023-06-17,1324,1156,1080,2,114.96,0,3000,0,0.173,,0
C01077,Postpaid,2015-05-29,2023-05-13,330,367,331,0,,2,2600,0,0.231,2025-03-15,0
C04036,Postpaid,2018-08-15,2023-06-09,482,429,449,0,57.6,0,9770,0,0.083,,0
C04442,Prepaid,2018-07-29,2023-04-26,93,73,0,2,,0,3000,1,0.173,,1
C04156,Postpaid,2015-09-29,2023-06-23,144,149,141,0,52.24,0,6170,0,0.0,,0
C00182,Prepaid,2020-01-13,2023-06-15,83,88,82,0,,0,4390,0,0.071,,0
C00795,Prepaid,2018-05-16,2023-06-22,15,16,16,1,,0,6430,0,0.188,,0
C04194,Postpaid,2019-11-14,2023-06-26,285,280,302,1,48.75,1,5940,0,0.444,,0
C03930,Postpaid,2014-12-04,2023-06-06,158,165,155,2,40.84,1,2590,0,0.0,2024-08-20,0
C00576,Prepaid,2015-11-24,2023-06-06,70,69,68,0,,0,3000,0,0.173,,0
C03586,Postpaid,2017-10-29,2023-06-07,140,154,139,1,47.66,0,2190,0,0.143,,0
C02939,Postpaid,2021-01-12,2023-05-23,569,268,6,1,56.2,0,9100,1,0.136,2023-06-17,1
C01132,Prepaid,2020-07-10,2023-06-13,284,245,241,0,,0,6900,0,0.205,,0
C00520,Postpaid,2018-08-30,2023-06-24,163,159,156,0,42.31,0,9860,0,0.132,,0
C04582,Postpaid,2016-06-03,2023-06-15,227,252,251,2,54.8,0,6860,0,0.278,,0
C03837,Postpaid,2015-12-11,2023-06-09,106,118,114,0,29.8,0,3130,0,0.1,,0
C04299,Postpaid,2020-10-06,2023-06-24,31,32,35,1,44.51,0,6900,0,0.205,,0
C00304,Postpaid,2014-03-24,2023-06-30,412,367,372,1,41.49,1,3000,0,0.173,,0
C04067,Postpaid,2023-03-08,2023-06-22,277,240,225,2,54.42,0,5700,0,0.273,,0
C03342,Prepaid,30/03/2016,2023-06-28,48,55,55,0,,0,8540,0,0.125,,0
C03763,Prepaid,2019-08-27,2023-05-08,20,15,1,0,,0,5350,1,0.214,,1
C00899,Postpaid,2019-04-16,2023-06-30,644,716,767,1,81.35,0,7500,0,0.079,,0
C00786,Prepaid,2020-07-18,2023-05-05,53,52,48,0,,0,1270,0,0.167,,0
C02136,Postpaid,2021-07-02,2023-06-06,335,345,329,0,47.88,0,8630,0,0.188,,0
C00212,Prepaid,2022-10-31,2023-06-15,349,349,366,1,,0,3000,0,0.173,,0
C03368,Post-paid,2019-11-07,2023-05-02,378,235,10,1,54.87,0,4900,0,0.167,2023-06-16,1
C03350,Postpaid,2014-03-29,2023-05-21,18,20,19,1,31.05,0,3000,0,0.173,,0
C00667,Postpaid,2016-05-29,2023-06-29,100,85,90,0,29.58,0,8560,0,0.233,,0
C03999,Prepaid,2021-02-21,2023-05-20,142,92,0,1,,0,3000 Leuven,1,0.173,,1
C01822,Prepaid,14/07/2017,2023-06-21,34,31,30,0,,0,9160,0,0.153,,0
C02736,Prepaid,2021-04-04,2023-05-16,44,39,37,1,,0,9770,0,0.083,,0
C01482,Prepaid,2019-01-24,2023-04-05,332,312,18,1,,0,LEU-3000,1,0.173,,1
C02054,Postpaid,2022-12-25,2023-06-13,265,247,257,0,37.05,1,3000,0,0.173,,0
C02474,Prepaid,2016-02-27,2023-06-08,85,96,93,2,,0,3660,0,0.235,,0
C03585,Prepaid,2020-12-17,2023-06-22,17,19,18,2,,0,8030,0,0.0,,0
C02619,Prepaid,2021-11-23,2023-05-05,23,18,1,0,,0,9160,0,0.153,,1
C02513,Prepaid,2022-11-26,2023-06-13,62,68,71,0,,0,3000,0,0.173,,0
C02360,Postpaid,2014-07-07,2023-06-13,199,199,181,0,43.93,0,2250,0,0.0,,0
C01811,Postpaid,2014-06-02,2023-06-24,118,111,115,0,40.04,0,9160,0,0.153,,0
C03472,Prepaid,2022-06-28,2023-05-14,63,66,2,4,,0,5490,0,0.118,,1
C02315,Postpaid,2014-04-28,2023-06-30,90,82,75,1,34.02,0,3000,0,0.173,,0
C04539,Prepaid,2015-10-01,2023-05-15,200,210,221,1,,0,9160,1,0.153,,0
C04629,Prepaid,2016-06-28,2023-04-09,24,23,1,4,,0,9100,1,0.136,,1
C00117,Prepaid,2019-04-18,2023-06-17,17,16,14,0,,0,7170,0,0.2,,0
C01868,Postpaid,2014-02-06,2023-06-02,150,129,136,3,37.02,1,9160,0,0.153,,0
C02509,Prepaid,2019-07-12,2023-05-01,4,4,0,1,,0,3000,1,0.173,,1
C01507,Prepaid,2021-02-03,2023-06-14,133,113,103,1,,0,3000,0,0.173,,0
C03517,Prepaid,2023-03-19,2023-05-02,38,38,1,3,,0,7890,0,0.25,,1
C00621,Postpaid,2014-02-09,2023-06-28,131,122,129,0,39.52,2,2670,0,0.086,,0
C04391,Prepaid,2022-09-14,2023-05-21,191,174,4,1,,0,6250,1,0.133,,1
C04698,Postpaid,2015-05-18,2023-06-05,2067,1094,61,1,109.85,0,1700,1,0.342,2023-06-21,1
C04193,Postpaid,2017-06-04,2023-06-11,177,184,167,1,40.01,0,1300,0,0.26,,0
C03354,Prepaid,2021-02-19,2023-05-28,176,177,168,1,,0,3130,0,0.1,,0
C03026,Prepaid,2018-07-19,2023-05-30,163,186,174,0,,0,4600,0,0.102,,0
C01548,Postpaid,2022-12-27,2023-06-20,456,514,521,0,60.85,0,7980,0,0.222,2024-03-12,0
C01017,Prepaid,2015-05-08,2023-06-06,41,35,35,1,,0,3000 Leuven,0,0.173,,0
C04853,Postpaid,2022-06-21,2023-06-01,804,920,945,0,98.07,0,LEU-3000,0,0.173,,0
C04752,Postpaid,2015-06-15,2023-05-11,162,156,171,2,42.45,0,1270,0,0.167,,0
C04348,postpaid,2016-04-27,2023-06-16,243,248,270,1,47.21,0,3000 Leuven,0,0.173,,0
C00712,Prepaid,13/04/2016,2023-06-18,129,131,137,1,,0,2230,0,0.421,,0
C01185,Prepaid,2021-12-10,2023-06-25,120,115,111,0,,0,6430,0,0.188,,0
C02453,Prepaid,2022-08-08,2023-04-04,28,26,0,1,,0,4250,1,0.4,,1
C00430,Prepaid,2020-12-27,2023-06-13,31,29,28,0,,0,8310,0,0.175,,0
C01477,Postpaid,2020-01-24,2023-06-15,666,709,774,3,88.05,0,3090,0,0.125,,0
C03475,Postpaid,2018-07-16,2023-06-04,39,43,46,2,,0,1890,0,0.235,2024-07-19,0
C04785,Postpaid,2020-07-27,2023-04-15,102,85,3,2,38.83,0,1700,1,0.342,2023-06-21,1
C00518,Post-paid,2015-12-17,2023-06-06,1067,916,873,1,93.02,1,8400,0,0.125,,0
C04822,Postpaid,2015-08-04,2023-05-16,292,268,278,1,51.54,0,9100,0,0.136,,0
C02817,Prepaid,2014-01-27,2023-06-28,14,12,13,1,,0,9100,0,0.136,,0
C02921,Postpaid,2014-04-28,2023-06-08,229,262,258,1,42.2,0,9160,0,0.153,,0
C02094,Prepaid,2020-09-11,2023-04-04,16,12,0,0,,0,3000,0,0.173,,1
C03975,Postpaid,2021-12-14,2023-06-22,104,113,103,0,39.26,0,4180,1,0.167,,0
C02026,Prepaid,2016-06-24,2023-05-21,128,129,127,1,,0,2670,0,0.086,,0
C02972,Prepaid,2020-01-19,2023-06-16,18,19,20,1,,0,9160,0,0.153,,0
C00584,Prepaid,2018-01-23,2023-06-02,181,107,1,15,,0,8560,1,0.233,,1
C02759,Postpaid,2020-07-01,2023-06-11,346,360,349,0,49.8,0,1050,0,0.278,,0
C02493,Prepaid,2018-10-15,2023-06-07,255,219,205,1,,0,3000,0,0.173,,0
C01853,Postpaid,2019-09-11,2023-06-01,163,142,140,2,41.28,0,2670,0,0.086,,0
C01534,Prepaid,2016-04-03,2023-06-15,268,251,266,1,,0,3080,0,0.0,,0
C03820,Postpaid,2017-08-19,2023-06-04,84,40,0,0,29.93,1,2600,1,0.231,2023-06-23,1
C01945,Postpaid,2014-07-12,2023-06-05,86,95,98,0,32.34,1,1348,0,0.0,,0
C02858,Prepaid,2021-09-27,2023-06-04,60,64,59,1,,0,9160,0,0.153,,0
C02738,Postpaid,2022-10-31,2023-06-04,591,676,739,0,69.39,0,9740,0,0.174,,0
C00384,Postpaid,2020-03-15,2023-06-22,1503,1411,1338,0,139.33,0,9160,1,0.153,,0
C00758,Prepaid,2018-11-24,2023-06-17,32,34,37,0,,0,9770,0,0.083,,0
C00986,Postpaid,2014-10-13,2023-05-29,833,703,4,4,88.74,2,1300,1,0.26,2023-06-29,1
C04742,Prepaid,2021-07-19,2023-06-04,144,127,130,0,,0,9160,0,0.153,,0
C02801,Postpaid,2015-04-12,2023-06-29,105,99,91,4,26.8,0,2670,0,0.086,,0
C01024,Postpaid,2021-03-29,2023-06-11,175,181,167,1,34.11,0,6900,0,0.205,,0
C04526,Postpaid,2021-03-31,2023-06-11,155,173,178,2,42.81,0,2670,0,0.086,,0
C01805,Postpaid,2018-04-12,2023-06-28,610,544,520,1,72.28,0,LEU-3000,0,0.173,2023-11-27,0
C01552,Postpaid,2017-12-02,2023-06-23,1335,1300,1415,2,128.16,0,5380,0,0.167,,0
C01654,Postpaid,2018-07-18,2023-05-04,274,251,230,0,,0,8490,0,0.143,,0
C00307,Postpaid,2014-05-09,2023-05-26,370,343,359,0,62.85,0,5600,0,0.143,,0
C00482,Prepaid,2022-05-12,2023-06-04,201,145,2,1,,0,LEU-3000,1,0.173,,1
C02210,Postpaid,2015-02-26,2023-06-02,141,127,137,0,29.58,0,2150,0,0.094,,0
C02838,Postpaid,2014-12-14,2023-06-24,63,67,67,1,45.41,0,1080,0,0.381,,0
C01345,Prepaid,2016-04-29,2023-06-07,127,115,122,1,,0,8310,0,0.175,,0
C04286,Postpaid,2021-04-06,2023-05-06,899,735,27,1,82.92,0,9160,1,0.153,2023-06-27,1
C04894,Postpaid,2015-01-13,2023-06-22,231,205,209,0,39.56,0,9160,0,0.153,2024-10-14,0
C01491,Prepaid,2018-12-13,2023-06-01,228,196,183,0,,0,4370,0,0.074,,0
C02900,Postpaid,2014-09-18,2023-06-03,130,139,129,0,42.3,0,6200,1,0.167,,0
C00449,Prepaid,2018-03-07,2023-06-23,85,90,85,0,,0,5600,0,0.143,,0
C01044,Prepaid,2023-01-05,2023-04-11,69,47,1,1,,0,1300,1,0.26,,1
C00652,Prepaid,2015-01-24,2023-06-30,114,113,118,0,,0,9860,1,0.132,,0
C04604,Postpaid,2018-12-30,2023-06-21,89,83,87,0,26.69,0,9160,0,0.153,,0
C04164,Postpaid,2016-10-30,2023-06-24,52,51,46,0,49.03,0,3660,0,0.235,2025-07-01,0
C00813,Postpaid,2016-09-16,2023-06-16,113,122,125,0,44.92,0,2150,0,0.094,,0
C02919,Postpaid,2017-10-27,2023-04-28,605,354,17,2,54.49,0,4890,1,0.136,2023-06-16,1
C03394,Postpaid,2015-12-29,2023-06-27,252,241,234,2,49.1,1,9160,1,0.153,,0
C01798,Postpaid,2016-09-09,2023-05-30,115,114,6,2,27.08,0,3000,0,0.173,2023-06-05,1
C01530,Prepaid,2020-11-28,2023-06-21,488,543,597,0,,0,3090,0,0.125,,0
C01075,Postpaid,2015-03-06,2023-06-10,1360,1421,1316,0,,0,7180,0,0.143,,0
C03148,Postpaid,2021-11-12,2023-06-23,86,89,83,1,29.9,2,3000,1,0.173,,0
C03249,Prepaid,2019-04-02,2023-06-29,323,318,323,0,,0,9860,0,0.132,,0
C00609,postpaid,2015-07-01,2023-06-27,122,111,106,0,42.83,0,9100,0,0.136,,0
C04700,Postpaid,2020-02-04,2023-04-12,72,39,2,3,38.18,1,1700,1,0.342,2023-06-28,1
C03359,Postpaid,2014-07-06,2023-06-09,834,806,786,2,89.69,0,3000,0,0.173,,0
C01326,Prepaid,2017-05-15,2023-05-17,61,34,0,1,,0,3660,0,0.235,,1
C02960,Postpaid,2020-12-26,2023-06-30,1085,1135,1135,0,105.86,1,3000 Leuven,0,0.173,,0
C02089,Prepaid,2018-10-20,2023-05-24,163,75,1,4,,0,3000,0,0.173,,1
C02211,Postpaid,2021-10-05,2023-05-23,626,472,13,0,65.59,1,9230,1,0.389,2023-06-29,1
C01790,Prepaid,2017-11-20,2023-06-04,27,26,27,2,,0,1200,0,0.116,,0
C03103,Postpaid,2020-10-05,2023-06-17,175,190,204,1,36.57,0,3000,0,0.173,,0
C02000,Postpaid,2019-05-17,2023-06-08,54,54,52,0,30.53,0,3000,0,0.173,2024-10-29,0
C00154,Prepaid,2022-01-27,2023-06-04,84,61,2,2,,0,8120,0,1.0,,1
C00040,Postpaid,2020-08-25,2023-05-17,99,96,95,2,31.44,0,8630,0,0.188,,0
C02079,Postpaid,2017-02-21,2023-06-07,426,483,524,0,61.23,0,9160,0,0.153,,0
C02799,Postpaid,2022-12-05,2023-06-23,231,255,269,2,43.49,0,9160,0,0.153,,0
C04633,Postpaid,2014-09-10,2023-06-29,415,389,370,0,62.17,0,1890,0,0.235,,0
C01780,Prepaid,2020-09-27,2023-06-17,46,43,46,0,,0,9860,0,0.132,,0
C01944,Postpaid,2014-02-18,2023-06-04,66,58,56,0,38.37,2,7180,0,0.143,,0
C03981,Prepaid,2017-01-06,2023-06-25,50,54,57,2,,0,9100,0,0.136,,0
C00732,postpaid,2021-08-10,2023-06-02,1112,1156,1092,1,106.8,0,5690,0,0.0,2024-02-07,0
C04166,Postpaid,2014-06-15,2023-06-01,319,318,308,1,44.53,4,9860,0,0.132,,0
C03441,Postpaid,2018-08-22,2023-06-13,274,252,247,0,38.0,0,4390,0,0.071,2024-01-10,0
C01627,Postpaid,2021-06-13,2023-06-15,77,85,83,2,23.76,0,9480,0,0.143,,0
C03742,Postpaid,2017-06-19,2023-06-08,205,177,169,2,38.85,0,9160,0,0.153,,0
C02218,Prepaid,2020-02-26,2023-06-06,78,79,82,0,,0,6900,0,0.205,,0
C01771,Prepaid,2020-09-20,2023-05-12,41,35,2,3,,0,9860,1,0.132,,1
C02866,Postpaid,2020-05-30,2023-06-25,582,588,567,4,75.63,0,3130,0,0.1,,0
C02436,Prepaid,2016-06-06,2023-06-19,47,43,40,1,,0,1700,0,0.342,,0
C00245,Prepaid,08/12/2018,2023-04-30,24,19,1,2,,0,9100,1,0.136,,1
C01067,Postpaid,2014-12-23,2023-06-22,82,71,65,1,28.96,0,9160,0,0.153,,0
C00510,Postpaid,2021-06-09,2023-05-27,438,458,27,2,69.07,0,3660,1,0.235,2023-06-20,1
C02425,Postpaid,2022-10-23,2023-05-05,705,701,715,3,77.83,0,3000,0,0.173,,0
C02463,Postpaid,2018-11-12,2023-06-04,282,304,310,1,53.57,0,9770,0,0.083,,0
C02297,Postpaid,2020-09-15,2023-06-26,137,138,132,2,37.84,1,5350,0,0.214,,0
C04072,Prepaid,2015-09-07,2023-05-31,26,14,0,1,,0,6960,0,0.359,,1
C04191,Prepaid,2017-12-02,2023-06-03,92,95,92,0,,0,3660,0,0.235,,0
C02374,Prepaid,2016-11-26,2023-06-27,66,66,72,1,,0,9160,0,0.153,,0
C02092,Postpaid,2020-02-18,2023-06-11,1204,1210,1224,1,125.43,1,LEU-3000,0,0.173,2023-11-29,0
C03873,Postpaid,2016-04-16,2023-05-14,285,303,329,1,53.11,0,4390,0,0.071,2025-02-23,0
C02504,Prepaid,2022-10-25,2023-05-06,186,140,2,2,,0,2520,1,0.286,,1
C02998,Postpaid,2015-05-13,2023-05-13,526,583,566,3,61.98,0,9160,0,0.153,2024-11-01,0
C04813,Postpaid,2022-10-08,2023-06-12,58,58,61,2,28.7,1,3490,0,0.0,,0
C01571,Postpaid,2020-09-29,2023-04-30,128,131,6,1,39.82,1,1890,1,0.235,2023-06-26,1
C01478,Postpaid,2023-04-29,2023-06-17,182,-177,154,2,43.54,0,1300,0,0.26,,0
C00716,Postpaid,2020-11-30,2023-06-24,541,545,496,1,62.24,0,3018,0,0.0,,0
C03212,Postpaid,2020-11-10,2023-05-09,399,421,446,0,59.6,0,3610,0,0.0,,0
C00415,postpaid,2021-11-02,2023-06-29,394,453,493,1,64.6,0,4390,0,0.071,,0
C01437,Postpaid,2014-02-13,2023-06-05,61,70,76,2,41.44,0,7170,0,0.2,,0
C02840,Postpaid,2014-09-23,2023-06-27,519,469,504,0,59.52,1,2440,0,0.167,2024-08-16,0
C03371,Postpaid,2018-05-07,2023-06-22,610,537,515,1,78.01,0,9160,0,0.153,,0
C02994,Prepaid,2018-10-30,2023-06-08,135,142,155,0,,0,3300,0,0.214,,0
C01679,Prepaid,2014-04-24,2023-06-13,103,109,107,0,,0,2100,0,0.0,,0
C02163,Prepaid,2023-03-02,2023-06-01,91,69,4,0,,0,9160,0,0.153,,1
C03128,Postpaid,2015-05-18,2023-06-02,198,227,207,0,49.37,1,6380,0,0.167,,0
C01828,Prepaid,2018-10-22,2023-06-01,13,12,12,2,,0,9100,0,0.136,,0
C00494,Postpaid,2017-04-03,2023-06-02,90,79,75,0,22.95,2,9100,0,0.136,,0
C04623,Postpaid,2021-05-26,2023-06-19,886,803,834,1,75.33,1,9160,0,0.153,2024-12-06,0
C00790,Prepaid,2020-08-18,2023-06-27,88,94,96,0,,0,3000,0,0.173,,0
C01377,Postpaid,2018-03-13,2023-04-22,393,360,21,0,56.06,0,9160,1,0.153,2023-06-22,1
C03922,Prepaid,2022-05-02,2023-06-21,65,69,73,0,,0,6250,0,0.133,,0
C03014,Prepaid,2015-04-24,2023-04-30,103,98,1,1,,0,2300,1,0.067,,1
C03785,Prepaid,2015-08-19,2023-06-24,31,31,33,1,,0,9100,0,0.136,,0
C04648,Prepaid,2022-12-08,2023-06-07,54,59,63,2,,0,1200,0,0.116,,0
C04572,Prepaid,2015-01-28,2023-06-26,56,54,50,1,,0,4750,0,0.25,,0
C00891,Postpaid,2019-02-17,2023-04-27,280,141,5,3,,1,3420,1,0.286,2023-06-29,1
C00170,Postpaid,2022-11-27,2023-06-01,58,55,53,1,34.88,0,2590,0,0.0,,0
C02797,Postpaid,2019-12-26,2023-05-31,378,371,335,0,66.25,0,3660,0,0.235,,0
C02546,Prepaid,2018-04-16,2023-06-22,122,138,128,0,,0,7500,0,0.079,,0
C02532,Postpaid,2020-11-29,2023-06-07,237,215,220,1,41.15,0,7650,0,0.182,2024-01-13,0
C02571,Prepaid,2014-06-15,2023-05-05,317,314,314,2,,0,3000 Leuven,0,0.173,,0
C04376,Postpaid,2015-10-03,2023-06-25,48,46,44,0,33.51,0,4600,0,0.102,2025-07-10,0
C03552,Prepaid,2021-12-25,2023-06-23,189,174,180,2,,0,3500,0,0.0,,0
C03822,Prepaid,2017-05-10,2023-04-23,95,80,2,0,,0,6860,0,0.278,,1
C00713,Postpaid,2016-09-16,2023-05-30,309,148,0,2,42.49,0,8560,1,0.233,2023-06-04,1
C01357,Postpaid,2017-08-17,2023-04-12,82,78,4,1,38.07,1,8310,1,0.175,2023-06-12,1
C01316,Prepaid,2016-10-18,2023-06-03,170,179,165,1,,0,2590,0,0.0,,0
C01221,Postpaid,2017-11-26,2023-06-25,1243,1166,1259,0,117.37,0,1700,0,0.342,,0
C00917,postpaid,2018-12-29,2023-06-29,50,49,50,1,31.34,0,2670,1,0.086,,0
C02852,Postpaid,2020-08-03,2023-06-04,37,18,1,1,27.83,0,3000,1,0.173,2023-06-13,1
C03116,Postpaid,2014-10-24,2023-06-02,82,81,82,2,31.42,0,6960,0,0.359,,0
C02573,Prepaid,2019-11-08,2023-06-07,323,366,367,1,,0,9860,0,0.132,,0
C01487,Postpaid,2014-08-20,2023-06-20,123,136,136,0,38.11,0,1300,0,0.26,,0
C03088,Postpaid,2017-03-07,2023-06-02,760,433,11,4,69.25,0,2230,0,0.421,2023-06-11,1
C02770,Prepaid,2022-01-24,2023-06-21,42,48,45,1,,0,3660,0,0.235,,0
C04058,Postpaid,2015-01-14,2023-05-15,57,63,61,3,36.68,0,1200,0,0.116,2024-03-30,0
C04748,Postpaid,2021-02-28,2023-06-23,132,125,136,3,33.89,0,6960,0,0.359,,0
C02794,Prepaid,2014-11-15,2023-06-30,34,34,35,0,,0,2900,0,0.167,,0
C02574,Prepaid,2022-12-21,2023-06-10,66,70,69,2,,0,9160,0,0.153,,0
C02519,Postpaid,2018-07-28,2023-06-22,517,450,477,1,63.58,0,7030,0,0.143,,0
C01433,Prepaid,2020-11-01,2023-06-04,182,171,185,1,,0,2190,0,0.143,,0
C02386,Postpaid,2017-01-17,2023-06-18,129,141,146,1,37.74,0,6870,0,0.28,,0
C00567,Prepaid,2017-02-22,2023-06-22,11,11,10,1,,0,1070,0,0.2,,0
C00042,Postpaid,2014-06-12,2023-05-07,75,62,2,1,38.85,3,1510,0,0.357,2023-06-10,1
C03938,Postpaid,2015-07-04,2023-05-14,244,267,274,0,53.8,0,6250,0,0.133,,0
C00423,Postpaid,2021-07-26,2023-06-23,589,526,506,2,59.24,0,3000,0,0.173,,0
C03252,Prepaid,2021-11-20,2023-06-05,140,127,0,1,,0,1700,1,0.342,,1
C03222,Postpaid,2018-07-01,2023-06-18,307,334,317,3,51.71,0,9100,0,0.136,,0
C03072,Postpaid,2019-08-16,2023-06-21,164,183,202,2,37.13,1,LEU-3000,0,0.173,,0
C04235,Postpaid,2015-08-06,2023-06-12,101,95,96,0,30.73,0,3420,0,0.286,,0
C01242,Prepaid,2016-01-12,2023-05-17,383,343,341,1,,0,9160,0,0.153,,0
C02674,Postpaid,2016-01-12,2023-05-14,302,299,310,0,54.97,1,1020,0,0.235,,0
C00916,Postpaid,2020-06-28,2023-04-17,137,94,1,2,41.38,0,3660,1,0.235,2023-06-21,1
C00053,Postpaid,2018-08-17,2023-06-15,109,109,106,0,37.74,0,9160,0,0.153,,0
C02303,Postpaid,27/01/2016,2023-06-17,56,53,51,0,33.05,0,9160,0,0.153,,0
C03694,Postpaid,2014-04-16,2023-06-28,216,234,235,1,45.58,1,9160,0,0.153,,0
C04893,Postpaid,2021-01-25,2023-06-20,106,115,119,0,40.08,0,9860,0,0.132,,0
C03376,Prepaid,2022-08-26,2023-06-28,78,77,70,1,,0,6820,0,0.0,,0
C00645,Postpaid,2019-01-03,2023-06-02,241,239,248,0,48.1,0,9160,0,0.153,,0
C02114,Postpaid,2017-01-27,2023-06-08,1303,1372,1255,0,125.97,0,9770,0,0.083,,0
C00838,Postpaid,2014-12-26,2023-06-12,269,298,296,1,38.15,0,1300,0,0.26,,0
C03871,Prepaid,2014-04-15,2023-06-09,53,54,52,1,,0,5290,0,0.171,,0
C01743,Prepaid,2017-09-24,2023-06-30,47,47,44,0,,0,9940,0,0.214,,0
C01157,Postpaid,2022-02-27,2023-06-29,507,513,537,2,63.79,0,2670,0,0.086,,0
C04520,Postpaid,2018-04-21,2023-06-18,497,510,539,0,59.08,1,9100,0,0.136,,0
C00399,Postpaid,2022-10-13,2023-06-04,511,533,562,3,76.43,0,5290,0,0.171,,0
C02025,Prepaid,2017-01-28,2023-04-27,12,7,0,1,,0,9180,1,0.25,,1
C00784,Postpaid,2017-05-01,2023-06-29,201,177,166,0,39.06,1,LEU-3000,0,0.173,,0
C04858,Postpaid,2022-07-30,2023-06-01,334,312,340,0,46.16,0,9160,0,0.153,,0
C03639,postpaid,2020-01-30,2023-06-12,487,465,419,0,61.03,0,1700,0,0.342,,0
C00284,Postpaid,2014-05-31,2023-06-07,264,282,310,2,48.19,0,4600,0,0.102,2024-03-25,0
C04101,Prepaid,2017-10-29,2023-06-20,27,26,26,0,,0,9040,0,0.3,,0
C03470,Postpaid,2016-11-16,2023-06-20,488,475,471,5,55.53,0,2600,0,0.231,,0
C01253,Prepaid,2018-05-05,2023-06-01,24,27,28,1,,0,9160,0,0.153,,0
C03505,Postpaid,2015-03-15,2023-06-29,223,229,242,1,43.9,0,2670,0,0.086,,0
C01274,Prepaid,2014-05-06,2023-06-29,192,216,232,0,,0,1670,0,0.125,,0
C03111,Postpaid,2018-04-21,2023-06-16,219,227,230,0,47.52,0,6900,0,0.205,,0
C01200,Postpaid,2021-11-18,2023-05-26,1120,1096,1048,1,112.36,0,5700,0,0.273,,0
C03403,Prepaid,2018-10-22,2023-05-28,48,24,1,2,,0,1300,0,0.26,,1
C01907,Postpaid,2017-09-27,2023-06-27,590,614,672,1,73.09,1,3630,0,0.286,,0
C03951,Postpaid,2018-10-28,2023-06-12,1047,1021,1082,0,113.67,1,1800,0,0.5,,0
C03379,Postpaid,2020-05-31,2023-05-28,368,390,369,2,46.07,0, 2150,0,0.094,,0
C04919,Postpaid,2015-04-17,2023-04-07,51,42,1,2,24.72,0,LEU-3000,0,0.173,2023-06-18,1
C03550,Postpaid,2016-08-29,2023-05-27,179,193,185,0,46.39,0,1180,0,0.0,,0
C03017,Prepaid,2014-03-26,2023-06-15,68,74,79,5,,0,1300,0,0.26,,0
C04917,Prepaid,2017-01-18,2023-04-07,72,69,0,3,,0,9160,1,0.153,,1
C02952,Prepaid,2017-11-14,2023-04-04,63,64,1,3,,0,1300,1,0.26,,1
C03426,Prepaid,2021-04-21,2023-06-07,76,84,90,1,,0,9100,0,0.136,,0
C01713,Prepaid,2023-04-03,2023-06-03,110,94,91,0,,0,5350,0,0.214,,0
C01142,Postpaid,2021-02-02,2023-06-05,98,91,4,1,42.17,0,1300,0,0.26,2023-06-21,1
C04337,Postpaid,2018-09-27,2023-05-05,303,281,309,0,46.99,1,2670,0,0.086,,0
C04885,Prepaid,2014-03-20,2023-06-10,127,115,121,0,,0,1300,0,0.26,,0
C01715,Prepaid,2020-12-29,2023-05-26,104,93,0,2,,0,5940,1,0.444,,1
C03582,Prepaid,2021-08-18,2023-06-13,39,37,40,0,,0,4390,0,0.071,,0
C03575,Prepaid,2018-12-14,2023-06-23,112,103,103,0,,0,1200,0,0.116,,0
C04471,Postpaid,2018-04-06,2023-05-27,153,148,148,1,45.35,0,9090,0,0.0,,0
C03299,Postpaid,2018-09-11,2023-06-05,60,62,67,4,36.94,1,1000,0,0.0,2023-09-19,0
C04851,Prepaid,2015-12-22,2023-06-17,8,8,8,0,,0,9160,0,0.153,,0
C00553,Postpaid,2022-07-30,2023-05-10,425,360,6,0,52.45,0,3680,1,0.4,2023-06-20,1
C04834,Postpaid,2019-05-05,2023-06-03,89,-166,97,1,25.67,0,5350,0,0.214,,0
C00198,Postpaid,2018-02-03,2023-06-26,464,482,519,1,73.65,1,3000,0,0.173,2024-06-06,0
C01041,Prepaid,2019-09-18,2023-06-14,210,227,241,1,,0,3000,0,0.173,,0
C04832,Postpaid,26/04/2014,2023-06-08,108,103,96,2,33.32,1,9740,0,0.174,2025-04-30,0
C00845,Prepaid,2020-06-29,2023-04-17,144,107,6,2,,0,9100,1,0.136,,1
C04444,Postpaid,2015-10-02,2023-06-04,1441,1258,1166,0,128.89,0,5350,0,0.214,,0
C04092,Postpaid,2016-12-29,2023-06-06,2375,2416,2623,0,217.65,0,3660,0,0.235,,0
C02102,Postpaid,2022-04-19,2023-04-24,447,293,10,2,47.31,0,9040,1,0.3,2023-06-08,1
C03710,Prepaid,2022-11-17,2023-05-13,131,83,3,1,,0,9100,1,0.136,,1
C01144,Postpaid,2020-11-20,2023-06-25,195,210,214,2,49.87,0,1300,0,0.26,2024-08-05,0
C03819,Postpaid,2021-02-10,2023-06-10,677,718,788,1,83.91,0,9900,0,0.333,,0
C01619,Postpaid,2021-07-25,2023-06-28,128,114,111,0,35.44,0,8000,0,0.211,,0
C04362,Prepaid,2021-03-08,2023-06-07,165,147,159,0,,0,1700,0,0.342,,0
C03214,Postpaid,2017-12-19,2023-06-29,110,113,118,1,37.71,1,4120,0,0.125,,0
C01027,Postpaid,2021-04-29,2023-06-12,142,148,137,2,47.0,0,1510,0,0.357,,0
C03348,Postpaid,2020-08-17,2023-05-09,84,46,1,0,24.22,0,5100,0,0.333,2023-06-11,1
C04757,Prepaid,2022-07-31,2023-06-10,62,63,58,1,,0,4890,0,0.136,,0
C00603,Postpaid,2019-09-24,2023-05-27,589,663,647,0,85.64,0,6900,0,0.205,,0
C01630,Prepaid,2018-06-03,2023-06-08,226,258,233,0,,0,3650,0,0.0,,0
C00387,Postpaid,2018-05-18,2023-05-25,152,152,140,2,38.75,0,6430,0,0.188,,0
C02621,Postpaid,2014-01-11,2023-06-28,182,176,177,0,44.66,0,9100,0,0.136,,0
C04420,Postpaid,2020-12-02,2023-05-25,275,263,266,0,58.71,0,3650,0,0.0,2024-04-05,0
C03094,Postpaid,2014-05-12,2023-06-14,826,747,732,1,91.01,1,9160,0,0.153,,0
C02035,Postpaid,2014-06-08,2023-06-17,310,326,310,0,54.1,0,8290,0,0.0,,0
C01336,Postpaid,2014-06-21,2023-06-08,435,461,489,3,62.99,2,4600,0,0.102,,0
C04345,postpaid,2021-12-28,2023-06-10,354,368,355,0,,0,1200,0,0.116,,0
C00805,Prepaid,2021-10-17,2023-06-03,150,131,124,2,,0,8330,0,0.125,,0
C03001,Postpaid,2020-02-09,2023-05-21,70,72,4,1,28.5,1,1080,1,0.381,2023-06-01,1
C00493,Postpaid,2020-06-19,2023-06-11,519,480,434,0,64.58,1,5290,0,0.171,,0
C01418,Prepaid,2018-07-12,2023-06-17,165,173,175,2,,0,9740,0,0.174,,0
C02745,Postpaid,2014-02-16,2023-06-28,373,401,401,2,58.98,0,8800,0,0.231,,0
C00341,Postpaid,2019-02-18,2023-06-27,550,549,597,1,65.9,0,6900,0,0.205,2024-08-26,0
C01110,Postpaid,2018-08-23,2023-06-12,56,60,61,0,28.53,1,1670,1,0.125,,0
C02984,Prepaid,2017-09-17,2023-06-20,255,288,262,0,,0,4020,0,0.071,,0
C00166,Prepaid,2022-06-23,2023-06-01,29,25,1,1,,0,8820,1,0.4,,1
C04233,Postpaid,2015-03-01,2023-06-20,84,82,84,1,26.7,0,9160,0,0.153,,0
C02484,Prepaid,2019-03-24,2023-04-08,147,152,7,1,,0,1700,0,0.342,,1
C03482,Postpaid,2021-04-25,2023-06-24,1369,1164,1254,1,119.51,0,9330,0,0.333,,0
C03726,Postpaid,2020-04-07,2023-06-01,84,82,82,0,42.16,0,9100,0,0.136,,0
C00485,Postpaid,2021-10-13,2023-06-16,136,123,133,0,29.51,1,6380,0,0.167,,0
C03921,Postpaid,2016-06-18,2023-04-30,459,444,3,1,59.51,0,3000,1,0.173,2023-06-15,1
C04643,Postpaid,2018-06-18,2023-06-10,69,63,61,1,35.98,0,2670,1,0.086,,0
C00422,Postpaid,2017-05-11,2023-06-05,105,52,2,3,38.84,0,3000,0,0.173,2023-06-03,1
C03451,Postpaid,2021-09-21,2023-06-03,69,43,1,1,28.77,0,7500,1,0.079,2023-06-19,1
C00155,Prepaid,2021-01-25,2023-06-03,491,447,485,0,,0,9160,1,0.153,,0
C03108,Postpaid,2021-11-22,2023-05-13,136,146,150,1,28.03,0,3000,0,0.173,,0
C00592,Postpaid,2018-12-17,2023-05-14,284,251,253,0,42.91,1,9160,0,0.153,,0
C01572,Postpaid,2022-02-06,2023-06-21,270,262,255,0,42.18,0,9160,0,0.153,,0
C02391,Prepaid,2017-06-29,2023-06-24,136,151,153,0,,0,1200,0,0.116,,0
C04355,Postpaid,2017-03-23,2023-05-22,230,227,216,0,39.38,0,1200,0,0.116,,0
C03697,Prepaid,2021-11-06,2023-05-08,51,56,57,1,,0,9160,0,0.153,,0
C00379,Postpaid,2018-10-08,2023-06-07,323,349,364,1,56.39,0,1560,0,0.0,,0
C03076,Postpaid,2016-07-19,2023-06-25,153,132,127,0,44.01,0,2240,0,0.091,,0
C04546,Prepaid,2015-03-01,2023-06-30,16,17,18,8,,0,3000,0,0.173,,0
C02173,Postpaid,2018-06-12,2023-06-03,228,249,253,0,44.27,0,1300,0,0.26,2024-09-04,0
C01052,Postpaid,2016-10-02,2023-05-04,38,42,43,0,22.86,0,9160,0,0.153,,0
C02115,Postpaid,2014-05-01,2023-05-28,94,96,89,3,30.75,0,2300,0,0.067,,0
C04707,Prepaid,2020-03-04,2023-06-21,267,294,306,0,,0,7140,0,0.375,,0
C02051,Prepaid,2021-06-11,2023-04-08,29,18,0,4,,0,8310,0,0.175,,1
C04063,Prepaid,2015-07-01,2023-05-12,103,112,113,1,,0,5350,1,0.214,,0
C04996,Postpaid,2016-03-06,2023-06-19,467,469,437,1,62.32,2,5350,1,0.214,,0
C00180,Prepaid,2014-03-11,2023-06-05,103,110,110,0,,0,5700,0,0.273,,0
C04547,Postpaid,2019-07-21,2023-06-20,251,270,270,0,57.94,0,3000 Leuven,0,0.173,,0
C04888,Postpaid,2020-12-05,2023-04-24,769,585,24,3,65.88,0,7180,1,0.143,2023-06-19,1
C02460,Postpaid,2018-08-10,2023-05-19,68,32,1,0,26.1,1,6020,1,0.167,2023-06-13,1
C01574,Postpaid,2015-02-20,2023-06-17,152,175,168,0,39.5,1,2060,0,0.0,,0
C01597,Prepaid,2015-07-12,2023-06-12,154,170,176,1,,0,7180,0,0.143,,0
C02941,Prepaid,2019-10-15,2023-06-05,67,42,0,5,,0,1700,1,0.342,,1
C03686,Postpaid,2016-04-06,2023-05-16,228,262,237,1,46.86,1,5350,0,0.214,,0
C04372,Prepaid,2017-11-08,2023-06-28,92,81,76,1,,0,4370,0,0.074,,0
C04714,Postpaid,2016-03-13,2023-06-12,275,314,308,0,55.67,0,9100,0,0.136,,0
C02886,Prepaid,2017-11-22,2023-04-29,103,96,3,1,,0,1080,1,0.381,,1
C00250,Postpaid,2023-01-04,2023-06-01,95,88,91,1,21.83,0,3000,0,0.173,,0
C03458,Postpaid,2021-08-02,2023-05-31,194,169,154,0,48.54,1,6860,0,0.278,,0
C00638,Postpaid,2021-03-05,2023-06-16,362,375,395,1,58.33,0,3250,0,0.062,,0
C02395,PREPAID,2017-04-21,2023-05-18,248,227,221,2,,0,9860,0,0.132,,0
C02581,Postpaid,2014-09-28,2023-06-12,498,471,479,1,69.47,0,2070,0,0.312,,0
C03690,Prepaid,2020-05-19,2023-06-09,38,41,43,2,,0,9100,0,0.136,,0
C02320,Postpaid,2019-02-21,2023-05-23,48,51,53,0,42.35,0,5350,0,0.214,,0
C00344,Postpaid,2015-05-18,2023-05-20,384,337,336,0,52.72,0,9160,0,0.153,,0
C02326,Postpaid,2014-11-12,2023-06-13,188,213,205,1,41.22,0,1200,1,0.116,,0
C00466,Prepaid,2022-07-02,2023-06-20,36,38,36,0,,0,1300,0,0.26,,0
C03378,Postpaid,2015-02-23,2023-06-04,3206,3291,3455,1,277.73,0,9100,0,0.136,,0
C00574,Postpaid,2017-09-03,2023-06-09,310,333,337,1,44.09,0,4020,0,0.071,2024-02-07,0
C02328,Prepaid,2021-08-30,2023-04-16,135,61,3,1,,0,1700,1,0.342,,1
C04717,Postpaid,2018-08-11,2023-06-13,431,447,415,2,59.9,0,7500,0,0.079,,0
C02416,Postpaid,2015-02-02,2023-06-13,449,478,500,1,70.32,0,8540,0,0.125,,0
C00023,Postpaid,2018-01-23,2023-06-18,528,514,492,0,67.17,0,5870,0,0.167,,0
C00760,Postpaid,2020-03-11,2023-05-04,312,298,295,1,60.8,0,5490,0,0.118,,0
C00052,Postpaid,2016-12-29,2023-06-30,456,454,415,2,64.75,1,9160,0,0.153,,0
C00836,Prepaid,2015-08-06,2023-06-18,66,65,69,2,,0,5260,0,0.111,,0
C02134,Postpaid,2021-05-18,2023-06-21,396,340,348,1,46.53,0,1700,0,0.342,,0
C02893,Postpaid,2019-04-09,2023-06-16,511,448,464,2,59.49,1,8740,0,0.0,2025-07-18,0
C04097,Postpaid,2020-05-19,2023-06-06,46,50,47,1,35.1,0,5700,0,0.273,,0
C04270,Prepaid,2020-03-07,2023-05-10,125,96,6,0,,0,6620,1,0.118,,1
C01187,Postpaid,2019-11-27,2023-04-20,70,49,0,3,28.92,0,7190,1,0.429,2023-06-17,1
C03677,Postpaid,2014-05-06,2023-06-16,119,123,123,0,40.02,0,6900,0,0.205,,0
C04510,Prepaid,2017-08-27,2023-06-10,637,563,552,2,,0,3000,0,0.173,,0
C02558,Postpaid,2020-08-14,2023-06-29,204,233,212,3,47.05,0,2670,0,0.086,,0
C01141,Postpaid,2021-09-02,2023-06-13,706,604,558,1,83.5,0,LEU-3000,0,0.173,,0
C02618,Postpaid,2023-04-12,2023-06-02,240,121,5,1,38.86,1,4750,1,0.25,2023-06-05,1
C04118,Prepaid,2018-07-08,2023-06-11,83,75,72,0,,0,2670,0,0.086,,0
C00353,Postpaid,2015-01-03,2023-06-03,151,145,1,1,44.31,0,4600,1,0.102,2023-06-12,1
C04501,Prepaid,2020-08-30,2023-06-16,550,543,578,0,,0,5260,0,0.111,,0
C01697,Postpaid,2021-05-06,2023-06-19,104,101,102,3,,0,2150,0,0.094,,0
C03852,Prepaid,2014-09-10,2023-06-02,41,37,40,1,,0,4250,0,0.4,,0
C01643,Prepaid,2021-10-26,2023-06-18,52,52,51,0,,0,9100,0,0.136,,0
C00008,Prepaid,2014-02-28,2023-06-25,130,137,135,2,,0,3660,0,0.235,,0
C04735,Postpaid,2015-05-19,2023-04-07,80,57,2,4,34.86,0,1300,1,0.26,2023-06-20,1
C00173,Postpaid,2018-11-25,2023-04-28,406,238,8,3,39.87,0,9160,1,0.153,2023-06-02,1
C00514,Postpaid,2018-07-15,2023-06-09,242,242,264,3,36.87,1,3880,0,0.2,,0
C01449,Postpaid,2020-06-04,2023-06-15,58,66,70,0,36.81,0,5590,0,0.0,,0
C01196,Postpaid,2015-10-10,2023-05-10,457,513,557,0,71.91,0,2670,0,0.086,,0
C03186,Prepaid,2015-07-25,2023-06-04,208,195,180,0,,0,3010,0,0.0,,0
C00248,Postpaid,2016-05-21,2023-06-27,720,776,781,0,91.35,0,8160,0,0.25,,0
C02679,Post-paid,2016-11-01,2023-05-07,228,126,7,3,43.09,1,3060,0,0.286,2023-06-29,1
C00236,Postpaid,20/01/2021,2023-06-17,87,82,78,1,35.86,1,9100,0,0.136,,0
C01018,Prepaid,2021-04-16,2023-06-30,155,144,133,1,,0,9160,0,0.153,,0
C03193,Postpaid,2017-04-03,2023-05-18,136,145,139,1,39.34,1,6960,0,0.359,,0
C03883,Postpaid,2018-12-07,2023-06-15,535,503,545,0,59.69,0,9160,0,0.153,,0
C00950,Prepaid,2015-05-25,2023-06-17,134,150,151,2,,0,2140,0,0.5,,0
C03796,Prepaid,2016-02-26,2023-04-25,61,64,2,3,,0,9100,1,0.136,,1
C03966,Postpaid,2016-04-12,2023-06-05,182,207,211,3,42.22,0,5400,0,0.0,,0
C00728,Postpaid,2016-10-09,2023-06-06,653,585,580,0,75.73,0,8630,0,0.188,,0
C02587,Postpaid,2022-03-06,2023-06-14,57,52,56,1,27.64,0,6010,0,0.0,2024-01-15,0
C01871,Prepaid,2017-12-29,2023-06-08,62,58,64,0,,0,6430,0,0.188,,0
C04764,Prepaid,2018-06-28,2023-06-21,17,18,17,2,,0,4390,0,0.071,,0
C01069,Prepaid,2019-03-10,2023-05-29,139,158,148,2,,0,6620,0,0.118,,0
C04335,postpaid,2022-07-07,2023-06-01,238,256,241,0,54.54,0,3660,0,0.235,,0
C03854,Prepaid,2015-06-10,2023-06-12,260,233,221,2,,0,3510,0,0.125,,0
C03290,Prepaid,2019-10-30,2023-06-13,146,151,163,1,,0,5290,0,0.171,,0
C04131,Postpaid,2020-06-22,2023-06-29,555,503,476,0,65.31,0,6960,0,0.359,,0
C03387,PREPAID,2023-01-02,2023-04-19,69,32,1,3,,0,2230,0,0.421,,1
C00709,PREPAID,2015-10-16,2023-06-02,39,39,0,4,,0,5760,1,0.25,,1
C02454,Postpaid,2018-11-10,2023-06-01,318,284,281,1,48.07,0,2670,0,0.086,,0
C04796,Prepaid,2017-09-11,2023-06-01,25,28,25,1,,0,4390,0,0.071,,0
C04642,Postpaid,2015-12-13,2023-06-15,189,213,200,1,46.73,0,1200,0,0.116,,0
C02812,Prepaid,2018-09-21,2023-04-26,68,31,2,3,,0,9100,1,0.136,,1
C01109,Prepaid,2020-07-06,2023-06-01,23,21,0,0,,0,2670,0,0.086,,1
C01247,Postpaid,2014-10-02,2023-06-17,326,362,382,2,63.55,1,LEU-3000,0,0.173,,0
C03415,Postpaid,2015-06-24,2023-06-12,40,42,42,0,31.05,0,LEU-3000,0,0.173,,0
C02250,Postpaid,2016-07-09,2023-06-03,746,823,860,0,86.79,0,3490,0,0.0,,0
C02920,Postpaid,2022-06-21,2023-06-26,304,311,280,1,43.43,0,9860,0,0.132,,0
C03910,Postpaid,2021-06-09,2023-06-10,622,590,598,1,72.75,0,6870,0,0.28,2024-02-07,0
C02583,Postpaid,2018-10-10,2023-06-29,391,421,418,3,64.62,1,9300,0,0.333,,0
C03699,Postpaid,26/11/2022,2023-06-16,43,48,49,0,24.95,0,2670,0,0.086,,0
C01543,Postpaid,2017-03-17,2023-05-11,383,373,372,1,,1,3680,0,0.4,,0
C03270,Postpaid,2020-03-18,2023-06-04,327,283,286,1,49.11,0,3650,0,0.0,,0
C03024,Prepaid,2018-07-29,2023-06-01,61,54,58,1,,0,6620,0,0.118,,0
C01785,Prepaid,2020-07-11,2023-06-17,18,20,18,0,,0,3000,0,0.173,,0
C00889,Postpaid,2019-06-18,2023-06-27,1240,1266,1226,0,122.53,1,3000,0,0.173,,0
C01891,Postpaid,2020-05-17,2023-06-26,381,335,331,1,58.48,0,3000,0,0.173,2024-07-21,0
C03000,Postpaid,2021-05-16,2023-06-23,137,153,154,0,37.56,0,1200,0,0.116,,0
C01702,Postpaid,2014-04-16,2023-06-09,594,609,659,0,62.0,0,9160,0,0.153,,0
C04267,Postpaid,2018-04-16,2023-06-15,608,672,673,1,80.79,0,3000,0,0.173,,0
C03201,Postpaid,2022-09-01,2023-06-10,408,363,393,2,58.64,1,3000 Leuven,0,0.173,,0
C02455,Postpaid,2017-06-27,2023-06-23,1378,1322,1446,1,113.9,1,3000,0,0.173,,0
C01133,Postpaid,2014-06-22,2023-06-30,455,508,468,1,59.24,0,1300,0,0.26,,0
C00633,Postpaid,2020-08-05,2023-06-22,221,238,246,3,47.14,0,1030,0,0.1,,0
C03224,Postpaid,2014-01-06,2023-06-14,646,686,705,0,75.81,1,6620,0,0.118,,0
C04956,Postpaid,2023-05-05,2023-06-10,69,67,71,0,32.05,1,3000 Leuven,0,0.173,,0
C03879,Postpaid,2016-01-05,2023-06-18,169,164,174,1,40.31,0,9110,0,0.0,,0
C02934,Postpaid,2014-08-03,2023-06-21,720,797,791,0,90.93,0,1700,0,0.342,,0
C01099,Postpaid,2022-04-13,2023-04-06,129,75,4,0,35.68,1,4180,0,0.167,2023-06-10,1
C04878,Prepaid,2015-01-09,2023-06-13,169,160,170,1,,0,LEU-3000,0,0.173,,0
C02190,Postpaid,2016-05-31,2023-06-21,379,392,420,3,77.6,0, 4370,0,0.074,,0
C03907,Postpaid,2020-06-24,2023-05-03,85,81,4,2,41.31,0,3660,0,0.235,2023-06-22,1
C01757,Prepaid,2022-07-26,2023-06-19,31,33,31,0,,0,3800,0,0.083,,0
C00816,Postpaid,2014-01-02,2023-06-24,280,310,318,2,51.89,0,7310,0,0.111,,0
C01091,Prepaid,2022-03-14,2023-05-25,34,17,1,2,,0,1700,1,0.342,,1
C04980,Prepaid,2017-02-01,2023-06-14,43,40,36,0,,0,8000,0,0.211,,0
C02204,Prepaid,2017-03-25,2023-06-02,40,46,50,1,,0,8360,0,0.1,,0
C03089,Postpaid,2022-04-20,2023-06-24,194,213,218,1,36.94,0,2670,0,0.086,2024-10-05,0
C00946,Prepaid,2020-09-12,2023-06-14,98,97,98,0,,0,2500,1,0.118,,0
C01672,Postpaid,2021-05-06,2023-06-30,157,138,139,2,45.03,0,9160,0,0.153,,0
C02721,Postpaid,2020-06-13,2023-06-05,284,273,277,0,51.22,1,3000,0,0.173,2025-02-08,0
C02867,Postpaid,2022-03-24,2023-06-02,134,145,144,1,35.41,0,1300,0,0.26,,0
C03814,Postpaid,2020-09-03,2023-06-19,271,270,292,3,54.51,1,6430,0,0.188,,0
C02980,Postpaid,2015-05-01,2023-06-30,145,149,163,1,27.09,0,9160,0,0.153,,0
C01749,Postpaid,2014-02-04,2023-06-08,186,171,178,2,45.62,1,9160,0,0.153,,0
C04103,Prepaid,2015-07-02,2023-06-24,63,60,64,1,,0,9100,0,0.136,,0
C02232,Prepaid,2022-07-17,2023-06-02,35,27,0,3,,0,3660,1,0.235,,1
C00611,Postpaid,2023-01-22,2023-05-06,1356,1384,1286,0,137.59,0,9160,0,0.153,2023-12-23,0
C04600,Postpaid,2016-11-13,2023-06-29,38,33,32,3,32.06,1,3510,0,0.125,,0
C01899,Prepaid,2020-12-20,2023-06-24,58,54,55,1,,0,5350,0,0.214,,0
C02929,Postpaid,2019-03-29,2023-06-11,52,45,41,0,45.92,0,3660,0,0.235,,0
C03162,Prepaid,2023-05-05,2023-06-24,215,221,201,1,,0,1200,0,0.116,,0
C03277,Postpaid,2016-06-19,2023-06-21,452,444,449,3,67.23,1,9100,0,0.136,,0
C04091,Postpaid,2016-09-23,2023-06-23,269,233,243,1,45.42,1,9160,0,0.153,,0
C02367,Postpaid,2016-01-29,2023-06-15,67,64,68,0,34.38,0,3000,0,0.173,,0
C04537,Postpaid,2017-06-07,2023-05-19,233,209,9,1,39.95,0,6470,0,0.214,2023-06-29,1
C02209,Postpaid,2014-10-31,2023-06-07,143,130,132,2,34.84,0,3000,0,0.173,,0
C01215,Prepaid,2016-08-10,2023-06-10,209,215,208,2,,0,3740,0,0.129,,0
C02410,Prepaid,2022-06-05,2023-06-05,192,180,177,0,,0,9540,0,0.2,,0
C01076,Postpaid,2021-10-20,2023-05-08,485,417,456,0,57.75,0,3660,0,0.235,,0
C04926,Prepaid,2022-09-27,2023-06-06,243,263,289,1,,0,4890,0,0.136,,0
C00095,Prepaid,2015-07-08,2023-06-02,38,20,1,4,,0,6900,1,0.205,,1
C04778,Prepaid,2017-10-09,2023-06-10,17,16,17,1,,0,3000,0,0.173,,0
C04977,Postpaid,2014-03-17,2023-06-19,116,111,116,2,34.46,1,2470,0,0.0,,0
C01280,Postpaid,2014-11-15,2023-06-26,64,65,65,3,38.85,0,1700,0,0.342,,0
C00334,Prepaid,2020-01-21,2023-05-23,60,34,2,1,,0,1400,1,0.429,,1
C04687,Postpaid,2014-07-02,2023-06-29,60,68,70,2,42.25,0,1300,0,0.26,2024-10-13,0
C02507,Prepaid,2022-02-20,2023-06-04,99,64,3,2,,0,5600,0,0.143,,1
C00641,Prepaid,2022-12-10,2023-04-15,278,197,4,1,,0,1050,1,0.278,,1
C04602,Postpaid,2021-06-15,2023-05-22,269,220,1,0,45.33,1,9100,1,0.136,2023-06-20,1
C02717,Prepaid,2014-12-02,2023-05-24,128,119,111,0,,0,1300,0,0.26,,0
C01321,Postpaid,2021-12-04,2023-04-09,45,32,0,2,28.75,1,4750,0,0.25,2023-06-01,1
C00509,Postpaid,2021-11-20,2023-06-16,266,240,258,2,46.84,0,2670,0,0.086,,0
C00332,Postpaid,2016-09-26,2023-06-19,471,534,529,0,65.97,1,4510,0,0.0,,0
C00448,Prepaid,2016-04-21,2023-05-10,400,320,15,1,,0,1300,0,0.26,,1
C04992,Postpaid,2022-07-13,2023-06-17,339,324,347,1,51.6,0,3050,0,0.111,2025-02-02,0
C00975,Postpaid,2016-02-05,2023-06-03,87,79,79,2,36.71,1,3000 Leuven,0,0.173,2025-07-22,0
C00779,Postpaid,2017-09-13,2023-04-11,308,191,6,0,41.12,0,1480,0,0.375,2023-06-17,1
C01566,Postpaid,2022-09-05,2023-06-09,313,351,358,0,54.56,0,2670,0,0.086,,0
C01045,Prepaid,2020-02-29,2023-06-15,99,103,111,2,,0,4190,0,0.182,,0
C03901,Postpaid,2021-10-23,2023-06-19,174,183,173,0,46.57,1,9160,0,0.153,,0
C02293,Postpaid,2022-10-05,2023-04-07,1106,794,5,3,81.52,1,3000,1,0.173,2023-06-11,1
C00654,Postpaid,2019-06-28,2023-06-15,512,526,574,0,74.7,0,3000,0,0.173,,0
C00347,Postpaid,2022-01-06,2023-06-14,867,892,952,2,85.05,0,9860,0,0.132,,0
C00127,Prepaid,2014-07-10,2023-06-29,41,46,46,5,,0,3000,0,0.173,,0
C02975,Postpaid,2019-07-17,2023-06-06,181,171,183,3,50.86,1,3990,1,0.4,2025-05-08,0
C02388,Prepaid,2023-03-13,2023-04-18,44,38,2,2,,0,4390,0,0.071,,1
C02896,Postpaid,2020-06-08,2023-06-25,670,722,767,0,84.24,0,1300,0,0.26,,0
C04591,Postpaid,2023-02-20,2023-06-02,242,278,289,1,54.71,0,5210,0,0.0,,0
C03513,Postpaid,2016-12-05,2023-06-18,397,436,444,20,63.55,0,4390,0,0.071,,0
C01019,Postpaid,2022-05-04,2023-05-07,195,116,4,1,35.12,1,7500,1,0.079,2023-06-01,1
C01470,Prepaid,2016-06-15,2023-06-22,194,188,189,24,,0,3000,0,0.173,,0
C01801,Postpaid,2018-03-20,2023-06-17,116,112,109,1,37.13,0,9160,0,0.153,,0
C01726,Prepaid,2014-06-12,2023-06-23,37,40,38,1,,0,1030,0,0.1,,0
C00974,Prepaid,2020-05-11,2023-04-19,65,45,2,1,,0,2070,1,0.312,,1
C04712,Postpaid,2014-01-27,2023-06-25,109,106,101,1,30.86,0,5080,0,0.583,,0
C04944,Prepaid,2020-12-02,2023-04-07,128,98,4,1,,0,5080,1,0.583,,1
C01359,Postpaid,2017-08-17,2023-06-09,713,683,620,0,70.63,0,6620,0,0.118,,0
C01521,Postpaid,2020-06-15,2023-06-10,124,131,120,1,27.27,0,4350,0,0.0,,0
C02599,Postpaid,2023-04-01,2023-05-10,184,108,1,2,32.31,1,6960,1,0.359,2023-06-19,1
C03100,Postpaid,2017-03-24,2023-06-05,698,789,857,3,85.92,0,9100,0,0.136,,0
C04179,Postpaid,2020-01-25,2023-05-05,749,725,42,2,63.16,0,1740,1,0.161,2023-06-14,1
C04038,Prepaid,2016-09-01,2023-06-09,89,82,87,3,,0,9160,0,0.153,,0
C04789,Postpaid,2022-03-13,2023-06-17,210,225,216,1,49.5,0,LEU-3000,0,0.173,,0
C00484,Postpaid,2014-04-24,2023-05-24,552,403,20,2,63.9,0,6430,0,0.188,2023-06-30,1
C02936,Prepaid,2017-10-15,2023-06-06,125,114,111,1,,0,9160,0,0.153,,0
C02449,Prepaid,2016-04-06,2023-06-30,520,510,479,2,,0,8330,0,0.125,,0
C00263,Postpaid,2014-07-27,2023-06-17,390,423,452,0,65.07,0,3000,0,0.173,,0
C02363,Prepaid,2016-04-13,2023-05-18,117,73,0,1,,0,5080,1,0.583,,1
C00519,Prepaid,2014-04-05,2023-06-24,29,30,28,0,,0,9100,1,0.136,,0
C00992,Prepaid,2021-08-15,2023-06-15,79,80,81,1,,0,9160,0,0.153,,0
C03955,Postpaid,2017-10-16,2023-06-01,744,757,744,1,94.9,0,3300,0,0.214,,0
C02869,Postpaid,2014-01-02,2023-06-18,46,44,42,0,35.07,0,1300,0,0.26,,0
C02520,Postpaid,2021-12-22,2023-05-01,369,211,1,2,48.04,1,1300,0,0.26,2023-06-07,1
C03293,Prepaid,2021-05-28,2023-06-19,187,211,200,2,,0,4220,0,0.0,,0
C00944,Postpaid,2021-01-19,2023-06-05,46,44,48,1,30.53,0,3000,0,0.173,2025-04-06,0
C01592,Postpaid,2014-05-14,2023-06-28,863,915,984,0,98.87,1,1180,0,0.0,,0
C00451,Prepaid,2020-06-04,2023-04-20,109,63,3,1,,0,6900,1,0.205,,1
C03803,Postpaid,2019-10-28,2023-06-13,149,155,168,1,19.49,0,1890,0,0.235,,0
C03050,Postpaid,2022-07-26,2023-06-17,495,438,427,1,55.91,0,2670,0,0.086,,0
C04310,Postpaid,2018-04-12,2023-06-25,410,446,478,1,56.3,1,3000,0,0.173,2024-12-11,0
C04069,Postpaid,2018-04-06,2023-06-07,47,53,50,1,27.75,0,3000 Leuven,0,0.173,,0
C01356,PREPAID,2020-04-20,2023-05-15,18,12,1,2,,0,2670,0,0.086,,1
C01925,Prepaid,2014-07-07,2023-06-27,39,39,40,2,,0,9160,0,0.153,,0
C01312,Prepaid,2021-04-18,2023-05-01,44,39,2,2,,0,2790,1,0.2,,1
C03579,Postpaid,2014-03-12,2023-06-08,238,266,292,1,47.14,0,3880,0,0.2,,0
C03487,Prepaid,2018-02-25,2023-06-12,39,42,39,3,,0,2260,0,0.35,,0
C04260,Postpaid,2020-07-05,2023-06-02,1623,1427,1318,1,134.25,0,9100,0,0.136,,0
C00394,Postpaid,2020-10-10,2023-06-17,43,49,49,0,41.19,0,9160,0,0.153,2024-11-26,0
C03555,Prepaid,2015-01-12,2023-05-08,24,23,1,0,,0,9770,0,0.083,,1
C04947,Prepaid,2019-11-16,2023-06-14,71,76,82,1,,0,3000,0,0.173,,0
C03948,Prepaid,2014-12-20,2023-05-09,66,58,54,0,,0,9100,0,0.136,,0
C00676,Postpaid,24/01/2016,2023-05-05,118,119,5,3,32.01,0,9160,0,0.153,2023-06-26,1
C00824,Postpaid,2015-02-08,2023-05-18,195,204,196,0,39.71,1,3550,0,0.0,2023-11-20,0
C01614,Postpaid,2019-01-19,2023-05-30,32,34,34,1,36.59,0,7030,0,0.143,,0
C02924,Postpaid,2021-03-21,2023-06-26,586,622,608,1,72.48,0,3000,0,0.173,,0
C03561,Postpaid,2022-11-21,2023-05-15,62,44,2,3,28.84,0,1200,0,0.116,2023-06-01,1
C01444,Postpaid,2021-07-19,2023-06-06,276,275,301,0,48.49,0,7110,0,0.3,,0
C03556,Prepaid,2022-02-16,2023-06-15,394,401,407,2,,0,9160,0,0.153,,0
C03874,Postpaid,2022-03-06,2023-06-22,503,569,598,0,66.49,1,1090,0,0.133,,0
C02350,Prepaid,2021-10-06,2023-05-22,115,88,3,1,,0,6680,1,0.286,,1
C03199,Postpaid,2016-03-03,2023-06-24,160,161,164,1,30.33,0,1700,0,0.342,2023-11-04,0
C03455,Postpaid,2015-06-01,2023-06-19,212,214,197,1,40.87,0,6430,0,0.188,,0
C04426,Postpaid,2018-04-16,2023-05-20,263,229,220,0,51.35,0,4370,0,0.074,,0
C04404,Prepaid,2016-09-17,2023-06-12,91,94,92,0,,0,9160,1,0.153,,0
C03615,Postpaid,2018-05-25,2023-06-16,430,407,444,1,62.85,0,1700,1,0.342,,0
C00480,Postpaid,2021-12-06,2023-06-27,305,259,258,0,49.53,0,9160,0,0.153,,0
C03764,Prepaid,2020-09-02,2023-06-11,46,42,40,1,,0,4220,0,0.0,,0
C00561,Postpaid,2022-07-26,2023-06-22,520,474,445,1,60.06,0,8160,0,0.25,,0
C02912,Postpaid,2021-11-11,2023-04-28,127,70,1,3,27.57,0,8490,1,0.143,2023-06-17,1
C03091,Prepaid,2016-11-04,2023-06-22,131,136,132,1,,0,9100,1,0.136,,0
C01877,Postpaid,2016-12-21,2023-05-21,163,182,171,0,50.94,1,3900,0,0.143,,0
C02623,Postpaid,2018-02-25,2023-06-05,85,48,0,0,35.86,0,9160,1,0.153,2023-06-20,1
C02821,Postpaid,2022-11-11,2023-06-13,317,292,320,1,50.26,0,2670,0,0.086,,0
C02024,Postpaid,2018-05-05,2023-06-08,1684,1473,1343,1,143.63,0,5290,0,0.171,,0
C01213,Postpaid,2021-07-10,2023-05-07,442,3122,4,1,51.53,0,9100,0,0.136,2023-06-25,1
C03154,Prepaid,2019-04-07,2023-05-07,168,77,1,1,,0,9160,1,0.153,,1
C01343,Postpaid,2017-05-09,2023-05-06,337,179,5,1,40.65,0,1700,1,0.342,2023-06-07,1
C01169,Prepaid,2022-03-17,2023-06-21,51,57,53,3,,0,5600,0,0.143,,0
C02231,Prepaid,2014-01-02,2023-06-28,140,129,133,1,,0,5290,0,0.171,,0
C00842,Postpaid,2019-12-19,2023-06-13,188,190,178,0,44.55,1,9160,0,0.153,2025-07-13,0
C01570,Postpaid,2016-05-03,2023-06-14,643,652,597,1,71.33,1,2070,0,0.312,,0
C02672,Postpaid,2019-10-23,2023-04-03,81,48,2,2,25.67,0,6000,1,0.182,2023-06-30,1
C01731,Postpaid,2022-01-22,2023-06-01,113,80,4,1,33.67,0,3450,1,0.214,2023-06-15,1
C03345,Postpaid,2018-02-03,2023-06-15,86,91,84,1,35.9,0,6380,0,0.167,,0
C02037,Prepaid,2019-11-30,2023-06-21,54,54,58,0,,0,2670,0,0.086,,0
C03258,Postpaid,2016-09-11,2023-06-12,99,101,106,1,38.63,0,4190,0,0.182,2024-12-13,0
C01211,Postpaid,2017-12-25,2023-06-20,967,913,842,0,99.56,0,3000,0,0.173,2024-12-29,0
C00246,Postpaid,2020-09-11,2023-05-21,206,96,5,4,26.49,0,9100,1,0.136,2023-06-05,1
C02948,Postpaid,2015-05-22,2023-05-09,39,44,39,3,,0,3000,0,0.173,,0
C04437,Prepaid,2019-10-08,2023-04-10,26,27,1,4,,0,1700,1,0.342,,1
C02766,Prepaid,2022-10-15,2023-05-01,88,62,1,2,,0,5700,1,0.273,,1
C03706,Postpaid,2014-01-03,2023-06-09,246,253,243,0,47.46,1,8870,0,0.0,,0
C00041,Postpaid,2014-12-30,2023-06-08,375,343,355,0,55.82,1,5290,0,0.171,2024-07-26,0
C04942,Postpaid,2021-02-04,2023-05-30,287,235,13,0,46.62,0,6620,0,0.118,2023-06-03,1
C02344,Prepaid,2018-02-04,2023-05-31,5,4,0,1,,0,5700,1,0.273,,1
C04280,Postpaid,2018-09-19,2023-06-30,175,150,159,3,44.78,0,1500,0,0.0,,0
C00663,Prepaid,2020-07-29,2023-06-18,78,69,68,0,,0,3000,0,0.173,,0
C03633,Prepaid,17/02/2020,2023-06-30,41,38,40,0,,0,2670,0,0.086,,0
C01015,Postpaid,2020-08-25,2023-05-08,267,227,3,7,43.97,0,6870,1,0.28,2023-06-18,1
C03352,Prepaid,2021-03-05,2023-06-28,78,83,83,0,,0,3660,0,0.235,,0
C04724,Postpaid,2019-09-05,2023-06-10,148,162,164,0,48.13,1,1020,0,0.235,,0
C03703,Postpaid,2020-08-28,2023-06-21,178,164,167,1,38.9,1,3740,0,0.129,,0
C03581,Postpaid,2015-05-04,2023-06-09,617,639,630,2,75.07,0,9160,0,0.153,,0
C00286,Prepaid,2017-04-19,2023-05-27,74,56,1,2,,0,4740,1,0.5,,1
C03170,Postpaid,2016-08-12,2023-06-05,152,132,122,0,48.32,0,5350,0,0.214,,0
C04312,Prepaid,2015-12-15,2023-06-17,27,31,34,3,,0,3740,0,0.129,,0
C03265,Postpaid,2021-04-22,2023-05-04,2525,2636,2563,1,221.78,0,1700,0,0.342,,0
C02407,Prepaid,2022-10-19,2023-06-26,21,19,19,2,,0,9160,0,0.153,,0
C01990,PREPAID,2018-03-31,2023-06-29,208,179,166,2,,0,2230,1,0.421,,0
C01408,Prepaid,2020-06-24,2023-05-10,149,120,2,4,,0,1020,1,0.235,,1
C04062,Prepaid,2018-02-24,2023-06-08,901,866,857,0,,0,9100,0,0.136,,0
C02901,Prepaid,2018-05-17,2023-06-12,33,33,30,1,,0,2500,0,0.118,,0
C00105,Postpaid,2016-09-13,2023-06-23,380,401,423,1,59.22,3,3300,0,0.214,,0
C00235,Postpaid,2021-07-27,2023-05-07,83,54,2,1,22.91,2,1700,1,0.342,2023-06-24,1
C02743,Postpaid,2015-09-07,2023-06-17,501,505,477,0,74.43,0,3000,1,0.173,2024-05-15,0
C02242,Postpaid,2022-12-14,2023-06-24,87,96,98,0,38.3,0,LEU-3000,0,0.173,,0
C03609,Postpaid,2018-08-01,2023-06-20,63,64,69,0,40.43,0,2670,0,0.086,,0
C01856,Postpaid,2015-01-19,2023-06-23,807,898,876,3,89.52,1,3000,0,0.173,,0
C00617,Postpaid,2019-01-18,2023-06-10,483,491,463,0,80.16,1,8290,0,0.0,,0
C04071,Postpaid,2018-12-04,2023-06-22,554,489,482,1,59.34,1,9160,0,0.153,,0
C01049,Postpaid,2019-01-24,2023-05-09,922,802,745,3,76.46,0,9480,0,0.143,,0
C01056,Postpaid,2018-12-15,2023-06-12,248,272,258,1,49.9,1,6900,0,0.205,,0
C00454,Postpaid,2015-02-18,2023-06-12,78,73,70,0,40.21,1,9180,0,0.25,,0
C03205,Postpaid,2015-12-24,2023-06-09,69,63,67,2,18.31,0,8800,0,0.231,,0
C04402,Postpaid,2021-05-14,2023-06-10,35,35,32,0,29.0,1,9160,0,0.153,,0
C04544,Prepaid,2015-11-30,2023-06-12,13,14,13,1,,0,3000,0,0.173,,0
C01941,Postpaid,2015-10-27,2023-06-23,40,38,40,0,31.51,2,4750,0,0.25,,0
C02682,Postpaid,2023-04-01,2023-06-07,490,502,520,0,60.87,0,2670,0,0.086,,0
C02433,Prepaid,2020-12-26,2023-06-28,112,114,104,2,,0,9160,0,0.153,,0
C04553,Prepaid,2019-02-09,2023-06-19,44,47,48,4,,0,9160,0,0.153,,0
C01214,Prepaid,2016-03-31,2023-06-01,67,60,62,3,,0,4600,0,0.102,,0
C02898,Prepaid,2019-06-21,2023-06-02,95,85,87,0,,0,2500,0,0.118,,0
C04418,Postpaid,2021-02-10,2023-06-19,464,449,442,0,61.62,0,1480,0,0.375,,0
C02762,Postpaid,2015-07-19,2023-05-09,381,366,356,0,49.84,1,3060,0,0.286,,0
C01542,Postpaid,2021-03-13,2023-06-11,537,607,637,0,72.37,0,LEU-3000,0,0.173,,0
C00951,Postpaid,2022-04-22,2023-06-03,35,23,0,1,29.56,0,9400,1,0.222,2023-06-11,1
C03459,Prepaid,2022-06-25,2023-05-17,46,48,45,2,,0,2590,0,0.0,,0
C01583,Postpaid,25/08/2014,2023-06-19,255,245,238,0,,0,8540,0,0.125,2023-12-13,0
C00090,Postpaid,2017-02-28,2023-06-07,63,67,73,0,26.3,0,3540,0,0.091,,0
C03693,Postpaid,2020-07-27,2023-06-25,474,417,438,0,53.0,0,3990,0,0.4,,0
C03231,Prepaid,2015-02-06,2023-05-29,101,103,105,1,,0,1770,0,0.0,,0
C04025,Prepaid,2019-01-30,2023-06-04,60,59,57,0,,0,9160,0,0.153,,0
C02356,Prepaid,15/07/2022,2023-06-02,206,222,214,0,,0,9100,0,0.136,,0
C01311,Postpaid,2022-01-31,2023-06-20,552,583,603,2,71.97,1,9100,1,0.136,,0
C01372,Prepaid,2018-07-21,2023-06-01,165,163,157,0,,0,9160,0,0.153,,0
C03884,Prepaid,2020-05-02,2023-06-22,49,53,52,1,,0,2100,0,0.0,,0
C01171,Postpaid,2016-03-12,2023-06-11,283,256,281,1,47.44,0,9160,1,0.153,,0
C03411,Postpaid,2017-03-08,2023-06-10,146,156,152,2,30.78,1,3600,0,0.0,,0
C04768,Postpaid,2023-03-03,2023-06-20,383,331,326,1,52.7,1,6020,0,0.167,,0
C03638,Postpaid,2023-04-21,2023-04-26,495,436,11,2,56.73,0,2000,0,0.182,2023-06-04,1
C02970,Postpaid,2018-07-06,2023-06-09,334,297,268,2,43.83,0,4750,0,0.25,2024-12-30,0
C04530,Postpaid,2019-06-02,2023-06-17,123,119,126,1,31.51,0,4890,0,0.136,,0
C03263,Prepaid,2021-07-05,2023-06-12,39,44,43,2,,0,8980,0,0.125,,0
C02432,Postpaid,2022-03-29,2023-05-27,204,199,7,3,35.85,0,9160,0,0.153,2023-06-13,1
C00691,Postpaid,2015-10-04,2023-06-25,176,198,215,1,60.25,1,1300,0,0.26,,0
C02757,Postpaid,2018-05-27,2023-06-16,435,485,461,2,73.46,0,4180,0,0.167,,0
C04149,Prepaid,2016-08-15,2023-04-29,19,19,0,0,,0,9160,1,0.153,,1
C00403,Postpaid,2015-09-25,2023-06-01,504,433,396,1,60.66,0,9740,0,0.174,,0
C02027,Prepaid,2021-04-17,2023-05-05,81,70,75,2,,0,9160,0,0.153,,0
C04838,Postpaid,2016-09-19,2023-05-03,127,115,114,1,32.83,1,9160,0,0.153,,0
C00702,Prepaid,2015-10-06,2023-06-06,79,70,69,0,,0,2670,0,0.086,,0
C04352,Postpaid,2015-01-05,2023-06-15,162,161,151,1,44.54,0,6990,0,0.0,,0
C04256,Prepaid,2020-10-22,2023-06-21,176,182,199,0,,0,9160,0,0.153,,0
C03047,Postpaid,2020-05-08,2023-06-28,117,120,128,0,34.95,1,9160,0,0.153,,0
C02850,Prepaid,2022-12-22,2023-05-30,155,157,5,0,,0,3000,0,0.173,,1
C01736,Postpaid,2021-06-07,2023-06-24,111,109,106,0,46.23,0,9100,0,0.136,,0
C00544,Prepaid,2020-04-25,2023-05-10,77,73,3,1,,0,3000,0,0.173,,1
C03752,Postpaid,2023-01-04,2023-06-11,88,97,88,0,29.47,1,2150,1,0.094,,0
C03256,Prepaid,2016-04-04,2023-06-18,126,134,126,0,,0,3000,1,0.173,,0
C04304,Postpaid,2018-12-19,2023-06-09,212,202,191,1,45.25,0,2150,0,0.094,,0
C03788,Postpaid,2022-08-15,2023-06-03,206,195,206,2,40.58,0,9100,0,0.136,,0
C00404,Postpaid,2015-06-07,2023-05-05,191,181,167,2,44.86,0,6620,0,0.118,,0
C02245,Postpaid,2017-11-06,2023-05-07,159,172,187,1,44.23,0,1700,0,0.342,,0
C03131,Prepaid,2021-12-25,2023-04-15,11,6,0,3,,0,2670,1,0.086,,1
C04347,Postpaid,2015-01-30,2023-06-16,437,497,471,3,56.46,1,7310,0,0.111,,0
C04114,postpaid,2018-02-27,2023-06-19,202,228,232,1,42.44,0,9100,1,0.136,,0
C01930,Postpaid,2015-08-12,2023-06-16,1209,1140,1033,1,108.12,0,6680,0,0.286,,0
C02490,Prepaid,2018-06-13,2023-04-13,14,14,0,3,,0,7310,1,0.111,,1
C01524,Postpaid,2019-04-14,2023-06-30,307,270,281,1,44.18,0,6900,0,0.205,,0
C03614,Postpaid,2019-02-07,2023-06-03,136,145,154,1,40.58,1,1700,0,0.342,,0
C02716,Postpaid,2016-11-09,2023-06-20,231,233,215,1,40.82,0,3000,0,0.173,,0
C04430,Prepaid,2015-01-23,2023-06-16,44,42,42,0,,0,4390,0,0.071,,0
C03178,Postpaid,2020-10-29,2023-04-07,606,629,24,0,69.09,1,9860,1,0.132,2023-06-13,1
C01533,Postpaid,2019-04-28,2023-06-23,214,222,218,1,41.99,1,1300,0,0.26,2025-07-26,0
C02607,Postpaid,2019-08-23,2023-05-16,1521,1398,1537,1,134.26,0,4480,0,0.222,,0
C00861,Postpaid,2014-08-27,2023-06-24,139,126,130,1,34.98,0,2590,0,0.0,,0
C03182,Prepaid,2018-08-19,2023-06-27,110,112,108,0,,0,2150,0,0.094,,0
C01502,Prepaid,2022-05-21,2023-06-09,32,32,30,1,,0,4370,0,0.074,,0
C01896,Postpaid,2015-02-01,2023-06-13,108,112,117,0,32.76,0,1300,1,0.26,,0
C02947,Postpaid,2014-04-03,2023-06-05,1326,1522,1568,1,143.69,1,4390,0,0.071,,0
C01754,Prepaid,2015-12-17,2023-06-08,70,73,68,1,,0,9400,0,0.222,,0
C00068,Prepaid,2017-11-15,2023-06-11,107,101,100,0,,0,3000,0,0.173,,0
C03799,Postpaid,2016-07-08,2023-06-03,127,128,122,1,29.78,0,1700,0,0.342,,0
C02135,Prepaid,2016-08-17,2023-06-25,31,27,26,1,,0,9160,0,0.153,,0
C00546,Prepaid,2015-05-25,2023-06-06,41,41,45,2,,0,9160,0,0.153,,0
C04580,Prepaid,2023-01-31,2023-04-03,44,39,2,0,,0,9860,1,0.132,,1
C00463,Postpaid,2020-06-19,2023-06-21,148,130,118,1,42.6,1,6000,0,0.182,,0
C03564,Postpaid,2021-09-04,2023-05-26,363,374,386,0,57.96,0,1270,0,0.167,,0
C00815,Prepaid,2014-07-12,2023-06-22,124,139,142,0,,0,3050,0,0.111,,0
C02902,Prepaid,2022-04-21,2023-06-10,31,33,33,2,,0,1300,0,0.26,,0
C04474,Postpaid,2017-11-20,2023-06-26,54,57,62,1,27.7,0,9860,0,0.132,,0
C04274,Postpaid,13/10/2017,2023-06-02,307,276,257,0,46.56,0,9100,0,0.136,,0
C03713,Postpaid,2014-03-18,2023-06-04,395,390,377,0,51.98,1,3000,0,0.173,,0
C04806,Postpaid,2015-12-31,2023-04-06,172,151,4,3,35.7,2,9160,1,0.153,2023-06-01,1
C00234,Postpaid,2022-07-18,2023-05-17,410,433,461,1,68.61,0,9160,0,0.153,,0
C00395,Prepaid,2021-12-19,2023-06-18,174,152,164,2,,0,8310,0,0.175,,0
C03651,Prepaid,2015-02-10,2023-06-14,26,27,27,1,,0,9770,0,0.083,,0
C02237,Postpaid,2018-10-20,2023-06-19,85,97,105,0,35.44,0,1270,0,0.167,,0
C04613,Prepaid,2022-09-18,2023-06-22,50,43,43,2,,0,3000,0,0.173,,0
C04727,Prepaid,2018-05-10,2023-06-15,535,487,482,0,,0,2500,0,0.118,,0
C02662,Prepaid,2019-04-28,2023-06-25,24,26,25,1,,0,9000,0,0.429,,0
C00437,Postpaid,2021-10-23,2023-05-31,104,91,96,1,37.67,0,3000 Leuven,0,0.173,2024-12-01,0
C00164,Prepaid,2015-07-11,2023-06-10,30,32,32,1,,0,5350,0,0.214,,0
C03964,Prepaid,2016-05-04,2023-04-14,73,56,2,6,,0,5490,0,0.118,,1
C03267,Postpaid,2023-02-18,2023-06-16,591,571,516,2,65.46,0, 1400,0,0.429,,0
C01808,Prepaid,2019-01-28,2023-06-24,41,43,47,0,,0,LEU-3000,0,0.173,,0
C03248,Postpaid,2018-05-18,2023-06-09,663,681,728,1,84.8,0,7180,1,0.143,,0
C02868,Prepaid,2015-08-01,2023-05-18,12,12,12,0,,0,3800,0,0.083,,0
C01547,Postpaid,2022-11-06,2023-06-02,586,589,606,1,67.63,0,2670,0,0.086,,0
C02563,Prepaid,2018-09-29,2023-04-25,45,22,1,1,,0,6960,0,0.359,,1
C00776,Postpaid,2016-11-17,2023-06-20,123,115,109,0,39.68,0,7170,0,0.2,,0
C01469,Postpaid,2020-04-06,2023-06-22,145,135,132,1,,0,9100,1,0.136,2024-03-11,0
C00253,Prepaid,2015-10-12,2023-06-24,162,168,154,3,,0,3000,0,0.173,,0
C00425,Prepaid,2021-12-26,2023-05-11,135,68,3,1,,0,7140,1,0.375,,1
C02535,Postpaid,2018-10-11,2023-06-19,34,30,31,0,25.92,1,8490,0,0.143,,0
C02380,Prepaid,2018-10-09,2023-06-01,119,58,1,1,,0,3630,0,0.286,,1
C00793,Prepaid,2015-01-16,2023-05-29,92,79,4,2,,0,5870,0,0.167,,1
C00914,Prepaid,2014-06-28,2023-06-07,169,147,158,0,,0,LEU-3000,0,0.173,,0
C02631,Postpaid,2020-12-31,2023-06-22,110,110,115,1,42.94,2,LEU-3000,0,0.173,2025-04-02,0
C00578,Postpaid,2014-12-09,2023-05-07,258,278,305,1,41.61,0,3550,0,0.0,,0
C03460,Prepaid,2019-07-12,2023-06-29,86,74,69,0,,0,3250,0,0.062,,0
C03798,Postpaid,2020-12-24,2023-06-19,182,188,192,0,41.57,0,3000,0,0.173,,0
C00748,Postpaid,2021-06-06,2023-06-23,353,322,320,0,49.72,0, 2670,0,0.086,2024-04-28,0
C04039,Postpaid,2020-04-29,2023-06-05,241,222,226,0,40.45,0,9200,0,0.222,2024-06-25,0
C04322,Postpaid,2022-10-09,2023-06-23,97,100,98,1,47.8,1,3000,0,0.173,,0
C03969,Postpaid,2018-10-14,2023-06-18,133,125,117,1,29.89,0,3200,0,0.222,,0
C04507,Prepaid,2017-11-24,2023-05-03,44,44,0,2,,0,1690,1,0.167,,1
C03968,Postpaid,2019-04-05,2023-06-20,146,137,138,0,44.72,1,2260,0,0.35,,0
C04026,Postpaid,2019-02-20,2023-04-15,37,17,1,2,35.9,0,6960,0,0.359,2023-06-16,1
C04627,Postpaid,2021-06-02,2023-05-29,229,206,197,0,47.98,0,8310,0,0.175,,0
C00580,Postpaid,2018-05-09,2023-06-09,241,225,235,0,58.61,0,8400,0,0.125,,0
C00671,Postpaid,2020-01-31,2023-05-26,302,203,0,2,56.58,1,1400,1,0.429,2023-06-22,1
C01290,Postpaid,2014-11-20,2023-06-01,114,104,96,0,38.35,0,4280,0,0.0,,0
C03641,Postpaid,2014-10-08,2023-06-11,130,136,136,1,37.75,0,6900,0,0.205,,0
C02851,Postpaid,2021-03-15,2023-05-06,292,273,248,1,46.2,0,8560,1,0.233,,0
C02307,Postpaid,2014-08-03,2023-05-31,183,183,198,2,44.59,0,9160,0,0.153,,0
C02506,Prepaid,2020-11-29,2023-05-16,15,8,0,4,,0,2260,0,0.35,,1
C02773,Prepaid,2018-09-14,2023-06-02,179,169,159,2,,0,9160,0,0.153,,0
C00116,Prepaid,2014-10-03,2023-06-24,31,27,27,1,,0,8560,0,0.233,,0
C04605,Postpaid,2016-12-12,2023-06-30,502,444,456,0,64.64,0,9160,0,0.153,,0
C01104,Postpaid,2014-08-07,2023-06-24,301,272,279,0,52.2,0,3900,0,0.143,,0
C01842,Prepaid,2019-02-13,2023-06-22,159,147,156,1,,0,3740,0,0.129,,0
C04856,Postpaid,2017-01-17,2023-06-15,537,477,462,2,59.8,0,8430,0,0.2,2025-03-07,0
C04377,Postpaid,2018-08-27,2023-06-09,266,264,248,0,51.57,1,9000,0,0.429,2024-08-22,0
C01298,Postpaid,2019-10-18,2023-06-11,179,191,192,3,25.48,0,9100,0,0.136,2024-12-20,0
C04463,Prepaid,2014-04-14,2023-06-28,18,17,17,0,,0,3000,0,0.173,,0
C01900,Postpaid,2018-08-08,2023-06-20,653,567,604,1,71.83,0,3000,0,0.173,,0
C00547,Prepaid,2022-11-20,2023-06-30,115,112,115,0,,0,9160,0,0.153,,0
C03933,Postpaid,2019-08-27,2023-06-10,39,36,34,0,23.22,2,3000,0,0.173,,0
C01008,Postpaid,2020-05-14,2023-04-14,445,384,9,3,57.63,1,4020,1,0.071,2023-06-17,1
C02008,Postpaid,2019-02-16,2023-05-23,29,29,26,2,33.12,1,2520,0,0.286,,0
C01965,Prepaid,2019-10-31,2023-06-12,141,158,161,0,,0,6200,0,0.167,,0
C02466,Postpaid,2016-05-29,2023-06-12,275,287,279,1,54.28,0,5290,0,0.171,,0
C00047,Postpaid,2018-11-23,2023-06-30,282,313,325,1,59.19,0,9100,0,0.136,,0
C00310,Postpaid,2020-09-18,2023-06-06,377,384,413,3,61.95,0,9160,0,0.153,,0
C00878,Postpaid,2017-12-17,2023-05-20,346,315,309,1,60.98,0,1740,0,0.161,,0
C00721,Prepaid,2016-05-29,2023-06-08,107,95,94,0,,0,1510,0,0.357,,0
C01283,Postpaid,2015-04-24,2023-06-12,286,312,305,4,44.23,0,LEU-3000,0,0.173,,0
C01525,Prepaid,2016-05-12,2023-04-20,77,39,2,3,,0,6870,0,0.28,,1
C03044,Prepaid,2022-03-16,2023-06-02,143,162,175,1,,0,3000,0,0.173,,0
C03776,postpaid,2022-06-21,2023-05-25,113,3001,99,0,40.96,0,2670,0,0.086,,0
C00947,Postpaid,2021-03-18,2023-06-22,147,145,143,1,36.05,2,8000,0,0.211,2025-06-16,0
C03992,Postpaid,2021-09-16,2023-04-30,99,69,3,0,26.95,2,6960,0,0.359,2023-06-30,1
C03399,Postpaid,2023-03-03,2023-05-14,318,275,254,0,59.77,0,6900,0,0.205,,0
C04020,Postpaid,2019-08-31,2023-06-08,168,169,186,0,38.27,0,9160,0,0.153,,0
C00150,Postpaid,2017-07-24,2023-06-06,410,385,379,2,62.92,0,9160,0,0.153,,0
C03261,Prepaid,2021-03-15,2023-06-11,31,34,37,1,,0,5860,0,0.5,,0
C00408,Postpaid,14/12/2014,2023-06-26,37,37,41,3,26.2,1,LEU-3000,0,0.173,,0
C03811,Postpaid,2022-12-28,2023-06-19,136,120,124,0,26.37,0,6960,0,0.359,,0
C01748,Prepaid,2017-11-25,2023-05-21,303,273,277,2,,0,4120,0,0.125,,0
C01340,Prepaid,2016-04-16,2023-06-29,47,43,40,0,,0,9100,0,0.136,,0
C04729,Postpaid,2019-05-09,2023-06-23,217,188,171,0,43.39,0,9160,1,0.153,,0
C01956,Postpaid,2018-06-26,2023-05-30,223,202,190,0,50.2,0,9160,0,0.153,,0
C04713,Postpaid,2022-10-23,2023-06-13,288,328,357,0,51.18,0,3000 Leuven,0,0.173,,0
C00806,Postpaid,2023-03-16,2023-06-12,234,216,197,0,38.47,0,3310,0,0.182,,0
C03502,Postpaid,2014-12-20,2023-05-09,265,295,267,0,44.98,1,1700,0,0.342,,0
C04469,Prepaid,2021-08-09,2023-06-04,216,228,224,1,,0,5700,1,0.273,,0
C00625,Postpaid,2019-08-19,2023-05-04,823,632,10,2,79.95,2,1700,0,0.342,2023-06-16,1
C04936,Postpaid,2018-03-07,2023-06-05,86,82,75,2,26.81,0,5700,0,0.273,,0
C00175,Prepaid,2017-10-20,2023-05-02,86,61,1,2,,0,1700,1,0.342,,1
C01033,Postpaid,2014-11-13,2023-06-02,908,844,822,2,90.03,0,3000,0,0.173,,0
C02241,Postpaid,2019-09-05,2023-06-27,1171,1220,1271,0,118.88,0,4390,0,0.071,,0
C00331,Prepaid,2020-06-19,2023-04-24,27,14,0,2,,0,5350,1,0.214,,1
C02170,Postpaid,2014-03-03,2023-06-30,287,288,307,2,60.54,2,1300,0,0.26,,0
C04378,Postpaid,2022-11-23,2023-06-04,101,113,112,2,43.65,0,4680,0,0.2,,0
C01430,Prepaid,2016-04-21,2023-06-17,40,42,41,1,,0,3460,0,0.0,,0
C03432,Postpaid,2015-11-23,2023-06-26,265,287,307,2,53.32,1,3080,0,0.0,,0
C00312,Postpaid,2018-02-09,2023-05-12,486,508,28,1,67.68,0,5940,1,0.444,2023-06-28,1
C03130,Postpaid,2014-12-25,2023-05-26,80,72,76,3,26.02,0,7000,0,0.429,,0
C04596,Postpaid,2020-08-18,2023-05-06,232,208,217,0,44.1,0,3540,0,0.091,,0
C01043,Postpaid,2020-12-04,2023-05-29,544,580,555,1,74.44,0,1300,0,0.26,,0
C01937,Post-paid,2016-07-25,2023-05-15,221,254,229,0,54.75,0,4370,0,0.074,,0
C00741,Prepaid,2019-10-08,2023-04-14,32,33,0,0,,0,3660,1,0.235,,1
C01763,Prepaid,2017-07-20,2023-05-06,41,40,43,0,,0,1880,0,0.0,,0
C02931,Postpaid,2022-10-08,2023-05-10,112,107,113,2,26.95,0,4370,0,0.074,,0
C04709,Postpaid,2016-10-23,2023-06-28,404,378,413,3,52.98,0,3000,0,0.173,,0
C04827,Prepaid,2015-05-26,2023-06-25,33,36,39,0,,0,3000,0,0.173,,0
C03452,Prepaid,2021-01-19,2023-06-23,125,124,122,0,,0,3000,0,0.173,,0
C04048,Prepaid,2016-08-10,2023-06-21,88,96,95,2,,0,9160,0,0.153,,0
C01985,Postpaid,2017-04-10,2023-06-25,662,671,665,1,79.9,0,8760,0,0.2,,0
C04995,Postpaid,2016-07-01,2023-06-30,474,420,413,1,48.7,500,1480,0,0.375,,0
C03200,Prepaid,2015-10-18,2023-06-04,10,11,10,0,,0,6900,0,0.205,,0
C00018,Prepaid,2022-07-23,2023-06-03,28,18,1,0,,0,6620,0,0.118,,1
C00354,Prepaid,2022-02-19,2023-06-25,118,111,101,0,,0,4600,0,0.102,,0
C00258,Postpaid,2018-01-25,2023-06-04,643,567,510,0,75.39,0,9740,0,0.174,,0
C01853,Postpaid,2019-09-11,2023-06-01,163,142,140,2,41.28,0,2670,0,0.086,,0
C02911,Prepaid,2022-03-03,2023-06-09,23,22,22,0,,0,3660,0,0.235,,0
C04731,Postpaid,2015-10-29,2023-06-12,423,418,459,2,59.75,1,9160,0,0.153,2024-03-15,0
C04962,Postpaid,2017-05-05,2023-06-21,214,187,188,2,45.1,0,6510,0,0.143,,0
C01529,Postpaid,2015-01-13,2023-05-27,348,380,383,3,59.86,0,7500,0,0.079,,0
C00060,Postpaid,2015-03-02,2023-06-05,237,222,228,1,46.62,0,9100,0,0.136,2025-07-31,0
C01612,postpaid,12/04/2021,2023-06-26,371,344,349,2,49.48,0,2670,0,0.086,2025-04-14,0
C04140,Postpaid,2016-02-07,2023-06-03,134,142,133,1,39.49,0,8430,0,0.2,,0
C04334,Postpaid,2016-12-01,2023-06-08,817,895,902,0,83.53,0,9770,0,0.083,,0
C01095,Postpaid,2014-02-25,2023-06-25,51,51,50,1,30.56,0,3160,0,0.0,2023-09-17,0
C04330,Postpaid,2021-05-09,2023-05-28,256,149,6,2,34.75,1,2400,1,0.3,2023-06-29,1
C02470,Postpaid,2014-06-04,2023-05-08,341,270,4,0,51.58,1,9160,1,0.153,2023-06-18,1
C03618,Postpaid,2018-04-05,2023-06-04,589,577,34,3,77.66,1,1700,0,0.342,2023-06-05,1
C00860,Prepaid,2014-04-22,2023-06-03,68,76,76,1,,0,4390,0,0.071,,0
C00013,Postpaid,2018-11-16,2023-06-03,227,255,237,0,49.6,0,2150,0,0.094,,0
C04015,Prepaid,2014-02-13,2023-06-19,101,92,90,0,,0,3510,0,0.125,,0
C04316,Postpaid,2015-07-31,2023-05-25,123,116,107,0,32.15,2,9100,0,0.136,,0
C02420,Prepaid,29/11/2022,2023-05-27,90,56,3,1,,0,9100,0,0.136,,1
C00389,Prepaid,2020-01-04,2023-06-13,163,167,151,2,,0,4390,0,0.071,,0
C02200,Postpaid,2022-05-23,2023-06-27,592,563,593,0,73.52,0,LEU-3000,0,0.173,,0
C00420,Postpaid,2020-10-05,2023-06-21,121,121,129,0,34.47,0,3130,0,0.1,,0
C04472,Postpaid,2015-11-16,2023-06-14,50,45,49,2,34.68,0,9160,0,0.153,,0
C03760,Postpaid,2021-11-24,2023-06-05,118,131,143,5,30.11,0,9040,0,0.3,,0
C04338,Postpaid,2016-08-07,2023-05-28,286,306,336,2,55.28,0,9860,0,0.132,,0
C01186,Postpaid,2016-03-23,2023-06-26,490,425,449,0,54.64,0,1560,0,0.0,,0
C01567,Prepaid,2015-05-26,2023-05-12,138,142,150,0,,0,8560,0,0.233,,0
C04736,Prepaid,2018-12-13,2023-06-15,328,319,317,2,,0,2250,0,0.0,,0
C01732,Post-paid,2017-04-10,2023-06-11,63,60,57,2,40.34,1,9160,0,0.153,,0
C00938,Postpaid,2016-12-07,2023-05-19,447,404,441,1,52.79,0,6900,0,0.205,,0
C02010,Postpaid,2019-04-06,2023-06-05,168,146,150,0,35.32,0,3000,0,0.173,2025-06-25,0
C02542,Postpaid,2017-11-14,2023-05-10,118,132,140,0,32.47,1,3660,0,0.235,,0
C04515,Prepaid,2018-05-20,2023-06-14,50,50,54,3,,0,1200,0,0.116,,0
C02068,Postpaid,2018-07-26,2023-05-16,187,209,199,2,42.36,0,LEU-3000,0,0.173,,0
C02686,Postpaid,10/03/2023,2023-06-01,124,141,144,0,33.0,0,8030,0,0.0,,0
C00428,Prepaid,2022-03-27,2023-06-18,33,29,28,0,,0,2500,0,0.118,,0
C04839,Postpaid,2022-10-11,2023-06-15,64,62,63,0,31.4,0,3000,0,0.173,,0
C01308,Postpaid,2022-10-11,2023-06-28,707,788,829,1,88.81,1,2790,0,0.2,,0
C01374,Postpaid,2019-08-08,2023-05-11,538,571,611,1,71.03,1,1690,0,0.167,,0
C00305,Prepaid,2021-02-07,2023-06-17,84,76,83,0,,0,4390,0,0.071,,0
C01378,Postpaid,2020-05-20,2023-06-21,658,713,779,1,86.86,0,4280,0,0.0,,0
C00909,Postpaid,2018-04-30,2023-06-05,829,730,760,1,93.03,0,4370,0,0.074,,0
C00409,Postpaid,2017-01-20,2023-06-19,676,647,616,3,76.82,0,9100,0,0.136,,0
C04739,Postpaid,2015-08-18,2023-06-19,255,250,254,0,42.91,1,1010,1,0.333,,0
C02764,Postpaid,2019-11-03,2023-06-09,91,98,88,0,27.62,1,7180,0,0.143,,0
C00981,Postpaid,2018-10-20,2023-06-15,156,134,134,1,37.22,0,3060,0,0.286,,0
C01442,Postpaid,2018-05-21,2023-06-09,51,45,48,0,29.89,0,3080,0,0.0,,0
C02968,Prepaid,2016-09-21,2023-06-23,33,30,32,0,,0,7980,0,0.222,,0
C03355,Postpaid,2015-07-21,2023-06-29,83,84,91,0,47.2,0,9100,1,0.136,,0
C00088,Postpaid,2018-03-03,2023-06-12,614,539,579,0,62.89,0,2670,0,0.086,,0
C04636,Prepaid,2022-08-09,2023-06-21,198,216,202,0,,0,9160,0,0.153,,0
C01649,Prepaid,2021-05-06,2023-06-16,260,223,221,0,,0,1070,0,0.2,,0
C00513,postpaid,2023-01-16,2023-06-09,184,177,168,0,24.75,1,5000,0,0.222,,0
C02158,Postpaid,2022-04-19,2023-05-13,70,60,64,1,35.95,0,5350,0,0.214,,0
C00680,Prepaid,2020-01-26,2023-06-01,165,149,135,0,,0,6900,0,0.205,,0
C04775,Prepaid,2017-10-19,2023-06-27,49,53,57,1,,0,LEU-3000,0,0.173,,0
C01725,Prepaid,2018-08-25,2023-06-15,257,268,248,1,,0,5000,0,0.222,,0
C03649,Postpaid,2014-03-07,2023-06-18,289,271,285,1,51.5,0,1510,0,0.357,,0
C03086,Postpaid,2023-04-10,2023-05-16,212,208,226,0,52.29,0,3020,0,0.222,,0
C02006,Postpaid,2020-12-11,2023-05-10,92,98,90,1,34.19,0,5700,0,0.273,,0
C03875,Postpaid,2021-06-15,2023-06-13,904,871,945,0,96.83,0,9770,0,0.083,,0
C02446,Postpaid,2022-06-16,2023-06-15,113,123,134,0,43.62,0,9100,0,0.136,2025-03-12,0
C03322,Postpaid,2020-05-22,2023-05-26,1026,646,16,0,64.57,1,9200,0,0.222,2023-06-10,1
C03824,Postpaid,2023-02-13,2023-06-18,178,173,183,2,35.66,0,9100,0,0.136,,0
C01892,Postpaid,2020-02-14,2023-06-04,225,118,0,1,39.94,1,6250,1,0.133,2023-06-09,1
C03996,Postpaid,2020-08-09,2023-06-13,128,122,130,2,32.17,1,2600,0,0.231,,0
C02149,Postpaid,2016-09-22,2023-04-27,100,77,3,2,34.54,1,3660,1,0.235,2023-06-11,1
C00933,Prepaid,2020-02-03,2023-06-12,77,87,82,1,,0,3000,0,0.173,,0
C00662,Postpaid,2016-05-22,2023-06-15,380,355,352,0,47.96,0,6900,0,0.205,,0
C03233,Prepaid,2015-08-11,2023-06-09,284,269,270,0,,0,5350,0,0.214,,0
C03603,Postpaid,2019-08-06,2023-06-21,576,541,568,2,63.46,0,3000,0,0.173,,0
C04186,Postpaid,2015-01-10,2023-06-15,377,334,322,0,62.82,0,1020,0,0.235,,0
C04248,Postpaid,2014-11-12,2023-06-23,851,857,821,5,90.14,0,1020,0,0.235,,0
C04943,Prepaid,2014-09-10,2023-06-22,95,95,94,0,,0,9910,0,0.5,,0
C03743,PREPAID,2021-06-26,2023-06-03,105,92,0,0,,0,1300,1,0.26,,1
C02786,Postpaid,2019-11-14,2023-06-07,1602,1427,1391,1,128.39,0,4390,0,0.071,,0
C02123,Postpaid,2014-10-29,2023-06-26,180,174,165,1,43.25,0, 6900,0,0.205,,0
C00010,Prepaid,2018-01-03,2023-06-15,112,129,141,1,,0,3000,0,0.173,,0
C01782,Prepaid,2017-09-28,2023-06-20,140,122,124,1,,0,3130,0,0.1,,0
C01462,Postpaid,2014-08-07,2023-06-14,89,93,95,1,33.24,0,5600,0,0.143,,0
C03383,Postpaid,2016-05-04,2023-06-15,65,65,61,0,30.45,0,1700,1,0.342,,0
C03501,Prepaid,2020-09-23,2023-05-14,275,273,297,0,,0,3040,0,0.5,,0
C00966,Postpaid,2019-12-11,2023-05-22,142,67,3,5,37.11,0,3040,1,0.5,2023-06-13,1
C00178,Prepaid,2014-06-13,2023-06-10,27,28,25,1,,0,5800,0,0.143,,0
C01857,Prepaid,2014-06-26,2023-06-28,38,37,36,0,,0,9160,0,0.153,,0
C00679,Postpaid,2020-03-01,2023-06-13,157,168,167,1,42.99,0,3000 Leuven,0,0.173,,0
C04452,Postpaid,2015-12-08,2023-05-11,225,237,244,0,42.23,0,9100,0,0.136,,0
C01558,Prepaid,2016-03-12,2023-05-07,153,141,5,2,,0,3000,0,0.173,,1
C00822,Postpaid,2019-06-16,2023-06-22,150,137,140,0,32.49,0,1700,0,0.342,,0
C04047,Prepaid,2017-12-20,2023-06-10,156,156,162,0,,0,5380,0,0.167,,0
C02090,Prepaid,2021-12-31,2023-05-03,54,35,2,0,,0,3990,0,0.4,,1
C02009,Postpaid,2019-06-17,2023-06-05,132,135,124,0,29.57,1,9160,0,0.153,,0
C03329,Postpaid,2020-09-09,2023-06-25,91,84,91,0,25.19,0,3000,0,0.173,,0
C02261,Postpaid,2019-07-20,2023-06-21,46,41,42,0,30.59,0,2670,0,0.086,,0
C02820,Postpaid,2015-01-02,2023-06-11,175,184,195,0,39.56,1,6620,0,0.118,,0
C02371,Postpaid,2021-12-07,2023-04-05,46,28,0,0,30.66,0,4600,1,0.102,2023-06-21,1
C04271,Postpaid,2022-04-15,2023-06-30,314,322,328,1,53.25,0,2900,0,0.167,,0
C02815,Postpaid,2015-07-30,2023-06-02,127,120,130,0,32.47,0,3000 Leuven,0,0.173,,0
C02979,Postpaid,2022-08-17,2023-05-11,477,473,26,0,64.18,0,5700,1,0.273,2023-06-17,1
C00979,Postpaid,2017-10-30,2023-06-05,473,540,544,0,,0,9100,0,0.136,,0
C00303,Postpaid,2018-04-12,2023-06-28,737,672,612,3,86.73,0,1560,0,0.0,,0
C03145,Postpaid,2021-11-14,2023-06-19,52,56,54,0,,0,5290,0,0.171,2023-11-24,0
C04057,Prepaid,2019-05-16,2023-05-19,67,73,75,0,,0,4390,0,0.071,,0
C01870,Prepaid,2021-02-28,2023-06-29,106,111,113,0,,0,5550,0,0.2,,0
C03308,Prepaid,2021-03-26,2023-06-07,93,96,94,1,,0,9160,0,0.153,,0
C02140,Postpaid,2014-10-08,2023-05-18,217,199,210,0,48.04,0,2150,0,0.094,,0
C03092,Postpaid,2022-12-19,2023-06-09,127,117,122,0,37.22,1,2670,0,0.086,,0
C03413,Postpaid,2021-11-07,2023-06-07,472,414,382,0,62.57,0,6020,0,0.167,,0
C03255,Prepaid,2014-08-01,2023-05-06,35,20,1,2,,0,4750,1,0.25,,1
C01622,Postpaid,2015-06-25,2023-06-27,116,108,107,1,37.32,0,2670,0,0.086,,0
C00022,Prepaid,2017-06-09,2023-05-08,61,67,67,0,,0,6170,0,0.0,,0
C02491,Prepaid,2015-01-17,2023-06-05,61,64,66,2,,0,1090,0,0.133,,0
C02997,Prepaid,2016-08-09,2023-04-13,84,76,1,2,,0,2070,1,0.312,,1
C01106,Postpaid,2021-09-04,2023-06-11,263,269,271,1,55.1,0,9160,0,0.153,,0
C03300,postpaid,2022-02-22,2023-06-19,208,226,212,0,38.35,0,7910,0,0.0,,0
C01535,Postpaid,2023-01-14,2023-06-07,467,521,475,1,67.48,0,1010,0,0.333,,0
C02471,Postpaid,2018-01-29,2023-06-22,76,86,92,0,34.7,0,9160,1,0.153,,0
C02964,Postpaid,2014-10-29,2023-06-23,848,876,954,0,92.83,0,2000,0,0.182,,0
C02223,Prepaid,2015-01-04,2023-06-25,128,114,110,4,,0,2670,0,0.086,,0
C04660,Postpaid,2017-05-20,2023-05-19,308,284,292,1,45.94,0,4390,0,0.071,,0
C04891,Postpaid,2015-01-09,2023-06-01,1410,1343,1387,0,130.05,1,9160,0,0.153,,0
C00499,Prepaid,2022-11-28,2023-06-17,142,127,126,0,,0,4390,0,0.071,,0
C04078,Prepaid,2019-08-05,2023-05-25,27,21,0,2,,0,7650,1,0.182,,1
C02119,Postpaid,2016-10-03,2023-06-29,131,140,149,0,45.33,1,9160,0,0.153,,0
C01392,Postpaid,2022-02-08,2023-06-19,306,289,301,0,49.15,0,2520,0,0.286,,0
C00635,Postpaid,2014-05-05,2023-06-17,83,84,90,1,31.16,0,3000,0,0.173,2023-10-22,0
C01959,Postpaid,2015-09-29,2023-06-22,663,597,599,1,56.95,0,5970,0,0.0,,0
C03838,Postpaid,2014-02-11,2023-04-17,258,214,4,3,33.08,0,4180,1,0.167,2023-06-08,1
C02146,Postpaid,2023-02-06,2023-05-27,1037,485,24,1,71.05,0,2230,1,0.421,2023-06-06,1
C04866,Postpaid,2019-05-08,2023-06-22,295,294,314,1,29.24,0,9100,0,0.136,,0
C02069,Postpaid,2018-11-11,2023-05-02,194,154,8,3,37.15,3,3990,1,0.4,2023-06-08,1
C01685,Postpaid,2020-08-18,2023-06-24,793,859,784,1,102.67,0,2240,0,0.091,,0
C00925,Postpaid,2022-04-12,2023-06-03,93,81,75,1,35.71,1,9160,0,0.153,2024-02-05,0
C01038,Postpaid,2020-07-31,2023-06-22,289,300,310,1,52.04,0,6680,0,0.286,,0
C00613,Postpaid,2015-10-20,2023-06-29,834,767,755,0,80.18,1,6620,0,0.118,,0
C03358,Postpaid,2019-03-25,2023-05-12,330,214,6,4,50.91,0,3000,0,0.173,2023-06-04,1
C03404,Postpaid,2020-10-07,2023-06-15,40,42,42,0,35.13,0,9180,0,0.25,,0
C04889,Postpaid,2017-10-06,2023-06-12,257,289,262,0,54.5,0,9160,0,0.153,,0
C01516,Postpaid,2022-01-12,2023-06-27,373,388,382,1,58.44,0,9100,0,0.136,,0
C04958,postpaid,2014-01-31,2023-06-05,103,101,103,2,24.08,1,2670,0,0.086,,0
C01984,Postpaid,2018-09-13,2023-06-05,375,365,391,0,59.46,2,1070,0,0.2,,0
C00882,Postpaid,2019-05-30,2023-06-04,79,76,79,0,29.43,0,4600,0,0.102,,0
C00294,Prepaid,2014-12-28,2023-06-28,51,54,56,1,,0,9940,0,0.214,,0
C02892,Postpaid,2019-01-17,2023-06-29,420,394,381,0,52.39,0,4390,0,0.071,,0
C04781,Postpaid,2023-03-06,2023-06-01,933,863,863,0,93.5,0,6260,0,0.0,2024-12-12,0
C04212,Prepaid,2015-10-21,2023-05-09,33,32,35,3,,0,1080,0,0.381,,0
C01097,Postpaid,2015-08-05,2023-06-02,54,62,62,1,39.21,0,2150,0,0.094,,0
C02713,Postpaid,2018-08-27,2023-06-27,81,72,68,1,,0,5800,0,0.143,,0
C04095,Prepaid,2016-04-13,2023-05-10,111,104,3,2,,0,9860,1,0.132,,1
C02502,Postpaid,2018-08-11,2023-06-30,1227,1201,1200,3,117.11,0,2260,0,0.35,2025-06-17,0
C04862,Postpaid,2019-12-28,2023-06-12,1175,1184,1275,0,125.23,0,3060,0,0.286,,0
C01846,Postpaid,2022-10-07,2023-05-30,368,321,324,3,62.56,0,9160,0,0.153,2025-06-21,0
C04202,Postpaid,2014-03-27,2023-06-10,79,88,81,1,34.6,0,9160,0,0.153,,0
C01918,Postpaid,2020-02-25,2023-05-15,844,782,743,0,97.21,0,3000 Leuven,0,0.173,2024-12-18,0
C00204,Prepaid,2016-07-06,2023-06-28,52,48,48,1,,0,6960,0,0.359,,0
C04403,Postpaid,2017-05-28,2023-05-11,643,640,605,1,82.99,3,1270,0,0.167,,0
C01127,Prepaid,2016-02-14,2023-06-20,335,369,349,1,,0,9100,0,0.136,,0
C03761,Postpaid,2019-06-10,2023-05-07,136,114,2,4,40.68,0,9160,1,0.153,2023-06-29,1
C04825,Prepaid,2014-07-23,2023-06-20,21,20,22,0,,0,1200,0,0.116,,0
C03244,Postpaid,2017-01-20,2023-06-02,506,558,576,1,73.03,1,5290,0,0.171,2024-12-02,0
C03066,Postpaid,2019-11-20,2023-05-11,336,295,4,2,43.42,0,1510,1,0.357,2023-06-02,1
C02116,Postpaid,2020-12-21,2023-06-26,344,380,346,0,56.18,0,3130,0,0.1,,0
C03522,Postpaid,2020-10-21,2023-05-24,188,205,204,0,47.45,0,4390,0,0.071,,0
C01998,Prepaid,2023-02-22,2023-06-25,132,145,141,0,,0,9100,0,0.136,,0
C04488,Postpaid,2021-07-15,2023-04-03,301,163,9,2,42.57,0,3740,1,0.129,2023-06-19,1
C03862,Postpaid,2015-08-19,2023-05-13,111,115,113,1,34.3,0,3080,0,0.0,,0
C03646,Prepaid,2016-03-12,2023-06-04,21,24,25,1,,0,6000,0,0.182,,0
C01415,Postpaid,2016-05-20,2023-06-23,277,308,328,1,51.14,0,3540,0,0.091,,0
C00801,Postpaid,2022-10-11,2023-04-05,802,404,18,2,57.23,0,4750,0,0.25,2023-06-27,1
C02022,Postpaid,2016-04-18,2023-04-12,130,101,5,1,37.82,0,9160,1,0.153,2023-06-10,1
C00707,Postpaid,2016-10-23,2023-05-24,182,177,191,0,46.1,0,1300,0,0.26,,0
C02015,Postpaid,2017-06-10,2023-05-03,602,621,633,2,81.43,0,5690,0,0.0,,0
C03745,Postpaid,2016-03-01,2023-06-12,1299,1474,1380,0,,1,LEU-3000,0,0.173,,0
C01040,Prepaid,2017-03-22,2023-06-05,45,47,49,0,,0,4020,0,0.071,,0
C03647,Prepaid,2015-05-22,2023-06-16,848,858,931,1,,0,9160,0,0.153,,0
C03386,Postpaid,2017-03-25,2023-06-15,19,18,18,0,24.39,1,9160,0,0.153,,0
C00252,Postpaid,2016-05-29,2023-06-15,315,362,354,3,48.84,0,9480,0,0.143,,0
C01546,Postpaid,2019-06-08,2023-06-16,1616,1719,1559,1,162.2,0,1560,1,0.0,2024-01-08,0
C04301,Postpaid,2015-07-14,2023-06-25,713,646,678,0,73.61,0,3000,0,0.173,,0
C02652,Postpaid,2014-01-03,2023-06-14,433,460,478,3,52.41,2,9160,0,0.153,,0
C00906,Postpaid,2016-01-01,2023-06-17,209,204,207,0,45.87,1,8560,0,0.233,,0
C01898,Prepaid,2023-04-20,2023-05-31,82,72,73,0,,0,9860,0,0.132,,0
C03704,Postpaid,2015-05-26,2023-06-09,46,47,50,0,28.39,1,1700,0,0.342,,0
C00545,postpaid,2019-12-05,2023-06-07,84,82,90,3,20.83,0,4370,0,0.074,,0
C01914,Postpaid,2022-05-01,2023-04-21,511,287,0,0,41.55,1,3660,1,0.235,2023-06-27,1
C00507,Prepaid,2022-02-09,2023-06-20,149,-140,144,0,,0,9100,0,0.136,,0
C04890,Postpaid,2014-10-29,2023-06-16,215,247,238,1,37.43,1,3000,0,0.173,,0
C03882,Prepaid,2020-01-03,2023-06-10,44,39,36,2,,0,9100,0,0.136,,0
C04398,Postpaid,2014-08-08,2023-06-26,181,157,168,0,34.98,1,9100,0,0.136,2025-05-07,0
C01908,Postpaid,2015-01-11,2023-06-25,124,133,128,1,38.18,0,7110,0,0.3,2024-07-12,0
C01653,Prepaid,2022-04-23,2023-06-07,17,18,18,2,,0,3000,0,0.173,,0
C02106,Postpaid,2019-11-04,2023-06-11,176,160,170,0,41.58,1,4370,0,0.074,2024-04-11,0
C00673,Prepaid,2023-01-25,2023-06-04,65,60,3,2,,0,9160,1,0.153,,1
C03038,Prepaid,2021-04-25,2023-05-07,63,44,1,0,,0,9160,1,0.153,,1
C01683,Postpaid,2022-07-25,2023-06-24,300,255,246,0,47.38,1,9860,0,0.132,,0
C01861,Postpaid,2016-09-28,2023-06-24,262,258,235,1,51.96,0,1200,0,0.116,,0
C02702,Postpaid,2015-07-15,2023-06-25,1624,1647,1591,0,148.17,1,3000,0,0.173,,0
C02705,Prepaid,2014-04-03,2023-06-01,123,113,5,3,,0,5290,0,0.171,,1
C00868,Postpaid,2022-12-20,2023-06-19,680,710,757,2,76.49,0,9160,0,0.153,,0
C00349,Prepaid,2018-11-20,2023-05-05,17,17,17,0,,0,9100,0,0.136,,0
C00848,Prepaid,2019-03-26,2023-06-05,85,79,83,3,,0,4390,0,0.071,,0
C00139,Prepaid,2016-09-04,2023-05-19,92,97,88,1,,0,9860,0,0.132,,0
C00326,Prepaid,2014-02-17,2023-06-16,128,118,109,0,,0,9160,0,0.153,,0
C00054,Postpaid,2016-09-08,2023-06-18,525,451,472,0,66.33,0,5800,0,0.143,,0
C04519,Postpaid,2018-10-20,2023-06-06,205,178,195,0,46.1,0,2590,0,0.0,,0
C02687,Postpaid,2018-11-28,2023-06-13,447,465,431,0,57.56,0,2670,0,0.086,,0
C02376,Postpaid,2019-04-05,2023-06-02,81,73,1,1,33.88,0,7970,1,0.125,2023-06-17,1
C01434,Prepaid,2022-07-26,2023-05-19,18,16,0,1,,0,9160,0,0.153,,1
C02148,Prepaid,2016-06-26,2023-06-19,19,18,18,0,,0, 9770,0,0.083,,0
C02377,Postpaid,2018-08-29,2023-06-27,90,99,97,1,47.87,0,1560,0,0.0,,0
C02394,Postpaid,2017-10-23,2023-06-20,63,56,51,0,31.42,0,9300,1,0.333,,0
C01539,Postpaid,2023-01-13,2023-05-26,282,171,9,1,34.43,0,9160,1,0.153,2023-06-29,1
C01000,Postpaid,2018-12-31,2023-06-11,173,153,157,0,39.53,0,6620,0,0.118,,0
C00315,Postpaid,2021-11-11,2023-05-22,106,101,1,2,45.58,0,6000,1,0.182,2023-06-02,1
C01164,Prepaid,2018-01-13,2023-03-26,3,3,3,2,,0,3000,0,0.173,,0
C04987,Prepaid,2016-02-23,2023-06-04,714,778,822,2,,0,4020,0,0.071,,0
C03333,Postpaid,2020-02-07,2023-04-29,119,81,3,0,20.59,1,5680,1,0.333,2023-06-28,1
C03448,Postpaid,21/03/2016,2023-06-22,114,100,109,0,47.41,0,2400,0,0.3,,0
C04705,Post-paid,2023-04-04,2023-06-16,205,204,212,2,39.77,0,4600,0,0.102,,0
C04459,Postpaid,2015-07-23,2023-06-06,1216,1188,1185,1,126.75,2,2230,0,0.421,,0
C02981,Prepaid,2019-06-13,2023-06-08,194,169,184,3,,0,LEU-3000,0,0.173,,0
C01580,Postpaid,2022-04-23,2023-06-29,445,460,429,1,60.44,1,LEU-3000,0,0.173,,0
C04646,Postpaid,2021-11-06,2023-05-17,289,270,252,1,40.81,0,1090,0,0.133,,0
C02887,Postpaid,2020-08-26,2023-05-26,836,890,900,1,97.05,0,4600,0,0.102,2025-07-30,0
C00183,Postpaid,2017-07-28,2023-06-05,153,152,146,0,36.6,0,4480,0,0.222,,0
C02423,Postpaid,2021-02-24,2023-06-12,183,160,174,1,38.35,0,9100,0,0.136,,0
C04182,Prepaid,2023-01-16,2023-05-22,286,191,8,1,,0,1700,1,0.342,,1
C04412,Postpaid,2018-10-12,2023-06-05,261,265,258,0,48.92,0,2070,0,0.312,,0
C00942,Postpaid,2018-11-28,2023-06-16,169,185,172,0,29.9,1,7650,0,0.182,2024-06-16,0
C02422,Postpaid,2020-10-21,2023-05-15,108,107,0,2,43.78,1,LEU-3000,0,0.173,2023-06-07,1
C03642,Postpaid,2015-04-23,2023-06-03,424,406,442,1,52.62,0,2670,0,0.086,,0
C02536,Postpaid,2017-04-02,2023-06-06,98,102,92,1,30.45,0, 6900,0,0.205,2023-12-10,0
C02845,Postpaid,2018-01-12,2023-06-20,181,162,165,2,40.4,0,3660,0,0.235,,0
C02277,Postpaid,2021-01-10,2023-05-12,299,290,308,0,51.64,0,4370,0,0.074,2025-04-15,0
C03418,Postpaid,2020-03-15,2023-05-19,83,71,4,1,31.54,0,5700,1,0.273,2023-06-22,1
C00594,Postpaid,2019-02-25,2023-06-15,92,87,88,1,41.7,0,LEU-3000,0,0.173,,0
C00470,Postpaid,2019-06-02,2023-06-02,150,150,147,0,40.17,0,4370,0,0.074,,0
C04913,Postpaid,2020-01-01,2023-06-15,260,257,251,2,35.77,0,8490,0,0.143,2024-01-30,0
C02370,Prepaid,2023-03-14,2023-05-22,81,77,3,2,,0,7170,0,0.2,,1
C02397,Postpaid,2015-01-10,2023-06-16,242,221,210,3,53.72,0,6280,1,0.0,,0
C03740,Postpaid,2020-05-30,2023-05-13,175,168,157,1,34.96,0,3000,0,0.173,,0
C03469,Postpaid,2018-12-23,2023-06-26,202,206,190,3,45.94,1,9160,0,0.153,2024-02-13,0
C02274,Postpaid,2015-08-19,2023-06-29,58,65,62,0,32.73,1,5760,0,0.25,,0
C02956,Postpaid,2014-07-20,2023-06-09,113,105,103,0,33.97,0,3000,0,0.173,2025-07-17,0
C04253,Postpaid,2015-08-15,2023-05-07,109,124,119,1,35.37,0,9770,0,0.083,,0
C00165,Prepaid,2021-10-29,2023-06-07,326,314,286,1,,0,9160,0,0.153,,0
C01485,Postpaid,2015-10-26,2023-06-05,351,312,318,0,41.55,1,4370,0,0.074,,0
C01969,Prepaid,2014-03-30,2023-06-30,348,372,349,4,,0,3540,0,0.091,,0
C04125,Prepaid,2022-02-05,2023-04-18,44,20,1,0,,0,LEU-3000,1,0.173,,1
C03294,Prepaid,2020-07-11,2023-06-15,64,62,62,0,,0,1020,0,0.235,,0
C04560,Postpaid,2015-09-13,2023-06-08,167,169,186,0,22.86,1,4370,0,0.074,,0
C01061,Postpaid,2014-01-28,2023-04-23,750,602,15,0,66.85,1,1300,0,0.26,2023-06-21,1
C02428,Prepaid,2017-08-23,2023-06-05,99,92,5,2,,0,1200,1,0.116,,1
C02763,Postpaid,2020-02-09,2023-06-26,154,143,139,0,36.41,5,5350,1,0.214,,0
C02175,Postpaid,2023-01-30,2023-05-07,3589,3614,3797,0,300.72,0,4800,0,0.4,,0
C02227,Prepaid,2017-06-25,2023-06-14,131,138,133,2,,0,9160,0,0.153,,0
C03420,Prepaid,2020-12-22,2023-06-22,71,69,75,1,,0,1700,0,0.342,,0
C01932,Prepaid,2023-04-24,2023-06-21,97,87,79,0,,0,3000,1,0.173,,0
C01825,Postpaid,2017-11-24,2023-06-04,110,124,115,0,40.13,0,6020,0,0.167,,0
C03664,Postpaid,2021-08-18,2023-06-30,25,24,24,0,33.63,0,4390,0,0.071,2024-06-16,0
C04863,Postpaid,2023-04-29,2023-06-07,727,657,708,2,84.03,1,8330,0,0.125,,0
C03330,Postpaid,2015-08-19,2023-06-15,188,207,200,0,45.91,0,4390,1,0.071,,0
C01762,Prepaid,2015-02-18,2023-05-17,38,22,1,2,,0,4500,1,0.286,,1
C01575,postpaid,2022-02-16,2023-06-03,943,615,6,4,65.4,0,9160,1,0.153,2023-06-08,1
C04282,Prepaid,2017-04-06,2023-06-08,35,40,38,0,,0,6820,0,0.0,,0
C01116,Postpaid,2019-05-01,2023-06-27,328,375,403,0,59.45,1,9160,0,0.153,2023-09-13,0
C04464,Prepaid,2018-06-12,2023-06-03,70,48,1,2,,0,1090,1,0.133,,1
C03071,Prepaid,2015-12-05,2023-04-12,71,68,0,0,,0,6960,1,0.359,,1
C03663,Prepaid,2023-01-03,2023-06-04,40,37,34,0,,0,3000,0,0.173,,0
C01228,Postpaid,2023-04-18,2023-06-05,272,305,316,1,39.56,0,2000,0,0.182,,0
C04187,Postpaid,2014-03-20,2023-06-11,227,240,232,0,42.8,0,9100,0,0.136,,0
C03207,Postpaid,2015-11-01,2023-06-19,293,299,314,0,55.5,0, 6900,0,0.205,,0
C02572,Prepaid,2018-06-09,2023-05-27,155,172,160,2,,0,7000,0,0.429,,0
C00001,Prepaid,2023-02-21,2023-05-19,57,60,56,1,,0,3000,0,0.173,,0
C01646,Prepaid,2014-10-13,2023-06-16,61,66,72,0,,0,8310,0,0.175,,0
C03498,Postpaid,2023-03-13,2023-04-16,425,423,23,0,55.67,1,3000,1,0.173,2023-06-28,1
C00683,Postpaid,2017-01-08,2023-05-10,128,80,1,3,42.85,1,3740,1,0.129,2023-06-18,1
C04500,Postpaid,2017-12-18,2023-06-29,477,516,478,2,59.31,2,7310,0,0.111,,0
C00382,Postpaid,2020-05-28,2023-05-19,68,62,64,0,32.6,0,9160,0,0.153,2024-09-01,0
C01492,Prepaid,2021-04-21,2023-04-16,90,83,3,1,,0,3020,1,0.222,,1
C04042,Postpaid,18/11/2022,2023-06-10,339,375,398,0,54.79,0,2190,0,0.143,,0
C00705,Postpaid,2015-08-04,2023-06-02,305,279,298,0,56.64,0,3660,0,0.235,2024-05-10,0
C04440,Prepaid,19/03/2022,2023-05-11,101,91,91,1,,0,4900,0,0.167,,0
C00619,Prepaid,2019-02-01,2023-06-08,6,7,7,3,,0,6010,0,0.0,,0
C04318,Postpaid,2020-12-17,2023-06-03,135,147,150,0,46.59,0,4370,0,0.074,2025-06-13,0
C01645,Postpaid,2016-10-08,2023-06-27,145,125,137,0,32.49,0,3000,0,0.173,,0
C01510,Postpaid,2019-04-18,2023-06-09,75,86,88,0,25.04,0,6010,0,0.0,,0
C00224,Prepaid,2019-07-11,2023-06-01,27,28,26,1,,0,4680,0,0.2,,0
C04662,Postpaid,2021-09-06,2023-06-28,459,474,439,0,68.09,0,3000,0,0.173,,0
C00573,Prepaid,2015-08-05,2023-06-22,26,24,27,0,,0,3000,0,0.173,,0
C03593,Prepaid,2015-03-14,2023-06-08,98,98,95,1,,0,6430,0,0.188,,0
C00078,Postpaid,2014-03-22,2023-04-25,36,37,1,0,28.48,0,3000 Leuven,0,0.173,2023-06-04,1
C04445,Prepaid,2016-04-29,2023-06-27,69,69,69,2,,0,3000 Leuven,0,0.173,,0
C01025,Prepaid,2017-07-23,2023-05-28,74,38,1,6,,0,9100,0,0.136,,1
C00440,Prepaid,2022-10-16,2023-05-03,31,22,1,1,,0,9040,1,0.3,,1
C04336,Prepaid,2019-07-02,2023-06-13,78,83,78,1,,0,1890,0,0.235,,0
C02685,Postpaid,2015-05-12,2023-06-14,69,68,72,1,29.11,0,5000,0,0.222,,0
C03506,Postpaid,2018-06-02,2023-06-11,249,280,262,3,49.42,1,7110,0,0.3,,0
C00343,Postpaid,2016-08-21,2023-06-01,996,1021,1029,1,99.19,0,1700,0,0.342,,0
C00475,Postpaid,2020-01-10,2023-06-24,1178,1223,1190,1,123.34,0,9740,0,0.174,,0
C03624,Prepaid,2015-09-26,2023-06-01,21,18,19,0,,0,9160,0,0.153,,0
C02346,Postpaid,2020-06-14,2023-06-22,262,276,271,1,56.06,1,9160,0,0.153,,0
C02594,Postpaid,2016-09-20,2023-06-15,226,215,213,2,52.96,1,9770,0,0.083,,0
C02592,Postpaid,2020-08-15,2023-06-18,2840,3161,3314,1,270.39,1,8310,1,0.175,,0
C03887,Prepaid,2023-03-20,2023-05-18,87,52,1,1,,0,9160,0,0.153,,1
C02643,Prepaid,2022-07-16,2023-06-14,44,44,46,0,,0,4750,0,0.25,,0
C01859,Prepaid,2019-10-14,2023-06-20,85,72,66,1,,0,2590,0,0.0,,0
C02861,Postpaid,2021-10-05,2023-05-05,328,231,3,1,47.25,0,1270,1,0.167,2023-06-01,1
C00491,Prepaid,2014-04-10,2023-05-17,176,110,4,2,,0,2070,1,0.312,,1
C03681,Postpaid,2020-07-19,2023-06-23,150,158,150,2,32.59,0,4370,0,0.074,,0
C04455,Postpaid,2020-07-13,2023-05-11,250,270,289,1,,0,4300,0,0.25,,0
C00374,Postpaid,2017-02-16,2023-06-18,286,298,273,0,44.0,0,7130,0,0.143,,0
C02443,Postpaid,2020-05-07,2023-06-05,55,62,63,0,39.93,0,4750,0,0.25,,0
C00686,Postpaid,2020-03-25,2023-06-20,91,91,87,1,27.97,0,7170,0,0.2,,0
C04818,Postpaid,2018-04-30,2023-05-12,127,141,142,2,39.46,0,9160,0,0.153,,0
C00255,Postpaid,2019-05-04,2023-06-04,649,730,786,0,89.36,0,5490,0,0.118,,0
C04405,Postpaid,2023-02-20,2023-05-14,440,399,365,1,68.31,0,4370,0,0.074,,0
C00002,Prepaid,01/09/2021,2023-06-13,23,24,26,0,,0,2670,0,0.086,,0
C04952,Postpaid,2019-09-20,2023-06-13,620,607,591,1,74.88,1,9160,0,0.153,,0
C01875,Prepaid,2022-10-11,2023-05-30,148,155,6,1,,0,3000,0,0.173,,1
C04595,Prepaid,2020-07-17,2023-06-08,67,60,61,1,,0,2670,0,0.086,,0
C02457,Postpaid,2022-03-06,2023-06-28,403,397,436,0,59.63,1,5700,0,0.273,,0
C01223,Postpaid,2019-02-02,2023-05-24,71,65,3,2,26.41,1,4180,1,0.167,2023-06-12,1
C03732,Prepaid,2021-06-25,2023-06-02,57,36,2,5,,0,2260,1,0.35,,1
C00296,Prepaid,2022-04-10,2023-06-07,86,95,87,0,,0,9020,0,0.143,,0
C00710,Prepaid,2020-01-08,2023-05-16,100,106,109,1,,0,3000,0,0.173,,0
C02060,Prepaid,2018-04-28,2023-06-11,348,337,368,0,,0,9160,0,0.153,,0
C04609,Postpaid,2016-08-01,2023-05-16,759,824,784,1,102.18,0,8310,0,0.175,,0
C03496,Postpaid,2020-11-05,2023-06-03,297,339,324,0,72.41,1,1070,0,0.2,,0
C02330,Prepaid,2017-05-02,2023-05-17,74,48,0,3,,0,9100,1,0.136,,1
C02995,Prepaid,2015-01-17,2023-06-27,236,246,262,2,,0,2500,0,0.118,,0
C04718,Postpaid,2016-01-28,2023-05-28,91,89,91,0,36.39,0,9100,0,0.136,,0
C02971,PREPAID,2021-09-08,2023-06-26,74,72,69,0,,0,5290,0,0.171,,0
C02667,Prepaid,2020-12-31,2023-06-01,94,91,87,2,,0,9160,0,0.153,,0
C02197,Postpaid,2016-03-21,2023-06-24,1453,1282,1245,2,124.08,1,1030,0,0.1,,0
C04386,Postpaid,2019-01-18,2023-05-23,147,130,138,1,38.73,0,6170,0,0.0,2024-02-01,0
C01943,Prepaid,2023-03-31,2023-06-04,218,245,228,0,,0,8630,0,0.188,,0
C01352,Postpaid,2022-03-27,2023-06-06,772,662,614,0,82.8,1,3130,0,0.1,2024-09-13,0
C00190,PREPAID,2022-06-14,2023-06-16,38,42,38,1,,0,9770,0,0.083,,0
C03595,Postpaid,2017-02-11,2023-06-04,201,186,174,0,43.04,0,5680,0,0.333,,0
C04528,Prepaid,2015-10-23,2023-05-28,85,87,2,0,,0,5610,1,0.2,,1
C01373,Postpaid,2021-02-16,2023-06-20,800,837,914,0,99.91,0,1300,0,0.26,,0
C01296,Postpaid,2014-09-10,2023-06-22,227,235,227,1,44.58,0,9160,0,0.153,,0
C02486,Prepaid,2018-12-11,2023-06-27,701,693,703,1,,0,4370,0,0.074,,0
C00556,Prepaid,2018-03-06,2023-05-29,137,152,137,0,,0,2670,0,0.086,,0
C01111,Prepaid,2020-02-01,2023-04-25,84,70,0,2,,0,9300,1,0.333,,1
C01189,Prepaid,2020-11-30,2023-06-05,173,185,182,1,,0,6430,0,0.188,,0
C03720,Postpaid,2017-09-22,2023-05-01,697,630,20,0,82.55,0,9160,1,0.153,2023-06-10,1
C03628,Prepaid,2020-07-26,2023-05-09,95,46,2,1,,0,9000,1,0.429,,1
C01218,Postpaid,2021-07-20,2023-06-28,137,138,138,0,32.73,0,9160,0,0.153,,0
C03828,Postpaid,2015-04-25,2023-06-22,245,238,251,2,56.04,0,6620,0,0.118,,0
C00988,Postpaid,2020-12-24,2023-06-21,254,240,221,2,50.86,1,6380,0,0.167,2024-10-30,0
C02048,Prepaid,2022-07-28,2023-05-20,229,258,252,2,,0,1890,0,0.235,,0
C01708,Postpaid,2016-07-29,2023-06-07,145,135,130,0,35.58,0,5210,0,0.0,,0
C00668,Prepaid,2020-06-25,2023-06-30,270,250,256,2,,0,9160,0,0.153,,0
C02424,Postpaid,2023-04-27,2023-06-12,88,88,91,3,30.68,0,7890,0,0.25,2024-12-20,0
C00057,Postpaid,2019-06-13,2023-06-19,81,89,86,0,33.7,0,9160,0,0.153,2025-01-13,0
C03695,Postpaid,2019-05-27,2023-06-14,1163,1258,1200,1,118.4,0,2670,0,0.086,,0
C01054,Post-paid,2019-11-18,2023-04-23,69,50,2,0,30.28,0,1200,1,0.116,2023-06-27,1
C02529,Postpaid,2018-02-19,2023-06-01,1119,1071,1178,0,105.33,0,1690,0,0.167,,0
C03035,Prepaid,2022-10-29,2023-04-08,88,73,1,3,,0,LEU-3000,1,0.173,,1
C03421,Postpaid,2017-09-04,2023-05-15,159,171,160,1,38.57,0,5290,0,0.171,,0
C04094,Prepaid,2019-03-19,2023-04-17,49,23,0,1,,0,2670,1,0.086,,1
C00704,Prepaid,2019-11-08,2023-05-08,120,60,2,3,,0,9770,0,0.083,,1
C02769,Prepaid,2022-01-02,2023-05-14,92,84,91,0,,0,5590,0,0.0,,0
C03558,Postpaid,2016-11-13,2023-05-20,815,875,828,0,101.06,0,2590,1,0.0,,0
C00017,Postpaid,2023-02-21,2023-06-01,137,137,141,1,41.85,0,3050,0,0.111,,0
C04374,Postpaid,2022-10-01,2023-05-14,221,219,216,0,45.63,0,9100,0,0.136,2025-05-19,0
C00135,Postpaid,2022-11-12,2023-06-21,313,282,270,0,48.45,0,4390,0,0.071,,0
C04098,Prepaid,2016-12-08,2023-05-05,77,74,80,0,,0,9160,1,0.153,,0
C00438,Postpaid,2021-10-01,2023-06-06,165,168,164,0,38.63,0,1020,0,0.235,,0
C03635,Postpaid,2023-01-18,2023-06-12,129,139,145,0,36.28,0,9100,0,0.136,,0
C04985,Prepaid,2018-05-22,2023-06-08,107,121,112,0,,0,9100,0,0.136,,0
C04635,Postpaid,2021-01-16,2023-05-04,431,430,457,1,61.55,0, 4180,0,0.167,,0
C03759,Postpaid,2016-10-31,2023-06-29,668,645,649,0,72.02,1,1070,0,0.2,,0
C00445,Postpaid,2022-07-23,2023-06-30,280,275,294,0,50.02,0,8000,0,0.211,,0
C02567,Postpaid,2019-02-16,2023-06-15,337,315,304,0,49.26,0,3450,0,0.214,,0
C03240,Prepaid,2021-12-10,2023-05-26,80,73,72,1,,0,3660,0,0.235,,0
C02748,Prepaid,2018-07-09,2023-06-17,204,192,192,1,,0,9770,0,0.083,,0
C02257,Postpaid,2021-01-16,2023-06-13,310,333,360,0,52.1,0,4370,1,0.074,,0
C01192,Prepaid,30/11/2016,2023-06-15,41,46,42,2,,0,7170,0,0.2,,0
C01356,PREPAID,2020-04-20,2023-05-15,18,12,1,2,,0,2670,0,0.086,,1
C01087,Postpaid,2015-07-21,2023-06-03,309,288,307,3,49.51,0,3200,0,0.222,,0
C00426,Postpaid,2021-11-11,2023-06-15,690,706,672,1,67.72,0,9100,0,0.136,,0
C03983,Postpaid,2021-03-30,2023-06-10,171,153,151,0,43.69,0,3000,0,0.173,,0
C01114,Postpaid,2018-12-11,2023-06-22,970,1045,1134,2,104.14,0,9020,0,0.143,,0
C00275,Prepaid,2015-04-06,2023-05-18,126,127,126,1,,0,9160,0,0.153,,0
C04431,Postpaid,2016-02-10,2023-06-30,88,97,106,0,28.66,1,9300,0,0.333,,0
C01181,Prepaid,2017-09-08,2023-06-27,43,49,47,1,,0,3000,0,0.173,,0
C03667,Prepaid,2014-11-26,2023-06-22,62,61,64,2,,0,3000,0,0.173,,0
C02524,Postpaid,2022-03-25,2023-06-06,292,277,276,0,55.45,1,9940,0,0.214,,0
C03065,Prepaid,2022-07-04,2023-06-12,23,25,25,1,,0,3000 Leuven,0,0.173,,0
C03625,Postpaid,2021-01-19,2023-06-01,390,380,385,1,55.72,0,3000,0,0.173,2024-06-07,0
C01536,Prepaid,2016-10-31,2023-06-13,45,42,41,1,,0,7500,0,0.079,,0
C03818,Prepaid,2014-03-03,2023-06-06,34,31,33,3,,0,4480,0,0.222,,0
C04946,Prepaid,2016-07-26,2023-05-12,17,16,17,0,,0,9100,0,0.136,,0
C02696,Postpaid,2014-11-28,2023-06-16,271,249,227,2,49.88,0,2670,0,0.086,2023-12-30,0
C03836,Prepaid,2022-05-31,2023-06-16,48,48,47,0,,0,5490,0,0.118,,0
C03896,Postpaid,2017-09-20,2023-05-28,275,220,10,0,32.09,0,1700,1,0.342,2023-06-27,1
C00871,Prepaid,2021-12-23,2023-05-28,55,33,1,1,,0,1700,1,0.342,,1
C00768,Prepaid,2015-07-19,2023-06-29,185,208,203,1,,0,8310,0,0.175,,0
C01954,Postpaid,2022-02-21,2023-06-29,173,171,159,2,44.7,0,9100,0,0.136,,0
C04883,Postpaid,2016-01-01,2023-06-25,91,85,90,1,34.52,0,3700,0,0.0,,0
C02238,Prepaid,2019-02-15,2023-04-13,101,90,3,2,,0,1300,0,0.26,,1
C01205,Postpaid,2021-12-18,2023-06-11,217,186,198,1,47.72,1,6280,0,0.0,2025-06-03,0
C04276,Prepaid,2022-12-04,2023-06-15,23,25,25,0,,0,3980,0,0.222,,0
C04905,Prepaid,2018-05-09,2023-06-02,213,230,245,2,,0,4390,0,0.071,,0
C01122,Postpaid,2016-07-30,2023-05-07,232,203,193,3,40.76,0,3000,1,0.173,,0
C02903,Prepaid,2015-06-08,2023-05-21,65,58,56,5,,0,4750,1,0.25,,0
C01962,Postpaid,2015-09-11,2023-06-25,94,88,88,0,43.15,1,4200,0,0.0,,0
C04855,Prepaid,2018-03-14,2023-06-09,109,113,111,1,,0,9100,0,0.136,,0
C03474,postpaid,2022-04-15,2023-05-13,263,240,256,0,43.61,2,6430,0,0.188,,0
C03777,Postpaid,2017-06-14,2023-06-25,148,157,159,0,44.12,1,4350,0,0.0,2024-08-23,0
C00864,Prepaid,2018-12-27,2023-06-06,28,24,23,2,,0,8870,0,0.0,,0
C02723,Prepaid,2015-01-04,2023-04-10,44,39,2,1,,0,3000,1,0.173,,1
C01275,postpaid,2014-10-18,2023-06-11,336,298,316,0,48.53,2,9860,0,0.132,,0
C01320,Prepaid,2018-09-11,2023-06-22,145,125,126,0,,0,9160,0,0.153,,0
C03709,Postpaid,2019-11-14,2023-06-01,327,301,329,0,56.64,0,6510,0,0.143,,0
C00051,Postpaid,2014-02-26,2023-06-24,81,72,79,0,32.49,0,1300,0,0.26,,0
C04383,Postpaid,2018-03-08,2023-06-22,763,684,727,0,72.99,0,3420,0,0.286,,0
C04217,Prepaid,2016-05-08,2023-06-30,77,85,91,0,,0,4290,0,0.0,,0
C04682,Postpaid,17/05/2020,2023-06-23,237,225,219,1,46.08,1,3000,0,0.173,,0
C01317,Postpaid,2020-01-24,2023-06-14,250,260,284,1,46.98,0,2360,0,0.0,2024-11-03,0
C00075,Postpaid,2016-11-01,2023-06-14,166,187,184,0,29.2,0,1690,0,0.167,2024-01-05,0
C01968,Postpaid,2019-05-25,2023-06-28,195,197,200,2,39.37,1, 9420,0,0.0,,0
C01217,Postpaid,2015-04-27,2023-06-02,779,872,802,1,84.08,0,8310,1,0.175,,0
C04093,Prepaid,2015-03-26,2023-06-03,135,115,105,0,,0,7910,0,0.0,,0
C00844,Prepaid,2018-11-29,2023-06-29,129,114,115,0,,0,3000 Leuven,0,0.173,,0
C02339,Prepaid,2020-03-09,2023-06-24,182,197,187,2,,0,9160,0,0.153,,0
C02741,Postpaid,2019-05-25,2023-06-17,49,46,46,2,35.6,0,9860,0,0.132,,0
C01286,Prepaid,2015-02-09,2023-06-03,203,175,173,0,,0,4900,0,0.167,,0
C01995,Postpaid,2023-01-30,2023-06-11,1000,971,1059,2,102.28,1,3020,0,0.222,,0
C00479,Prepaid,2021-12-19,2023-05-11,64,59,54,0,,0,5350,0,0.214,,0
C03462,Postpaid,2020-07-02,2023-06-13,113,114,119,3,40.83,0,1740,0,0.161,,0
C04171,Prepaid,2017-10-04,2023-06-29,13,12,14,0,,0,6620,0,0.118,,0
C00575,Postpaid,2016-10-18,2023-06-21,642,723,690,1,73.63,1,1890,0,0.235,,0
C01457,Postpaid,2019-05-28,2023-06-17,385,383,397,0,60.15,0,2500,0,0.118,,0
C03669,Prepaid,2019-02-21,2023-04-06,45,26,0,3,,0,3000,1,0.173,,1
C04077,Postpaid,2021-08-02,2023-06-19,23,23,22,0,33.94,0,3000,0,0.173,,0
C02366,Prepaid,2015-02-04,2023-06-03,81,69,75,1,,0,6510,1,0.143,,0
C00655,Prepaid,2015-09-01,2023-05-13,141,131,130,0,,0,5870,0,0.167,,0
C03807,Prepaid,2018-04-09,2023-06-01,343,329,347,0,,0,4600,0,0.102,,0
C04417,Prepaid,2014-01-02,2023-05-22,68,65,60,1,,0,2670,0,0.086,,0
C03741,Postpaid,2022-06-30,2023-04-12,186,195,7,3,37.93,0,1300,1,0.26,2023-06-19,1
C01234,Postpaid,2021-08-24,2023-04-25,65,38,0,1,25.56,0,9160,0,0.153,2023-06-20,1
C02310,Postpaid,2017-07-07,2023-06-14,863,837,808,1,88.63,0,9860,0,0.132,,0
C04008,Postpaid,2014-02-21,2023-06-30,584,505,525,2,59.01,1,7190,0,0.429,,0
C03719,Postpaid,2014-05-12,2023-05-01,50,30,1,2,31.66,0,9100,1,0.136,2023-06-02,1
C02562,Postpaid,2015-01-14,2023-05-09,187,200,206,1,30.54,1,2670,0,0.086,,0
C03385,Postpaid,2022-11-23,2023-05-19,539,497,515,4,62.19,0,9160,0,0.153,,0
C00441,Postpaid,2020-09-23,2023-06-13,260,248,248,1,45.14,0,9100,0,0.136,,0
C00984,Postpaid,2022-07-14,2023-05-15,207,212,200,1,35.12,0,7500,0,0.079,,0
C01881,Prepaid,2021-08-13,2023-05-27,668,578,630,1,,0,3460,1,0.0,,0
C03449,Postpaid,2014-12-15,2023-06-26,352,395,409,2,53.93,1,5490,0,0.118,,0
C00206,Postpaid,2022-01-17,2023-04-28,324,331,13,2,51.88,0,2230,1,0.421,2023-06-02,1
C04932,Postpaid,2016-09-20,2023-06-21,48,55,58,0,35.21,0,6250,0,0.133,,0
C03361,Prepaid,2017-03-12,2023-05-21,41,36,35,1,,0,9770,0,0.083,,0
C02105,Postpaid,2019-11-27,2023-05-07,57,43,0,0,38.55,1,1740,1,0.161,2023-06-04,1
C03757,Postpaid,2022-12-16,2023-06-11,117,124,123,1,35.58,0,4600,0,0.102,2025-03-23,0
C01409,Prepaid,2020-05-02,2023-06-13,83,81,86,0,,0,9100,0,0.136,,0
C04920,Postpaid,2021-01-03,2023-06-17,288,286,265,1,51.85,0,7480,0,0.167,2024-10-28,0
C00532,Postpaid,2017-07-25,2023-06-28,89,91,83,5,34.06,0,3000,0,0.173,,0
C03723,Postpaid,2020-10-15,2023-05-14,34,31,30,0,14.48,0,9160,0,0.153,,0
C00980,Prepaid,2015-04-22,2023-06-17,57,61,61,0,,0,3000,0,0.173,,0
C00590,Prepaid,2019-07-29,2023-04-06,96,84,3,2,,0,4480,1,0.222,,1
C02286,Postpaid,2014-12-02,2023-06-26,217,202,220,1,36.94,0,LEU-3000,0,0.173,,0
C01905,Prepaid,2021-03-12,2023-06-04,102,92,93,0,,0,3450,0,0.214,,0
C01451,Postpaid,2021-09-26,2023-05-16,250,126,2,1,38.21,0,LEU-3000,1,0.173,2023-06-13,1
C01174,PREPAID,2022-04-02,2023-06-24,51,58,64,0,,0,LEU-3000,0,0.173,,0
C00606,Postpaid,2015-02-01,2023-05-21,163,145,150,0,46.69,1,5290,0,0.171,,0
C01786,Prepaid,2019-11-27,2023-06-04,72,56,1,1,,0,5000,1,0.222,,1
C00176,Postpaid,2021-11-16,2023-06-09,53,59,54,0,36.5,1,3700,1,0.0,,0
C04772,Prepaid,2021-08-29,2023-05-05,152,121,6,0,,0,1700,0,0.342,,1
C01481,Postpaid,2020-06-07,2023-06-07,120,120,121,0,33.24,0,9100,0,0.136,2023-10-23,0
C03483,Postpaid,2014-04-12,2023-06-22,124,137,132,2,32.74,1,9160,0,0.153,,0
C00413,Postpaid,2022-06-07,2023-06-20,383,420,380,1,64.59,0,4390,0,0.071,,0
C01391,Postpaid,2022-09-04,2023-06-22,103,91,87,1,38.12,0,1020,0,0.235,2023-11-21,0
C01342,Prepaid,2017-03-31,2023-06-22,78,73,73,0,,0,2670,0,0.086,,0
C03815,Postpaid,2023-01-22,2023-06-07,237,222,234,0,49.58,0,1300,0,0.26,,0
C02078,Postpaid,2016-09-04,2023-04-18,131,126,2,0,35.14,0,3000,0,0.173,2023-06-26,1
C03744,Postpaid,2017-04-28,2023-06-02,528,565,590,1,75.23,0,9160,0,0.153,2024-12-28,0
C03631,Postpaid,2022-01-27,2023-06-13,245,275,281,1,54.51,0,5380,0,0.167,,0
C04929,Prepaid,2018-09-19,2023-06-29,87,82,79,1,,0,9160,0,0.153,,0
C03372,Postpaid,2019-01-25,2023-06-08,488,432,462,2,60.69,1,4120,0,0.125,,0
C00079,Postpaid,2018-09-04,2023-06-01,81,83,88,0,35.76,0,1740,0,0.161,,0
C02908,Postpaid,24/07/2019,2023-06-05,92,103,102,1,38.5,0,9100,0,0.136,,0
C04189,Prepaid,2022-11-09,2023-06-12,122,121,130,1,,0,3000,0,0.173,,0
C03825,Postpaid,2018-09-26,2023-06-08,151,173,177,2,50.52,0,5290,0,0.171,,0
C00265,Prepaid,2018-06-04,2023-05-12,62,48,0,3,,0,3300,1,0.214,,1
C04395,Prepaid,2018-08-26,2023-06-08,112,96,94,0,,0,5600,1,0.143,,0
C01599,Postpaid,2018-09-05,2023-05-30,564,554,579,2,69.4,1,9160,0,0.153,,0
C02323,Prepaid,2016-01-15,2023-05-25,24,27,28,3,,0,1300,0,0.26,,0
C04361,Prepaid,2018-04-30,2023-06-23,33,32,31,2,,0,3000,0,0.173,,0
C04870,Postpaid,2022-05-18,2023-06-03,295,273,293,0,38.05,0,3660,0,0.235,,0
C04536,Postpaid,2022-04-06,2023-06-24,807,748,716,2,81.95,0,LEU-3000,0,0.173,,0
C04694,Prepaid,2020-04-11,2023-06-01,61,66,68,0,,0,3000,0,0.173,,0
C01179,Postpaid,2020-05-26,2023-05-25,909,843,48,0,97.78,1,1300,1,0.26,2023-06-03,1
C02071,Prepaid,2020-02-09,2023-04-04,30,30,2,1,,0,2260,1,0.35,,1
C03787,Postpaid,06/02/2018,2023-05-20,142,161,172,0,,0,3930,0,0.571,,0
C04695,Postpaid,2014-10-04,2023-06-29,215,245,265,1,54.38,0,6100,0,0.0,,0
C02387,Postpaid,2021-03-11,2023-06-03,754,860,898,0,104.37,0,1080,0,0.381,,0
C02276,Prepaid,2015-05-20,2023-06-06,147,130,128,1,,0,5700,0,0.273,,0
C01341,Postpaid,2015-09-29,2023-05-11,69,71,74,0,34.01,0,4510,0,0.0,2024-05-04,0
C04898,Postpaid,2014-03-05,2023-06-06,261,250,232,2,47.33,1,9020,0,0.143,,0
C03238,Postpaid,2021-05-22,2023-06-19,83,91,96,1,34.71,0,1890,0,0.235,,0
C02641,Postpaid,2016-11-01,2023-06-17,259,251,232,1,54.31,0,6900,0,0.205,,0
C04221,Prepaid,2018-06-20,2023-06-19,66,71,64,0,,0, 3490,0,0.0,,0
C00011,Prepaid,2016-11-07,2023-05-15,162,148,153,1,,0,9160,0,0.153,,0
C00439,Postpaid,2014-06-13,2023-05-23,198,219,213,0,41.19,1,2000,0,0.182,2024-02-28,0
C01367,Postpaid,2017-10-21,2023-06-15,103,114,123,1,32.98,0,9100,0,0.136,,0
C00972,Prepaid,2017-03-08,2023-06-26,223,207,221,3,,0,2670,0,0.086,,0
C02461,Prepaid,2016-09-19,2023-06-04,129,81,0,2,,0,3000,1,0.173,,1
C01483,Postpaid,2021-04-28,2023-06-08,981,1089,1156,5,103.47,0,3450,0,0.214,,0
C00670,Postpaid,2015-05-17,2023-06-23,106,108,118,0,32.17,0,5290,0,0.171,,0
C02915,Postpaid,2023-03-27,2023-06-18,78,67,65,0,36.43,0,5260,0,0.111,,0
C02894,Prepaid,2014-04-06,2023-06-07,16,15,16,0,,0,5600,0,0.143,,0
C04222,Postpaid,2021-08-31,2023-06-13,830,853,807,1,89.36,0,9160,0,0.153,2025-02-23,0
C02306,Postpaid,2020-09-05,2023-06-22,197,177,182,5,47.3,0,1070,0,0.2,,0
C04842,postpaid,2014-02-11,2023-06-08,148,155,143,1,45.34,0,2900,1,0.167,,0
C01927,Postpaid,2016-12-06,2023-06-25,366,388,416,1,65.71,0,9160,0,0.153,2025-01-04,0
C01338,Prepaid,2015-03-24,2023-05-09,278,301,325,1,,0,5700,0,0.273,,0
C03588,Postpaid,2023-02-19,2023-06-02,225,258,259,0,48.73,0,6140,0,0.0,,0
C03077,Prepaid,2020-05-13,2023-06-02,115,106,113,0,,0,6960,0,0.359,,0
C04295,Postpaid,2014-05-14,2023-06-23,73,75,69,0,34.09,0,3270,0,0.0,,0
C00629,Prepaid,2019-09-12,2023-06-20,85,86,78,1,,0,2150,0,0.094,,0
C00410,Prepaid,2015-09-26,2023-06-18,98,103,100,1,,0,9100,0,0.136,,0
C04830,Postpaid,2018-03-18,2023-05-09,142,158,164,3,42.06,0,6900,0,0.205,,0
C01199,PREPAID,2014-04-20,2023-06-10,15,18,17,2,,0,3000 Leuven,0,0.173,,0
C02637,Postpaid,2014-12-08,2023-06-15,227,213,192,1,40.26,0,2580,0,0.0,,0
C03668,Prepaid,2015-05-12,2023-06-26,58,57,62,2,,0,4890,0,0.136,,0
C02680,Postpaid,2022-07-10,2023-06-05,469,495,485,1,68.04,2,2670,0,0.086,,0
C01202,Prepaid,2018-05-01,2023-06-09,77,87,84,1,,0,3000,0,0.173,,0
C04110,Prepaid,2018-04-24,2023-04-19,59,47,1,3,,0,2670,1,0.086,,1
C00761,Postpaid,2014-06-09,2023-06-06,456,483,455,1,61.93,0,7000,0,0.429,,0
C03107,Prepaid,2020-03-26,2023-05-03,73,79,85,3,,0,9330,0,0.333,,0
C03611,Postpaid,2022-06-23,2023-05-17,80,68,1,0,33.01,1,9100,1,0.136,2023-06-12,1
C04079,Postpaid,2021-01-29,2023-06-20,408,421,456,2,64.22,0,4390,0,0.071,,0
C04696,Postpaid,2014-05-02,2023-06-27,558,527,557,3,75.73,0,LEU-3000,0,0.173,,0
C01601,Postpaid,2022-02-18,2023-06-17,1612,1599,1518,1,149.95,0,9160,0,0.153,,0
C02212,Postpaid,2020-09-30,2023-06-14,345,301,291,2,59.36,0,3450,0,0.214,,0
C03417,Prepaid,2021-12-24,2023-05-31,95,72,2,0,,0,1890,0,0.235,,1
C01594,Postpaid,2018-09-23,2023-06-24,256,261,236,0,42.15,0,7000,0,0.429,,0
C01459,Postpaid,2016-05-12,2023-06-09,24,21,21,4,19.8,0,4370,0,0.074,,0
C04549,Prepaid,2022-12-09,2023-06-23,35,33,31,0,,0,3000,0,0.173,,0
C02179,Postpaid,2016-09-29,2023-06-12,301,317,309,2,45.47,0,1500,0,0.0,,0
C03112,Prepaid,2019-01-04,2023-05-18,238,236,1,1,,0,8820,1,0.4,,1
C02282,Prepaid,2018-11-20,2023-06-23,193,168,152,1,,0,9160,1,0.153,,0
C00694,Prepaid,2020-08-20,2023-04-07,196,169,2,3,,0,1050,1,0.278,,1
C01579,Postpaid,2018-08-01,2023-06-01,129,127,126,1,39.57,1,2670,0,0.086,,0
C02061,Prepaid,2022-03-21,2023-05-06,69,68,70,4,,0,3130,0,0.1,,0
C04816,Postpaid,2017-03-09,2023-06-15,561,525,549,1,73.83,0,9160,0,0.153,,0
C02985,Postpaid,2014-02-22,2023-06-22,159,157,146,1,34.83,1,1300,0,0.26,,0
C02352,Prepaid,2018-04-19,2023-06-11,50,48,48,2,,0,2670,0,0.086,,0
C02614,Postpaid,2021-11-16,2023-06-15,746,829,829,0,94.52,1,3000,0,0.173,,0
C03931,Postpaid,2018-07-19,2023-06-09,74,69,75,2,30.27,1,3000,0,0.173,,0
C03717,Postpaid,2019-06-11,2023-06-26,753,649,668,1,67.14,0,3000,0,0.173,,0
C03064,Postpaid,2020-01-22,2023-06-10,250,274,297,0,51.14,0,3450,0,0.214,,0
C01371,Postpaid,2015-07-09,2023-06-09,613,645,674,2,71.34,0,6900,0,0.205,,0
C04250,Prepaid,2017-07-02,2023-05-07,80,77,4,1,,0,1700,1,0.342,,1
C04901,Postpaid,2014-01-16,2023-06-28,710,654,703,1,82.61,0,3020,0,0.222,,0
C00043,postpaid,2017-05-06,2023-06-25,130,149,144,2,28.01,0,5350,0,0.214,2025-01-19,0
C01241,Prepaid,2014-05-19,2023-05-31,93,97,97,1,,0,8540,0,0.125,,0
C01419,Postpaid,2018-06-09,2023-06-22,465,432,417,0,70.71,0,9100,0,0.136,,0
C00879,Prepaid,2020-11-10,2023-05-20,41,39,1,2,,0,9100,1,0.136,,1
C01484,Postpaid,2017-09-03,2023-05-04,395,432,414,1,62.67,0,LEU-3000,0,0.173,,0
C03780,Prepaid,2022-01-20,2023-06-30,355,360,367,3,,0,6260,0,0.0,,0
C02472,postpaid,2015-11-20,2023-06-02,357,392,387,0,53.44,0,6900,0,0.205,,0
C04456,Prepaid,2019-01-08,2023-06-22,103,105,100,1,,0,1700,0,0.342,,0
C00056,Prepaid,2014-05-21,2023-05-02,19,19,1,2,,0,1510,1,0.357,,1
C00880,Postpaid,2019-02-12,2023-06-20,266,294,287,3,38.49,0,4390,0,0.071,,0
C01319,Postpaid,2016-10-06,2023-06-02,118,131,122,1,31.58,0,3000,0,0.173,,0
C02634,Prepaid,2022-11-09,2023-06-09,96,104,103,0,,0,3000,0,0.173,,0
C04123,Postpaid,2014-06-06,2023-05-17,137,140,150,1,40.89,2,1200,0,0.116,2024-11-16,0
C01239,Postpaid,2016-02-26,2023-06-02,445,446,434,2,60.66,0,6960,0,0.359,2024-09-03,0
C01514,Prepaid,2016-04-04,2023-06-18,34,38,36,1,,0,7140,0,0.375,,0
C00136,Prepaid,2014-11-25,2023-06-15,64,57,61,0,,0,9940,0,0.214,,0
C02259,Prepaid,2020-05-26,2023-05-02,44,35,2,3,,0,3300,1,0.214,,1
C02829,Prepaid,2023-05-03,2023-05-13,34,33,36,1,,0,9160,0,0.153,,0
C04998,Postpaid,2014-07-16,2023-06-02,576,564,599,0,85.15,0,9160,0,0.153,,0
C01863,Postpaid,2021-03-30,2023-06-10,162,173,160,1,,1,9160,0,0.153,2024-08-18,0
C03929,Postpaid,2014-02-18,2023-06-26,107,113,103,1,38.53,0,7140,0,0.375,,0
C03232,Postpaid,2021-06-30,2023-06-25,1421,1598,1583,1,154.54,0,3000,0,0.173,,0
C03957,Prepaid,20/08/2020,2023-04-25,150,136,3,4,,0,1740,1,0.161,,1
C04493,Prepaid,2015-12-03,2023-06-27,65,68,71,0,,0,4750,0,0.25,,0
C01499,Postpaid,2020-06-07,2023-06-20,142,141,128,1,39.36,0,1050,0,0.278,,0
C04150,Postpaid,2016-02-26,2023-06-02,750,813,747,0,88.33,0,4180,0,0.167,,0
C04895,Postpaid,2017-06-18,2023-06-01,674,674,648,1,75.6,0,9860,0,0.132,,0
C02942,Postpaid,2014-05-14,2023-06-17,438,418,459,2,68.87,0,9160,0,0.153,,0
C00179,Postpaid,2023-03-12,2023-05-11,313,317,297,0,55.49,0,9160,0,0.153,2024-10-08,0
C02789,Postpaid,2018-01-28,2023-06-26,99,92,98,0,37.36,0,3000,0,0.173,,0
C04839,Postpaid,2022-10-11,2023-06-15,64,62,63,0,31.4,0,3000,0,0.173,,0
C03213,Postpaid,2023-01-11,2023-06-14,608,572,581,0,64.68,1,3000 Leuven,0,0.173,,0
C00301,Postpaid,2015-09-16,2023-06-02,128,137,131,2,38.5,0,3012,0,0.5,2025-06-17,0
C03276,Postpaid,2016-12-19,2023-06-22,2144,1948,1993,1,178.78,0,2670,0,0.086,,0
C01664,Prepaid,2018-01-30,2023-05-25,16,13,0,0,,0,8560,1,0.233,,1
C04740,Prepaid,2021-01-05,2023-04-26,65,57,1,1,,0,3630,1,0.286,,1
C01002,Postpaid,2018-12-09,2023-06-22,1216,1348,1442,0,125.26,2,3000,0,0.173,,0
C03262,Postpaid,2015-03-09,2023-05-27,159,177,173,2,27.56,0,6620,0,0.118,,0
C04175,Prepaid,2019-05-30,2023-05-26,95,99,105,0,,0,9160,0,0.153,,0
C03591,Postpaid,2021-09-18,2023-04-14,197,112,0,1,36.08,0,1700,1,0.342,2023-06-15,1
C00229,Postpaid,2014-10-17,2023-05-16,234,235,238,2,43.35,0,4390,0,0.071,,0
C00819,Postpaid,2016-12-21,2023-06-11,90,88,88,1,40.94,1,9100,0,0.136,,0
C00989,Prepaid,2023-02-23,2023-06-10,90,86,81,1,,0,9160,0,0.153,,0
C00030,Postpaid,2022-12-29,2023-04-16,260,119,1,3,29.91,0,3000,1,0.173,2023-06-22,1
C01658,Postpaid,2015-04-24,2023-04-19,158,80,0,3,43.37,0,2600,1,0.231,2023-06-17,1
C00562,Postpaid,2014-11-18,2023-05-05,504,575,526,3,58.24,0,3420,0,0.286,,0
C03465,Postpaid,2016-02-17,2023-06-21,56,54,51,1,25.87,1,LEU-3000,0,0.173,,0
C04908,Prepaid,2022-04-10,2023-06-20,36,35,38,0,,0,1020,0,0.235,,0
C00226,Postpaid,2015-07-09,2023-06-14,121,116,110,0,40.03,0,4390,0,0.071,,0
C04102,Postpaid,2022-05-12,2023-04-25,708,356,4,1,52.01,0,9160,1,0.153,2023-06-17,1
C04090,Postpaid,2014-05-23,2023-06-01,477,435,16,0,58.59,0,3000,1,0.173,2023-06-06,1
C04541,Prepaid,2021-10-28,2023-05-22,109,57,0,1,,0,8000,0,0.211,,1
C03444,Postpaid,2015-09-08,2023-06-12,238,226,218,0,52.38,0,1300,0,0.26,,0
C04129,Prepaid,30/03/2015,2023-06-15,107,96,92,2,,0,1700,0,0.342,,0
C03011,Prepaid,30/10/2021,2023-05-02,47,38,0,2,,0,3000 Leuven,1,0.173,,1
C00669,Prepaid,2015-03-31,2023-06-07,51,47,50,0,,0,4180,0,0.167,,0
C02944,Prepaid,2014-12-01,2023-06-08,180,195,176,1,,0,9100,0,0.136,,0
C03007,Postpaid,2021-07-08,2023-06-25,56,53,48,0,30.63,0,4390,0,0.071,,0
C04949,Postpaid,2022-06-09,2023-06-16,346,348,332,4,54.68,1,1700,0,0.342,,0
C03540,Postpaid,2017-04-07,2023-06-12,208,225,215,0,50.03,0,3000 Leuven,0,0.173,2025-01-22,0
C00152,Postpaid,2016-02-25,2023-06-19,184,193,206,1,46.44,0,3000,0,0.173,2025-04-28,0
C01803,Postpaid,2022-02-06,2023-05-29,209,179,169,3,38.83,1,3000,0,0.173,,0
C04319,Post-paid,14/06/2015,2023-05-09,336,379,359,2,54.75,0,8400,0,0.125,,0
C00703,postpaid,2014-05-04,2023-06-06,109,95,104,1,37.85,1,2060,0,0.0,,0
C04810,Postpaid,2021-10-17,2023-06-27,131,141,127,2,42.39,0,6870,0,0.28,2024-01-17,0
C01445,Postpaid,2022-10-12,2023-05-27,36,35,1,1,22.33,0,3000,1,0.173,2023-06-30,1
C02951,Postpaid,2017-05-09,2023-06-11,199,201,188,0,34.11,0,3000,0,0.173,,0
C03518,Prepaid,2023-03-14,2023-06-03,319,358,368,2,,0,9100,0,0.136,,0
C00855,Prepaid,2015-09-04,2023-05-05,43,45,47,2,,0,9160,0,0.153,,0
C01833,Postpaid,2020-12-31,2023-06-16,162,152,152,0,44.96,0,9100,0,0.136,,0
C02882,Prepaid,2018-01-29,2023-06-23,199,182,199,1,,0,9160,1,0.153,,0
C03295,Postpaid,2020-07-12,2023-05-21,261,263,282,1,43.88,1,1700,0,0.342,,0
C04639,Postpaid,2019-04-19,2023-06-08,87,84,87,0,33.5,2,2190,0,0.143,,0
C04210,PREPAID,2015-07-19,2023-05-23,102,116,105,2,,0,2260,0,0.35,,0
C02338,Postpaid,2017-02-10,2023-06-11,175,198,207,4,40.34,0,9100,0,0.136,,0
C00207,Postpaid,2015-11-12,2023-05-04,333,298,311,0,51.37,1,6140,0,0.0,,0
C01148,Prepaid,2021-10-21,2023-06-18,115,98,97,0,,0,8630,0,0.188,,0
C03137,Postpaid,2015-05-16,2023-06-12,92,99,107,1,44.98,0,3000,0,0.173,,0
C03298,Postpaid,2020-11-08,2023-04-12,139,118,6,0,39.66,0,9160,0,0.153,2023-06-11,1
C03239,Postpaid,2018-02-15,2023-05-18,304,289,16,0,51.37,1,8160,1,0.25,2023-06-28,1
C00760,Postpaid,2020-03-11,2023-05-04,312,298,295,1,60.8,0,5490,0,0.118,,0
C01246,Postpaid,2018-01-22,2023-05-16,302,320,345,1,51.67,0,1300,0,0.26,2023-09-18,0
C04085,Postpaid,2022-12-17,2023-06-05,156,143,140,0,29.81,0,9160,0,0.153,,0
C03853,postpaid,2021-12-28,2023-05-04,307,338,337,3,49.33,0,3000,0,0.173,,0
C02732,Postpaid,2020-12-09,2023-06-28,668,699,687,3,86.42,1,3000,0,0.173,,0
C03334,Postpaid,2019-08-10,2023-06-23,112,99,93,1,30.88,0, 9860,0,0.132,2023-11-21,0
C02666,Postpaid,2019-10-16,2023-05-09,328,317,322,0,58.23,1,9160,0,0.153,,0
C01983,Postpaid,2017-05-25,2023-06-06,32,28,29,2,30.66,0,5490,1,0.118,,0
C00870,Postpaid,2014-07-16,2023-06-25,99,-185,105,1,40.83,0,4370,0,0.074,,0
C01660,Postpaid,2014-12-05,2023-06-14,87,94,87,2,29.39,0,3000,0,0.173,,0
C03234,Postpaid,2023-05-07,2023-04-24,358,360,20,2,49.63,0,5700,1,0.273,2023-06-11,1
C03051,Postpaid,2017-06-07,2023-06-02,357,315,310,2,54.8,0,6620,0,0.118,,0
C04647,Postpaid,2015-11-14,2023-06-18,170,174,190,0,46.98,1,2260,0,0.35,,0
C02678,Prepaid,2018-01-28,2023-04-27,237,159,3,2,,0,5080,0,0.583,,1
C03398,Prepaid,2017-11-05,2023-06-10,41,38,36,1,,0,4370,0,0.074,,0
C03079,Prepaid,2022-12-04,2023-05-28,200,203,193,0,,0,9100,0,0.136,,0
C03986,Postpaid,2014-10-01,2023-05-22,167,153,142,1,42.21,0,8310,0,0.175,,0
C01139,Postpaid,2021-01-04,2023-06-15,262,268,252,1,49.89,1,2670,0,0.086,,0
C02695,Prepaid,2014-08-19,2023-04-07,45,48,2,1,,0,3000 Leuven,1,0.173,,1
C04236,Postpaid,2020-03-19,2023-06-23,174,154,167,1,30.26,0,2670,0,0.086,,0
C04586,Prepaid,2021-06-19,2023-06-28,60,52,55,1,,0,9160,0,0.153,,0
C04667,Postpaid,2019-08-25,2023-06-11,571,537,501,0,70.35,0,1700,0,0.342,,0
C04311,Prepaid,2021-07-14,2023-05-27,36,35,34,0,,0,3000,0,0.173,,0
C04657,Postpaid,2014-03-27,2023-06-30,359,376,358,1,51.72,0,3000,0,0.173,,0
C03370,Postpaid,2018-07-14,2023-06-30,1064,1104,1063,0,121.63,1,9770,0,0.083,2025-02-13,0
C02180,Postpaid,2018-01-13,2023-04-26,171,88,5,3,39.59,2,1050,0,0.278,2023-06-14,1
C04411,Prepaid,2021-10-13,2023-06-19,62,69,71,0,,0,9160,0,0.153,,0
C02187,Prepaid,2014-01-22,2023-06-19,53,60,57,0,,0,5700,0,0.273,,0
C02640,Postpaid,2022-09-01,2023-06-16,46,53,57,2,37.52,1,3000,0,0.173,2023-09-01,0
C04867,postpaid,2020-10-25,2023-05-07,118,113,1,2,34.98,1,9860,1,0.132,2023-06-11,1
C00417,Prepaid,2023-02-15,2023-05-02,314,231,11,2,,0,2670,0,0.086,,1
C02087,Postpaid,2021-10-09,2023-06-15,135,152,147,1,42.49,3,8310,0,0.175,,0
C04055,Prepaid,2022-03-26,2023-05-29,164,171,173,0,,0,3000 Leuven,0,0.173,,0
C03987,Prepaid,2022-01-19,2023-05-23,76,85,82,0,,0,5700,0,0.273,,0
C02755,Postpaid,2020-11-01,2023-06-28,109,95,101,2,40.22,1,3000 Leuven,0,0.173,,0
C00137,Postpaid,2017-08-23,2023-06-10,363,412,375,0,60.86,0,2670,0,0.086,,0
C01475,Postpaid,2017-08-11,2023-06-01,12,11,11,2,15.31,0,1890,0,0.235,,0
C01123,Prepaid,2017-09-05,2023-06-07,145,142,144,0,,0,9100,0,0.136,,0
C04132,Postpaid,2016-02-18,2023-06-30,778,723,745,1,70.54,0,9160,0,0.153,,0
C00026,Postpaid,2021-05-27,2023-06-13,526,591,584,1,78.17,0,3250,0,0.062,2024-01-09,0
C00658,Postpaid,2015-11-03,2023-06-03,362,397,405,2,57.85,1,9160,0,0.153,,0
C03943,Postpaid,2016-12-01,2023-06-25,418,416,419,0,61.93,1,3740,0,0.129,,0
C00450,Postpaid,2021-11-11,2023-06-13,302,2781,296,0,46.32,1,3000,0,0.173,,0
C03433,Postpaid,2021-04-23,2023-06-05,377,379,378,1,59.7,0,9160,0,0.153,2024-07-20,0
C03297,Postpaid,2023-02-18,2023-06-06,259,221,203,2,44.04,0,9160,0,0.153,,0
C03125,Prepaid,2019-05-13,2023-06-08,555,634,665,3,,0,9420,0,0.0,,0
C01402,Postpaid,2017-03-12,2023-06-26,147,159,163,1,37.98,0,6200,0,0.167,,0
C03283,Prepaid,2018-04-18,2023-06-19,16,14,14,0,,0,9160,0,0.153,,0
C01259,Postpaid,2017-11-12,2023-06-21,195,179,194,1,48.41,0,3000,0,0.173,,0
C01271,Postpaid,2020-04-03,2023-06-07,287,259,234,0,48.95,1,6200,0,0.167,,0
C02736,Prepaid,2021-04-04,2023-05-16,44,39,37,1,,0,9770,0,0.083,,0
C01450,Prepaid,2015-12-19,2023-06-20,30,30,31,1,,0,5350,0,0.214,,0
C01053,Postpaid,2019-09-11,2023-06-28,86,95,86,2,28.58,0,9160,0,0.153,,0
C02826,Postpaid,2018-05-20,2023-05-04,162,85,3,0,44.04,0,6020,1,0.167,2023-06-13,1
C02438,Postpaid,2023-02-27,2023-06-20,140,129,137,0,37.65,1,3000,0,0.173,,0
C03991,Prepaid,2014-10-23,2023-05-17,73,33,2,0,,0,9100,0,0.136,,1
C04341,Prepaid,2020-01-15,2023-05-12,40,33,2,0,,0,3000,0,0.173,,1
C00277,Postpaid,2020-11-23,2023-04-03,209,154,7,1,36.56,0,3990,1,0.4,2023-06-15,1
C02442,Postpaid,2015-08-28,2023-06-20,467,496,458,0,75.17,0,3000,0,0.173,,0
C02159,Postpaid,2021-03-17,2023-06-13,504,443,458,0,63.13,0,6020,0,0.167,2023-10-16,0
C00589,Prepaid,2022-11-03,2023-06-05,321,274,262,1,,0,7970,0,0.125,,0
C02208,Prepaid,2022-09-08,2023-06-02,48,45,45,0,,0,3660,0,0.235,,0
C00971,Postpaid,2014-06-05,2023-06-19,193,186,184,0,37.56,0,2060,0,0.0,,0
C03185,Postpaid,2015-12-14,2023-06-20,155,157,169,0,34.57,2,2670,0,0.086,,0
C02709,Postpaid,2019-09-23,2023-06-21,83,91,93,2,33.87,0,3650,0,0.0,2025-06-09,0
C04241,Postpaid,2021-01-13,2023-06-20,391,379,412,0,53.93,0,1200,0,0.116,,0
C03335,Postpaid,2020-09-26,2023-05-04,395,437,448,1,54.84,0,1880,0,0.0,,0
C01760,Prepaid,2021-09-26,2023-05-07,12,7,0,3,,0,5080,1,0.583,,1
C02182,Postpaid,2020-01-03,2023-06-14,219,211,199,1,52.58,0,7500,1,0.079,,0
C03758,Prepaid,2016-12-08,2023-06-12,47,44,43,0,,0,1670,0,0.125,,0
C04264,Postpaid,2022-07-01,2023-06-08,117,108,98,0,26.12,0,6900,0,0.205,2025-07-13,0
C02273,Prepaid,2021-08-03,2023-06-09,68,70,73,1,,0,7650,0,0.182,,0
C03826,Prepaid,2022-07-30,2023-06-05,28,26,1,1,,0,3000,1,0.173,,1
C00928,Prepaid,2022-08-05,2023-04-10,90,54,0,5,,0,9800,1,0.2,,1
C03227,Postpaid,2014-09-29,2023-06-02,213,187,180,0,42.41,0,5610,0,0.2,,0
C03069,Postpaid,2018-03-22,2023-06-22,156,178,173,0,32.56,0,1200,0,0.116,,0
C00793,Prepaid,2015-01-16,2023-05-29,92,79,4,2,,0,5870,0,0.167,,1
C00025,Prepaid,2018-03-13,2023-06-02,37,38,39,3,,0,3000,0,0.173,,0
C04955,Postpaid,2017-04-03,2023-06-30,192,192,173,1,34.64,0,LEU-3000,0,0.173,,0
C00444,Postpaid,2017-10-09,2023-06-10,171,155,151,0,43.17,1,2670,0,0.086,,0
C04247,Prepaid,2014-10-16,2023-06-22,92,88,85,4,,0,2360,1,0.0,,0
C04873,Postpaid,2021-08-05,2023-06-30,514,576,615,0,78.79,1,4370,0,0.074,2025-05-29,0
C02143,Postpaid,2020-06-22,2023-06-09,152,143,156,2,43.25,1,6900,0,0.205,,0
C00755,Postpaid,2015-03-25,2023-06-05,347,391,387,1,54.23,1,9160,0,0.153,2025-03-02,0
C02266,Postpaid,2019-04-21,2023-06-21,94,99,95,0,29.98,0,4990,0,0.333,2023-12-20,0
C01048,Postpaid,2016-02-11,2023-06-01,231,200,200,0,38.78,1,4390,0,0.071,,0
C00781,Postpaid,2015-08-19,2023-06-26,110,126,138,0,39.64,0,5600,0,0.143,,0
C00901,Prepaid,2016-08-31,2023-06-01,101,83,3,0,,0,3000,1,0.173,,1
C03036,Postpaid,2020-09-29,2023-06-18,648,595,603,0,69.25,0,1690,0,0.167,2025-04-11,0
C01953,Postpaid,2021-11-10,2023-06-03,62,68,62,0,29.07,0,2150,0,0.094,,0
C02761,Postpaid,2020-09-26,2023-04-17,83,48,0,0,28.35,2,1400,1,0.429,2023-06-22,1
C01198,Postpaid,19/08/2014,2023-06-11,153,170,179,0,,0,7670,0,0.333,,0
C00101,Postpaid,2017-04-10,2023-06-14,260,288,262,0,53.77,0,9160,0,0.153,,0
C01050,Postpaid,2015-08-31,2023-04-07,109,92,1,4,26.53,2,6900,1,0.205,2023-06-30,1
C01628,Prepaid,2019-12-29,2023-06-05,32,29,27,2,,0,9160,1,0.153,,0
C04902,Prepaid,2020-01-21,2023-06-28,28,26,27,0,,0,2070,0,0.312,,0
C02832,Prepaid,2015-06-29,2023-06-05,17,16,16,0,,0,2230,0,0.421,,0
C03801,Postpaid,2014-11-01,2023-05-21,118,131,135,0,40.01,1,2230,0,0.421,,0
C02444,Postpaid,2016-09-16,2023-05-27,1192,1355,1456,2,127.9,1,9160,0,0.153,,0
C01272,Prepaid,2017-06-20,2023-04-04,64,47,1,2,,0,3740,0,0.129,,1
C04779,Postpaid,2018-05-26,2023-06-06,161,163,147,0,41.13,0,9160,0,0.153,2025-02-03,0
C02749,Postpaid,2015-03-07,2023-05-26,191,203,190,0,42.42,0,4390,0,0.071,2024-09-27,0
C00767,Prepaid,2019-07-08,2023-05-29,107,70,2,2,,0,1890,1,0.235,,1
C01890,Postpaid,2023-03-31,2023-06-04,126,124,136,0,31.92,0,9160,0,0.153,,0
C03661,Postpaid,2021-12-19,2023-06-24,130,112,113,1,35.29,1,7450,0,0.0,2024-11-11,0
C03061,Postpaid,2017-07-28,2023-06-30,110,121,124,1,34.81,1,3570,0,0.25,,0
C00169,PREPAID,2017-04-07,2023-06-08,69,71,69,1,,0,4890,0,0.136,,0
C00074,Prepaid,2018-10-16,2023-06-24,67,75,75,0,,0,9420,0,0.0,,0
C02654,Prepaid,2016-10-09,2023-06-04,110,100,107,1,,0,9100,0,0.136,,0
C02417,Postpaid,2019-06-20,2023-05-15,342,239,1,0,40.44,1,8310,1,0.175,2023-06-15,1
C02986,Postpaid,2016-12-27,2023-06-26,249,218,218,1,48.87,0,9110,0,0.0,,0
C01884,Prepaid,2021-11-09,2023-06-03,550,476,493,1,,0,2000,0,0.182,,0
C04045,Postpaid,2022-07-23,2023-06-08,350,390,374,0,53.39,0,9160,0,0.153,,0
C02167,Postpaid,2021-06-21,2023-05-07,390,444,402,1,72.61,1,9100,0,0.136,,0
C02569,Postpaid,2016-11-24,2023-06-08,116,117,107,3,46.34,1,3000,0,0.173,,0
C00993,Postpaid,2020-05-28,2023-06-10,1574,1560,1652,0,146.35,0,3000,0,0.173,,0
C03217,Prepaid,2017-12-27,2023-05-27,93,90,85,0,,0,1850,0,0.2,,0
C01906,Postpaid,2018-07-09,2023-06-20,58,51,48,1,24.85,0,9100,0,0.136,,0
C03087,Postpaid,2017-06-28,2023-04-30,102,93,2,1,31.99,1,6900,1,0.205,2023-06-11,1
C01385,Prepaid,2020-04-07,2023-06-26,54,59,60,0,,0,9160,0,0.153,,0
C03442,Postpaid,2016-04-27,2023-06-10,178,173,183,2,47.46,0,8630,0,0.188,,0
C01739,Postpaid,2021-07-01,2023-05-17,403,454,454,0,64.46,0,3000,0,0.173,,0
C04753,Postpaid,2018-07-30,2023-06-20,544,608,653,0,79.35,0,9770,0,0.083,,0
C01504,Prepaid,2016-06-26,2023-05-19,16,16,1,0,,0,3680,1,0.4,,1
C02565,Prepaid,2021-01-27,2023-06-20,29,-11,31,0,,0,9100,0,0.136,,0
C01632,Prepaid,2015-08-31,2023-05-11,72,40,1,1,,0,4370,1,0.074,,1
C03725,Prepaid,2022-09-13,2023-06-13,41,47,51,0,,0,5120,0,0.0,,0
C02103,Prepaid,2022-09-10,2023-04-20,130,68,4,4,,0,3000,1,0.173,,1
C00267,Prepaid,2016-08-03,2023-06-11,83,89,91,0,,0,1300,0,0.26,,0
C01034,Postpaid,2021-11-25,2023-06-29,123,111,103,1,35.41,0,2670,0,0.086,,0
C02632,Postpaid,2014-07-05,2023-06-15,85,73,69,4,27.19,0,1310,0,0.143,,0
C03587,Postpaid,2018-08-26,2023-06-14,38,35,38,1,26.58,0,LEU-3000,0,0.173,,0
C02586,Prepaid,2018-10-09,2023-05-13,70,62,1,1,,0,1700,0,0.342,,1
C01845,Prepaid,2021-03-01,2023-06-18,56,60,60,2,,0,1400,0,0.429,,0
C04976,Prepaid,2021-05-23,2023-05-21,49,52,56,0,,0,9740,0,0.174,,0
C04745,Postpaid,2017-01-09,2023-06-30,152,148,158,1,33.58,0,9160,0,0.153,,0
C02215,Prepaid,2014-03-01,2023-06-05,157,168,155,3,,0,2670,0,0.086,,0
C00145,Postpaid,2019-05-02,2023-06-25,313,321,300,1,48.63,1,9160,0,0.153,,0
C04428,Postpaid,2021-02-26,2023-06-13,149,160,162,1,38.35,1,8500,0,0.143,,0
C03960,PREPAID,2021-03-10,2023-05-25,50,45,46,0,,0,1700,0,0.342,,0
C04344,Prepaid,2019-07-17,2023-05-24,232,208,211,0,,0,4750,0,0.25,,0
C04470,Postpaid,2019-03-17,2023-06-16,651,603,619,3,85.08,1,9160,0,0.153,,0
C04477,postpaid,2022-08-05,2023-06-21,212,242,235,2,43.79,0,9160,0,0.153,,0
C02548,Postpaid,2021-05-04,2023-05-22,217,131,1,1,28.71,2,1690,1,0.167,2023-06-22,1
C00321,Postpaid,2023-01-21,2023-05-12,301,206,0,3,40.09,1,4750,0,0.25,2023-06-25,1
C04733,Postpaid,2021-06-28,2023-05-20,253,242,264,1,44.47,0,4370,0,0.074,2023-10-12,0
C01588,Postpaid,2017-03-30,2023-06-17,346,397,416,2,60.15,0,1700,0,0.342,,0
C01585,Prepaid,2018-03-15,2023-05-19,722,825,862,1,,0,8000,0,0.211,,0
C03574,Postpaid,2016-11-24,2023-05-17,77,87,83,2,39.21,2,3000,0,0.173,,0
C03700,Prepaid,2020-01-12,2023-05-25,180,202,191,1,,0,3800,0,0.083,,0
C02283,Prepaid,2017-03-13,2023-05-04,62,69,70,0,,0,5210,0,0.0,,0
C04527,Prepaid,2019-04-03,2023-06-26,92,99,89,0,,0,9160,0,0.153,,0
C01011,Postpaid,2018-03-08,2023-06-16,274,292,286,1,59.26,1,6960,0,0.359,,0
C03914,Postpaid,2020-10-29,2023-05-03,81,85,85,0,35.38,0,1700,0,0.342,,0
C03025,Prepaid,2022-08-07,2023-06-19,45,39,42,0,,0,2670,0,0.086,,0
C03997,Prepaid,2019-05-04,2023-06-15,63,63,61,0,,0,4370,0,0.074,,0
C00192,Post-paid,2019-06-04,2023-06-24,52,51,48,3,30.71,0,6900,0,0.205,,0
C01176,Postpaid,2018-09-25,2023-06-22,736,694,705,1,69.61,0,LEU-3000,1,0.173,2024-03-20,0
C04532,Prepaid,15/09/2015,2023-06-03,21,13,0,2,,0,8000,1,0.211,,1
C01691,Prepaid,2021-07-05,2023-05-09,276,179,1,2,,0,6960,1,0.359,,1
C01281,Postpaid,2023-04-02,2023-06-22,200,219,221,2,44.7,0,9860,0,0.132,,0
C03351,Postpaid,2019-01-12,2023-05-15,36,32,30,1,35.57,0,9040,0,0.3,,0
C02233,Prepaid,2016-09-13,2023-06-29,10,9,8,1,,0,4180,0,0.167,,0
C00688,Prepaid,2019-08-10,2023-06-19,125,114,109,0,,0,6990,0,0.0,,0
C00639,Prepaid,2018-11-25,2023-06-17,30,27,28,1,,0,4750,0,0.25,,0
C00570,Prepaid,2019-10-18,2023-05-16,79,61,2,1,,0,3000,1,0.173,,1
C03655,Postpaid,2022-08-17,2023-06-18,57,64,64,2,35.74,0,3001,0,0.0,,0
C00934,Postpaid,2019-05-23,2023-06-10,154,151,151,0,37.59,0,9160,0,0.153,,0
C01170,Postpaid,2014-02-09,2023-06-06,181,168,182,1,47.94,0,9100,0,0.136,,0
C01361,Postpaid,2015-05-29,2023-06-27,42,45,44,0,30.09,0,3660,0,0.235,,0
C04630,Prepaid,2014-06-19,2023-05-18,129,74,1,1,,0,4750,0,0.25,,1
C03288,Prepaid,2019-08-29,2023-06-25,59,54,57,2,,0,4390,0,0.071,,0
C03463,Postpaid,2018-12-22,2023-05-30,508,528,498,0,70.39,1,2018,0,0.333,2024-03-15,0
C01823,Postpaid,2016-06-07,2023-06-08,85,78,85,0,49.84,0,9160,0,0.153,2024-04-01,0
C02791,Postpaid,2017-05-29,2023-06-01,250,281,304,0,50.54,0,2520,0,0.286,,0
C00197,Postpaid,2018-08-20,2023-06-19,560,537,585,1,,0,5590,0,0.0,2024-03-05,0
C04592,Postpaid,2017-10-11,2023-05-10,199,197,208,2,43.97,0,5260,0,0.111,,0
C03090,Postpaid,2020-02-23,2023-06-19,553,553,502,1,76.62,0,2520,0,0.286,,0
C03786,Postpaid,2016-02-29,2023-06-02,170,190,191,3,41.18,0,4680,0,0.2,,0
C02429,postpaid,2017-11-20,2023-05-17,311,320,294,0,60.77,2,2670,1,0.086,,0
C02076,Postpaid,2021-11-17,2023-06-02,36,21,1,1,25.69,1,4370,1,0.074,2023-06-02,1
C04492,Prepaid,2021-06-30,2023-05-07,74,65,62,1,,0,9160,0,0.153,,0
C01706,Postpaid,2015-06-20,2023-05-31,831,843,831,0,95.53,0,2070,0,0.312,,0
C00148,Postpaid,2021-10-26,2023-06-04,524,526,504,0,71.16,1,LEU-3000,0,0.173,,0
C00798,Postpaid,2017-09-26,2023-06-10,52,51,51,1,45.61,0,6900,0,0.205,,0
C01751,Prepaid,2017-12-29,2023-04-22,47,48,3,1,,0,7980,0,0.222,,1
C00624,Postpaid,2018-05-04,2023-06-01,860,812,819,0,87.03,0,9100,0,0.136,,0
C02287,Postpaid,2019-07-09,2023-06-11,225,254,274,3,32.64,0,1700,0,0.342,,0
C04068,Postpaid,2014-11-26,2023-06-27,70,74,79,2,38.12,0,1070,0,0.2,,0
C02029,Postpaid,2020-07-22,2023-04-11,494,376,10,0,53.59,1,6900,1,0.205,2023-06-10,1
C01474,Prepaid,2018-01-18,2023-06-15,202,200,213,0,,0,8560,0,0.233,,0
C00723,Postpaid,2020-06-21,2023-04-12,139,81,0,4,26.23,0,1300,0,0.26,2023-06-08,1
C01362,Postpaid,2021-01-24,2023-06-03,784,425,3,4,55.35,0,1700,1,0.342,2023-06-09,1
C00107,Postpaid,2022-08-11,2023-06-01,411,429,405,0,62.96,0,4370,0,0.074,,0
C04447,Postpaid,2021-02-14,2023-06-26,125,125,133,2,46.22,0,8630,1,0.188,,0
C04747,Postpaid,2014-04-18,2023-06-03,91,94,95,0,32.94,0,LEU-3000,0,0.173,,0
C04486,Postpaid,2022-02-14,2023-06-29,72,82,88,1,37.22,1,8310,0,0.175,2024-07-18,0
C03053,Postpaid,2018-09-23,2023-06-06,290,322,313,0,55.06,0,4390,0,0.071,,0
C01473,Postpaid,2020-07-20,2023-06-14,164,145,144,0,42.45,0,6430,0,0.188,,0
C01118,Postpaid,2015-04-16,2023-05-28,67,74,70,1,27.46,0,1080,0,0.381,,0
C00555,Postpaid,2014-09-28,2023-06-20,58,57,62,0,21.94,0,7190,0,0.429,,0
C00300,Prepaid,2017-07-03,2023-06-30,47,41,43,0,,0,3000,0,0.173,,0
C00171,Postpaid,2023-02-15,2023-04-08,197,107,6,0,43.61,0,3000,1,0.173,2023-06-05,1
C03327,Postpaid,2021-08-03,2023-06-23,280,295,311,2,48.25,0,9160,0,0.153,2025-07-07,0
C03804,Prepaid,15/12/2019,2023-06-21,106,103,106,2,,0,3000,0,0.173,,0
C03675,Prepaid,2017-07-01,2023-05-24,34,32,32,0,,0,2670,0,0.086,,0
C01277,Prepaid,2017-12-08,2023-04-11,77,69,2,3,,0,9900,1,0.333,,1
C02355,Postpaid,2015-02-13,2023-06-25,65,69,70,1,33.02,0,2240,0,0.091,2024-01-07,0
C03620,Prepaid,2016-10-22,2023-05-17,234,217,227,0,,0, 1200,0,0.116,,0
C00416,Postpaid,2016-10-21,2023-06-28,196,-182,226,2,56.14,0,4290,0,0.0,,0
C04525,Prepaid,2021-02-07,2023-05-26,43,27,0,3,,0,1700,0,0.342,,1
C04283,Prepaid,2019-01-09,2023-05-03,69,75,78,1,,0,6900,0,0.205,,0
C03054,Postpaid,2021-11-08,2023-05-06,141,130,1,2,41.77,0,3200,0,0.222,2023-06-14,1
C03924,Postpaid,2014-04-02,2023-04-20,374,387,3,3,48.82,1,6900,1,0.205,2023-06-08,1
C01840,Prepaid,2015-06-13,2023-06-13,25,25,27,1,,0,9100,0,0.136,,0
C02957,Postpaid,2014-03-12,2023-06-02,145,142,130,0,43.03,0,1500,0,0.0,,0
C02318,Prepaid,2023-03-14,2023-04-05,378,235,14,1,,0,8540,0,0.125,,1
C02916,Postpaid,2015-09-24,2023-06-14,408,422,397,3,62.84,0,9100,0,0.136,,0
C00631,Postpaid,2020-07-21,2023-04-05,686,348,11,2,43.72,1,2150,1,0.094,2023-06-08,1
C00163,Postpaid,2014-10-11,2023-06-14,253,270,277,0,52.74,0,5690,1,0.0,,0
C00414,Prepaid,2015-03-04,2023-04-24,454,289,4,6,,0,1300,1,0.26,,1
C01074,postpaid,2021-10-11,2023-06-05,544,473,514,1,59.15,1,3740,0,0.129,,0
C02018,Postpaid,2019-07-16,2023-06-09,88,95,87,1,41.48,0,7180,0,0.143,,0
C00877,Prepaid,2020-04-28,2023-06-18,83,88,88,1,,0,6790,0,0.0,,0
C00818,Prepaid,2015-05-03,2023-05-24,19,12,0,1,,0,1890,1,0.235,,1
C02256,Prepaid,2018-08-19,2023-06-02,51,52,47,0,,0,4380,0,0.125,,0
C02735,Postpaid,2020-08-21,2023-05-11,412,229,9,2,46.67,0,5350,1,0.214,2023-06-27,1
C00873,Postpaid,2022-10-28,2023-06-27,393,341,351,1,47.21,0,8360,0,0.1,2024-01-02,0
C04342,Prepaid,2016-07-02,2023-06-03,66,70,65,0,,0,9100,0,0.136,,0
C03684,Postpaid,2019-12-15,2023-06-05,71,69,70,4,33.01,1,6170,0,0.0,,0
C00230,Prepaid,2019-12-09,2023-05-17,69,64,3,0,,0,9160,0,0.153,,1
C00907,Postpaid,2018-02-26,2023-05-15,102,90,85,2,30.86,1,3050,0,0.111,,0
C02057,Prepaid,2015-06-16,2023-05-15,106,104,115,1,,0,5700,0,0.273,,0
C00897,Postpaid,2014-01-30,2023-06-03,207,213,196,25,44.75,2,3450,0,0.214,,0
C03872,Postpaid,2015-06-11,2023-06-14,502,517,504,1,75.37,1,4290,0,0.0,,0
C02154,Prepaid,2019-08-28,2023-05-28,69,74,78,2,,0,2440,0,0.167,,0
C00792,Prepaid,2016-05-11,2023-06-28,128,140,142,0,,0,1700,0,0.342,,0
C01911,Prepaid,2016-12-04,2023-06-09,47,47,50,0,,0,3000 Leuven,0,0.173,,0
C01328,Postpaid,2015-02-23,2023-06-21,410,456,433,0,74.63,0,9160,0,0.153,,0
C02309,Prepaid,2015-07-10,2023-06-24,122,136,129,1,,0,8560,0,0.233,,0
C02877,Postpaid,2020-02-11,2023-06-08,244,245,222,2,54.14,0,2470,0,0.0,,0
C00699,PREPAID,2023-03-18,2023-05-14,8,4,0,0,,0,1700,1,0.342,,1
C03084,Prepaid,2020-02-13,2023-06-04,133,91,1,1,,0,1070,1,0.2,,1
C03081,Prepaid,2021-05-22,2023-06-28,44,43,46,0,,0,1300,0,0.26,,0
C01718,Postpaid,2021-06-28,2023-05-27,141,70,4,2,32.81,1,1700,1,0.342,2023-06-15,1
C02580,postpaid,2015-02-08,2023-06-28,210,222,232,1,49.06,0,4370,0,0.074,,0
C00895,Postpaid,2017-04-27,2023-06-15,166,183,166,1,50.18,1,1300,0,0.26,,0
C03021,Prepaid,2017-10-15,2023-04-10,55,26,1,1,,0,9160,1,0.153,,1
C03542,Postpaid,2016-11-26,2023-06-26,559,597,575,1,80.59,0,3000,0,0.173,,0
C04154,Prepaid,2017-09-22,2023-05-24,172,166,3,2,,0,7000,1,0.429,,1
C01980,Prepaid,2017-09-20,2023-06-18,58,57,54,1,,0,9160,0,0.153,,0
C01058,Prepaid,2017-12-11,2023-04-25,24,25,1,2,,0,1510,1,0.357,,1
C03310,Postpaid,2016-07-06,2023-04-18,16,12,0,1,31.65,0,6870,1,0.28,2023-06-06,1
C03519,Prepaid,2020-06-13,2023-06-28,284,299,317,0,,0,9940,0,0.214,,0
C02331,Postpaid,2017-01-14,2023-06-09,1473,1581,1523,0,162.63,0,3550,0,0.0,,0
C03659,Prepaid,2016-02-18,2023-04-28,175,140,8,4,,0,1480,1,0.375,,1
C00093,Prepaid,2019-06-24,2023-06-15,68,63,66,1,,0,3250,0,0.062,,0
C01235,Postpaid,2014-03-18,2023-06-02,105,94,87,0,29.22,1,7180,0,0.143,,0
C01014,Prepaid,2019-02-06,2023-05-05,49,30,0,1,,0,1700,1,0.342,,1
C03864,Prepaid,2019-02-01,2023-06-27,107,112,109,0,,0,9200,0,0.222,,0
C00948,Postpaid,2016-06-03,2023-05-05,363,371,393,1,61.98,0,9160,0,0.153,,0
C01794,Prepaid,2016-05-21,2023-06-17,36,40,39,3,,0,1690,0,0.167,,0
C00191,Postpaid,2021-01-07,2023-06-01,191,169,169,0,40.19,2,6900,0,0.205,,0
C01532,Postpaid,2020-04-16,2023-05-23,351,328,2,2,49.78,0,3800,1,0.083,2023-06-17,1
C02683,Postpaid,2017-03-24,2023-05-20,724,808,763,0,82.31,0,9160,0,0.153,2024-03-26,0
C02813,Prepaid,2018-12-02,2023-06-07,239,274,265,1,,0,9770,0,0.083,,0
C03895,Postpaid,2020-02-27,2023-06-26,584,628,655,1,82.62,0,4370,0,0.074,,0
C03589,Postpaid,2022-02-10,2023-05-24,75,79,0,3,28.55,0,6200,1,0.167,2023-06-29,1
C04820,Postpaid,2019-01-03,2023-05-16,148,154,159,3,45.72,0,7500,0,0.079,,0
C03177,Prepaid,2018-04-30,2023-06-01,147,148,150,1,,0,1560,1,0.0,,0
C02112,Postpaid,2019-03-02,2023-04-07,231,116,6,1,40.95,0,1080,1,0.381,2023-06-29,1
C04773,Prepaid,2015-07-21,2023-06-01,274,275,293,2,,0,1300,0,0.26,,0
C00106,Postpaid,2023-03-09,2023-06-24,446,512,525,0,72.13,0,2360,1,0.0,,0
C03414,Postpaid,2018-06-02,2023-05-29,286,267,256,0,54.55,0,4390,0,0.071,,0
C02802,Postpaid,2022-01-16,2023-05-20,112,127,121,1,,0,2670,0,0.086,,0
C01964,Prepaid,2016-02-23,2023-05-23,32,36,39,1,,0,1300,0,0.26,,0
C02302,Prepaid,2021-01-06,2023-06-05,429,471,476,1,,0,5700,0,0.273,,0
C00775,Prepaid,2021-07-28,2023-05-16,55,52,1,1,,0,6960,1,0.359,,1
C01233,Prepaid,2015-08-12,2023-06-04,209,223,232,1,,0,8290,0,0.0,,0
C00859,Prepaid,2018-08-13,2023-06-14,340,323,342,0,,0,2670,0,0.086,,0
C03155,Prepaid,2014-10-03,2023-06-25,187,193,203,3,,0,1070,0,0.2,,0
C04594,Postpaid,2016-01-08,2023-06-23,937,931,977,1,82.18,0,1070,1,0.2,,0
C04990,Postpaid,2019-04-24,2023-06-05,190,170,163,2,34.22,0,3660,0,0.235,,0
C03431,Postpaid,2014-01-04,2023-06-10,846,792,739,0,85.65,0,3270,0,0.0,2025-05-26,0
C04161,Prepaid,2022-03-30,2023-06-10,303,292,300,2,,0,9160,0,0.153,,0
C04371,Postpaid,2017-03-15,2023-06-16,815,793,847,0,86.68,0,3000,1,0.173,,0
C00726,Prepaid,2019-07-06,2023-06-02,93,87,82,1,,0,3000,0,0.173,,0
C01680,Postpaid,2019-09-02,2023-05-28,86,95,102,1,33.23,0,8500,0,0.143,,0
C02202,Postpaid,2018-03-03,2023-06-08,135,116,119,1,44.98,1,1700,0,0.342,,0
C03944,Prepaid,2015-08-11,2023-05-01,94,44,2,1,,0,1890,1,0.235,,1
C01364,Postpaid,2015-12-30,2023-06-25,232,220,202,1,48.71,1,9940,0,0.214,,0
C00411,Postpaid,2020-03-15,2023-05-20,56,54,52,2,23.86,0,9770,0,0.083,2025-01-30,0
C00831,Prepaid,2014-03-02,2023-05-27,81,78,3,2,,0,8310,0,0.175,,1
C03782,Postpaid,2022-05-14,2023-05-17,28,28,29,1,30.65,0,4180,0,0.167,,0
C00913,Postpaid,2021-10-03,2023-06-28,304,285,258,0,55.09,1,2670,0,0.086,,0
C02093,Prepaid,2022-01-21,2023-06-22,112,104,103,3,,0,6820,0,0.0,,0
C00391,Prepaid,2018-02-11,2023-06-06,171,194,207,1,,0,9160,0,0.153,,0
C04819,Postpaid,2020-09-17,2023-06-12,509,554,589,1,61.99,0,9100,0,0.136,,0
C04358,Postpaid,2016-02-22,2023-06-04,91,94,85,1,36.35,0,1050,0,0.278,,0
C02244,Postpaid,2018-10-06,2023-04-08,236,186,10,3,40.15,2,3000,0,0.173,2023-06-17,1
C03124,Prepaid,2014-03-07,2023-05-23,118,101,105,0,,0,3000,0,0.173,,0
C03122,Postpaid,2018-01-15,2023-06-17,429,447,486,1,63.2,0,4180,0,0.167,,0
C03958,Postpaid,2014-10-15,2023-06-14,429,426,454,0,64.86,2,8490,0,0.143,2024-01-20,0
C00719,Prepaid,2015-11-11,2023-06-25,29,28,25,0,,0,3000,0,0.173,,0
C03453,Prepaid,2019-03-01,2023-06-05,175,194,208,2,,0,4900,1,0.167,,0
C02441,Postpaid,2017-05-12,2023-04-06,55,49,1,3,42.43,0,3070,0,0.25,2023-06-22,1
C03257,Postpaid,2018-11-29,2023-05-14,550,585,552,1,70.75,0,9160,0,0.153,,0
C03109,Postpaid,2018-11-12,2023-06-17,140,147,138,0,40.71,0,3060,0,0.286,,0
C03412,Prepaid,2016-02-07,2023-05-22,321,303,281,0,,0,3660,0,0.235,,0
C03049,Prepaid,2019-03-06,2023-06-27,23,25,25,0,,0,6900,0,0.205,,0
C00421,Postpaid,2017-09-22,2023-05-17,309,290,270,1,36.65,0,9100,0,0.136,,0
C02198,Postpaid,2017-06-16,2023-04-07,294,184,10,2,40.93,0,4890,1,0.136,2023-06-04,1
C04106,Postpaid,2023-01-07,2023-05-10,127,123,117,0,40.14,0,6280,0,0.0,,0
C03878,Postpaid,2023-01-14,2023-04-09,271,196,7,2,,0,9100,1,0.136,2023-06-25,1
C03913,Postpaid,2014-08-21,2023-06-25,264,271,261,0,52.16,0,3250,0,0.062,2025-05-03,0
C03118,Prepaid,2015-10-29,2023-06-27,907,1017,998,1,,0,5350,0,0.214,,0
C01938,Postpaid,2019-06-05,2023-06-29,238,225,203,3,47.9,0,9160,0,0.153,,0
C01120,Prepaid,2021-01-11,2023-06-04,28,28,1,1,,0,1200,1,0.116,,1
C04116,Postpaid,2023-04-01,2023-06-06,835,881,859,2,92.78,0,3000,0,0.173,,0
C00535,Postpaid,2023-01-12,2023-05-18,84,40,1,1,38.19,0,3000,0,0.173,2023-06-22,1
C00549,Prepaid,2015-08-18,2023-05-28,184,175,183,1,,0,6960,0,0.359,,0
C00299,Postpaid,2017-03-25,2023-05-29,1027,1140,1067,0,108.09,0,1030,0,0.1,,0
C03363,Postpaid,2016-07-01,2023-06-22,938,841,872,1,82.13,1,9100,0,0.136,2024-05-25,0
C03730,Prepaid,2022-08-21,2023-06-11,99,90,90,2,,0,7670,0,0.333,,0
C02171,Postpaid,2022-11-24,2023-06-01,358,390,383,1,60.54,0,3290,0,0.143,,0
C01386,Postpaid,2020-03-19,2023-06-01,329,204,7,5,48.0,0,9160,1,0.153,2023-06-23,1
C03208,postpaid,2020-03-14,2023-06-05,858,846,923,1,96.73,0,1270,0,0.167,,0
C03136,Postpaid,2018-01-05,2023-05-20,35,30,1,0,25.89,1,9160,0,0.153,2023-06-18,1
C03900,Postpaid,2019-10-18,2023-05-16,215,231,243,1,36.59,0,5350,0,0.214,,0
C04934,Prepaid,2015-09-26,2023-06-20,150,141,144,2,,0,3000,0,0.173,,0
C04185,Prepaid,2023-01-31,2023-06-28,24,26,24,1,,0,4180,0,0.167,,0
C03159,Postpaid,2023-04-10,2023-06-21,347,311,339,3,41.93,0,1510,0,0.357,,0
C00098,Postpaid,2014-03-28,2023-06-26,683,706,722,1,78.16,0,3000 Leuven,0,0.173,2023-12-11,0
C02100,Prepaid,2017-06-16,2023-06-14,218,207,214,0,,0,3000,0,0.173,,0
C04606,Postpaid,2019-02-24,2023-06-15,317,357,358,1,49.73,0,1700,0,0.342,,0
C02260,Postpaid,2022-04-09,2023-06-12,407,409,391,0,60.76,0,9160,0,0.153,,0
C04800,Postpaid,2020-02-20,2023-06-17,181,186,204,2,52.54,0,9100,0,0.136,,0
C01970,PREPAID,2015-11-26,2023-06-19,213,186,182,0,,0,6870,0,0.28,,0
C02795,Prepaid,2018-02-13,2023-06-06,101,101,96,1,,0,LEU-3000,0,0.173,,0
C01046,Prepaid,2017-12-18,2023-04-23,160,81,2,1,,0,7480,1,0.167,,1
C00940,Prepaid,2022-05-14,2023-04-19,16,7,0,1,,0,2260,1,0.35,,1
C03671,Prepaid,2015-01-22,2023-06-14,172,171,155,1,,0,9160,0,0.153,,0
C00608,Postpaid,2014-07-25,2023-05-14,89,86,79,0,28.29,0,3000,0,0.173,,0
C02527,Postpaid,2018-06-16,2023-06-02,590,619,588,1,70.84,0,1300,0,0.26,,0
C02540,Postpaid,2018-04-27,2023-06-14,153,137,145,0,30.75,0,9160,0,0.153,,0
C01071,Postpaid,2015-06-10,2023-05-19,111,118,129,1,45.37,0, 5290,0,0.171,,0
C00297,Postpaid,2020-01-18,2023-06-10,156,154,150,0,30.59,0,5350,0,0.214,,0
C00050,Prepaid,2016-04-28,2023-06-23,41,36,37,0,,0,3000,0,0.173,,0
C00225,Prepaid,2019-03-06,2023-06-02,365,318,308,0,,0,8560,0,0.233,,0
C01775,Postpaid,2017-10-28,2023-05-24,151,89,1,4,25.34,0,1300,1,0.26,2023-06-02,1
C01244,Postpaid,05/02/2023,2023-06-11,127,146,144,1,43.43,0,3070,1,0.25,,0
C03280,Postpaid,2017-02-17,2023-06-10,52,48,46,0,34.7,0,3000,0,0.173,2023-11-16,0
C01922,Prepaid,2022-08-30,2023-06-07,47,42,41,1,,0,9160,0,0.153,,0
C00851,Postpaid,2022-11-29,2023-06-05,57,32,0,5,32.98,0,1850,0,0.2,2023-06-16,1
C01226,Postpaid,2022-09-20,2023-06-09,93,101,91,1,40.42,0,2670,0,0.086,2025-07-15,0
C04659,Postpaid,2016-04-26,2023-06-27,1245,1383,1510,2,139.05,1,1300,0,0.26,,0
C02853,Prepaid,2014-08-14,2023-06-11,440,423,463,0,,0,8000,0,0.211,,0
C04701,Post-paid,2015-06-21,2023-06-02,194,211,205,1,42.47,0,9860,0,0.132,,0
C03318,Postpaid,2018-12-27,2023-06-25,217,231,249,0,48.95,0,3660,0,0.235,,0
C00443,Postpaid,2015-02-01,2023-06-01,69,77,78,2,37.28,0,9160,0,0.153,,0
C02473,Postpaid,2019-12-16,2023-05-28,161,162,157,1,42.44,0,2670,1,0.086,,0
C02588,Prepaid,2014-10-11,2023-06-13,255,255,234,27,,0,7990,0,0.2,,0
C02816,Postpaid,2021-06-14,2023-06-12,267,264,253,1,43.53,0,1300,1,0.26,,0
C02917,Postpaid,2017-02-03,2023-05-14,183,155,149,0,43.73,0,9160,0,0.153,,0
C00188,Prepaid,2015-12-27,2023-06-19,98,101,93,1,,0,3570,0,0.25,,0
C04503,Prepaid,2019-10-06,2023-06-30,36,38,38,1,,0,2670,0,0.086,,0
C02800,Post-paid,2020-04-20,2023-05-09,646,649,671,0,72.01,0,6280,0,0.0,,0
C03904,Postpaid,2019-08-07,2023-05-02,434,245,3,1,50.49,0,1070,1,0.2,2023-06-12,1
C04076,Postpaid,2014-07-01,2023-06-09,348,396,409,2,54.1,0,3250,0,0.062,,0
C00462,Postpaid,2023-04-19,2023-06-29,177,171,176,1,44.75,1,6860,0,0.278,,0
C04767,Postpaid,2016-07-28,2023-06-03,479,510,467,1,53.39,0,4890,0,0.136,,0
C03132,Prepaid,2016-04-30,2023-06-25,186,205,209,1,,0,1890,0,0.235,,0
C00715,Postpaid,2020-05-07,2023-06-28,114,102,93,2,41.2,1,3000,0,0.173,,0
C04521,Prepaid,2017-06-02,2023-06-06,250,224,218,1,,0,4020,1,0.071,,0
C00636,Prepaid,2018-05-20,2023-04-13,12,9,0,2,,0,3040,1,0.5,,1
C04086,Prepaid,2018-08-26,2023-06-17,76,69,70,2,,0,LEU-3000,0,0.173,,0
C04625,Postpaid,2015-02-05,2023-05-06,75,59,3,2,39.02,1,7500,1,0.079,2023-06-21,1
C02267,Postpaid,2014-06-02,2023-06-13,293,294,277,3,47.02,0,1070,0,0.2,2025-07-26,0
C04041,Postpaid,2017-08-19,2023-06-11,434,470,439,0,59.46,1,LEU-3000,0,0.173,,0
C04043,Postpaid,2021-05-14,2023-06-23,315,345,377,2,46.61,0,1348,0,0.0,,0
C01766,Postpaid,2017-04-12,2023-06-15,232,265,253,1,45.47,1,8160,0,0.25,,0
C02348,postpaid,2015-06-09,2023-06-24,1401,1348,1423,1,129.61,0,3990,0,0.4,,0
C02904,Postpaid,2016-08-15,2023-06-19,225,239,247,1,48.83,0,9160,0,0.153,,0
C00610,Postpaid,2016-01-08,2023-06-03,931,955,930,3,94.01,1,1890,0,0.235,,0
C00486,Postpaid,2019-11-25,2023-05-27,650,604,23,3,66.18,0,1700,1,0.342,2023-06-24,1
C01086,Postpaid,2019-10-21,2023-04-29,94,72,3,8,44.61,0,8000,1,0.211,2023-06-19,1
C02130,Prepaid,2021-02-07,2023-05-23,23,16,1,0,,0,7140,0,0.375,,1
C04421,Postpaid,2015-07-18,2023-04-26,42,22,1,5,17.94,1,9000,1,0.429,2023-06-22,1
C03539,Postpaid,2021-03-14,2023-06-11,42,40,41,0,34.45,0,9100,0,0.136,,0
C03129,Postpaid,2021-12-18,2023-05-23,271,279,252,2,47.77,0,2260,0,0.35,2024-11-14,0
C00020,Prepaid,2017-12-14,2023-06-14,72,63,62,0,,0,3000,0,0.173,,0
C04935,Postpaid,2022-12-08,2023-06-02,114,101,95,0,31.85,0,4510,0,0.0,,0
C01674,Postpaid,2020-05-13,2023-06-11,314,307,292,0,49.98,0,1700,0,0.342,,0
C02857,Postpaid,2017-11-20,2023-06-13,202,183,187,2,60.27,0,2240,0,0.091,,0
C01791,postpaid,2014-04-13,2023-06-26,906,929,926,0,97.66,0,1560,0,0.0,,0
C04897,Prepaid,2020-09-29,2023-06-16,77,81,76,1,,0,1200,0,0.116,,0
C00097,Prepaid,2016-04-02,2023-06-11,27,27,27,0,,0,9160,0,0.153,,0
C03156,Postpaid,2020-08-13,2023-06-11,169,145,132,0,41.25,0,6870,0,0.28,,0
C02495,Prepaid,2022-07-11,2023-04-29,288,295,8,0,,0,3090,1,0.125,,1
C04571,Postpaid,2018-11-03,2023-06-03,214,227,246,3,53.35,0,9160,0,0.153,2024-07-02,0
C00367,Postpaid,2016-06-22,2023-06-04,145,151,163,1,38.78,0,1670,0,0.125,2024-07-05,0
C01722,Postpaid,2023-01-10,2023-06-16,1212,1062,1027,1,108.52,0,5350,0,0.214,,0
C03658,Postpaid,2019-12-11,2023-06-14,90,83,78,1,,1,2670,0,0.086,,0
C01910,Postpaid,2020-10-18,2023-04-18,88,50,0,1,19.44,0,6960,1,0.359,2023-06-06,1
C04857,Prepaid,2023-03-16,2023-06-12,30,34,35,0,,0,1880,0,0.0,,0
C00919,Postpaid,2017-10-05,2023-06-04,474,428,460,0,64.09,0,6790,1,0.0,2024-03-30,0
C01426,Postpaid,2017-01-21,2023-05-04,17,16,16,1,35.42,0,9770,0,0.083,2024-09-13,0
C02808,Postpaid,2022-12-08,2023-06-28,1510,1513,1544,1,147.59,0,9160,0,0.153,,0
C04489,Prepaid,2016-06-01,2023-06-04,98,87,78,1,,0,4370,0,0.074,,0
C03566,Postpaid,2019-06-14,2023-06-01,1703,1519,1381,1,140.95,1,9160,0,0.153,,0
C04603,Postpaid,2019-11-27,2023-06-17,153,130,135,0,33.58,0,5210,0,0.0,,0
C04531,Prepaid,2017-06-01,2023-04-06,36,17,0,3,,0,3000,1,0.173,,1
C02991,Postpaid,2015-08-31,2023-06-29,608,588,608,0,67.44,0,9160,0,0.153,,0
C03392,Prepaid,2022-06-18,2023-05-20,103,102,1,0,,0,5080,0,0.583,,1
C03186,Prepaid,2015-07-25,2023-06-04,208,195,180,0,,0,3010,0,0.0,,0
C04229,Postpaid,2018-10-12,2023-06-02,570,616,618,1,76.63,0,6000,0,0.182,,0
C03123,Postpaid,2020-01-05,2023-06-22,469,436,464,0,61.46,1,4200,0,0.0,,0
C03311,Prepaid,2020-04-20,2023-06-17,74,66,72,2,,0,LEU-3000,0,0.173,,0
C01589,Postpaid,2016-01-11,2023-05-09,310,296,274,0,48.18,1,5490,0,0.118,,0
C03665,Prepaid,2020-07-08,2023-06-20,214,235,228,1,,0,2600,0,0.231,,0
C02499,Postpaid,2022-06-28,2023-06-25,344,348,329,3,54.72,0,3060,0,0.286,,0
C00032,Postpaid,2015-03-26,2023-06-14,1162,1241,1256,1,120.68,1,1310,0,0.143,,0
C03284,Prepaid,2019-12-16,2023-06-26,297,329,335,0,,0,4180,1,0.167,,0
C01376,Postpaid,2017-01-08,2023-06-22,393,393,430,1,61.36,1,3460,0,0.0,,0
C01327,Prepaid,2016-12-06,2023-05-24,134,115,112,2,,0,1200,0,0.116,,0
C03781,Postpaid,21/07/2021,2023-05-19,484,428,435,2,55.71,1,6430,0,0.188,,0
C01350,Postpaid,2016-06-19,2023-06-13,287,326,342,1,53.63,0,4390,0,0.071,,0
C00256,Prepaid,2015-07-05,2023-06-30,133,152,153,1,,0,9160,0,0.153,,0
C04989,Postpaid,2016-11-08,2023-06-11,160,159,150,0,46.25,0,9160,0,0.153,,0
C03643,Prepaid,2019-08-21,2023-04-23,154,76,3,2,,0,6960,0,0.359,,1
C03623,Postpaid,2022-09-10,2023-05-03,255,236,6,3,49.12,0,1200,1,0.116,2023-06-28,1
C04148,Prepaid,2020-05-14,2023-05-10,31,26,26,1,,0,9160,0,0.153,,0
C04972,Postpaid,2022-09-12,2023-04-26,566,592,32,0,81.7,2,3000 Leuven,0,0.173,2023-06-07,1
C02728,Postpaid,10/02/2018,2023-06-03,28,30,27,0,28.8,1,9160,0,0.153,,0
C03701,Postpaid,2023-04-03,2023-06-29,177,150,145,1,47.23,1,9160,0,0.153,2023-12-14,0
C00125,Postpaid,2022-08-18,2023-06-16,310,321,318,2,48.67,2,3000,0,0.173,,0
C02779,Postpaid,2018-07-31,2023-06-09,261,228,223,1,49.23,1,9860,0,0.132,,0
C02880,Postpaid,2019-08-19,2023-06-13,281,319,314,1,51.02,1,4180,0,0.167,,0
C02774,Postpaid,2019-10-21,2023-06-06,259,223,215,4,55.82,2,9160,0,0.153,,0
C02636,Postpaid,2021-08-16,2023-06-06,702,687,619,2,75.61,0,1050,0,0.278,2024-11-18,0
C00434,Postpaid,2022-11-29,2023-05-28,28,20,1,2,32.15,1,3000,1,0.173,2023-06-22,1
C04771,Postpaid,2018-02-09,2023-06-20,189,162,155,0,44.05,1,7000,0,0.429,2025-05-30,0
C03336,Postpaid,2016-12-22,2023-06-03,100,95,95,0,27.53,0,6960,0,0.359,,0
C01100,Postpaid,2015-05-31,2023-05-23,427,456,481,1,60.68,0,9330,0,0.333,,0
C02515,Postpaid,2020-04-14,2023-05-11,481,402,9,1,59.77,1,3000 Leuven,0,0.173,2023-06-05,1
C03607,Prepaid,2015-02-06,2023-06-27,163,144,158,0,,0,5350,0,0.214,,0
C02576,Postpaid,2020-11-15,2023-06-21,169,188,181,1,40.63,0,9100,0,0.136,,0
