SalePrice;OverallQuality;LivingArea;GarageCars;GarageArea;YearBuilt;LotArea;Neighborhood;HouseStyle;HasPool;PoolQuality
376430;7;2024;0;0;2006;2701;B;1Story;No;nan
248885;4;1332;3;673;1999;8657;C;1Story;No;nan
273578;8;1131;0;2;1970;8888;F;Townhouse;No;nan
288716;5;1416;2;470;1992;11016;B;2Story;No;nan
477633;7;2059;2;399;1959;4340;C;2Story;No;nan
438989;10;1566;1;183;1979;4543;B;1Story;No;nan
203377;3;795;1;279;2000;12574;D;1Story;No;nan
190919;7;1732;1;304;1982;3894;A;2Story;No;nan
438350;8;1036;1;220;1967;14154;C;Duplex;No;nan
208380;5;422;2;509;1971;5228;D;1Story;No;nan
337845;4;2248;3;629;2013;5249;C;1Story;No;nan
501783;8;1729;3;639;1970;10528;A;1Story;No;nan
405669;8;1461;3;718;1950;9648;B;1Story;No;nan
210148;3;1327;0;32;1964;12925;D;2Story;No;nan
498446;6;2199;1;284;1985;2326;E;1Story;No;nan
436245;5;3044;1;239;1996;9601;F;1Story;No;nan
164993;2;1724;2;399;2003;7862;E;1Story;No;nan
322708;8;985;2;449;1981;4770;F;1Story;No;nan
307479;6;1423;0;48;2007;13644;C;1Story;No;nan
207425;2;1715;0;-5;1995;8706;B;Duplex;No;nan
244137;5;400;3;649;2003;7811;A;2Story;No;nan
237953;1;1667;2;459;1982;9362;C;1Story;No;nan
319449;10;1718;1;;1988;2815;D;2Story;No;nan
559486;6;2163;3;672;1972;4254;E;2Story;Yes;TA
448501;9;2111;1;223;1992;7002;B;1Story;No;nan
238836;1;1556;3;640;2004;8949;C;1Story;No;nan
293656;10;2257;1;259;1951;11824;D;1Story;No;nan
498741;3;2518;0;26;2015;5345;C;1Story;No;nan
270670;7;1514;3;646;1987;4660;B;Duplex;No;nan
276377;4;1709;1;219;1978;9504;E;1Story;No;nan
391094;9;616;1;209;2016;7592;B;Townhouse;No;nan
275887;3;775;2;414;2020;2236;F;2Story;No;nan
202566;5;1081;3;592;1985;5245;F;1Story;No;nan
216388;3;1278;1;201;1978;7455;C;Duplex;No;nan
365724;7;952;2;;1986;7537;C;1Story;No;nan
327438;5;1482;1;225;1994;;D;1Story;No;nan
508247;9;1293;3;;1965;4099;C;2Story;No;nan
452679;7;2035;0;-32;1980;7607;A;1Story;No;nan
176571;2;1263;3;675;1983;10841;F;1Story;No;nan
235558;4;400;3;622;1999;1000;C;2Story;No;nan
460650;9;1563;1;215;2014;7153;B;Duplex;No;nan
185589;2;1493;1;196;2011;3014;C;1Story;No;nan
422267;10;1069;3;690;1992;7903;B;1Story;No;nan
512079;9;1547;2;;2005;3486;B;2Story;No;nan
283898;10;962;2;436;1964;8402;C;2Story;No;nan
295004;5;1665;2;415;1997;12880;C;1Story;No;nan
259031;2;2816;1;;1998;5062;C;Townhouse;No;nan
222005;4;597;1;293;1993;5497;F;2Story;No;nan
413677;7;1242;3;640;1959;6590;E;2Story;No;nan
260353;8;1162;0;19;1969;8956;A;Townhouse;No;nan
202643;3;1283;1;215;2019;4943;A;Townhouse;No;nan
227356;1;2010;3;678;1957;6859;D;1Story;No;nan
340126;4;1771;3;;1994;5992;D;1Story;No;nan
316569;2;1924;0;-14;1983;6600;E;2Story;No;nan
328140;8;1515;2;468;2000;8991;D;Townhouse;No;nan
221761;4;839;3;770;1953;9653;B;2Story;No;nan
216165;2;943;3;683;1988;3570;C;1Story;No;nan
294606;6;1873;3;725;1973;8980;E;2Story;No;nan
311227;6;1585;2;459;2004;17437;F;1Story;No;nan
549978;10;2130;2;403;1975;12633;B;Townhouse;No;nan
215856;4;1647;0;11;1974;6074;C;1Story;No;nan
258188;6;908;1;207;1985;8396;B;Townhouse;No;nan
221412;2;1239;2;416;2020;7899;C;1Story;No;nan
413387;10;1782;1;217;2007;9378;A;Townhouse;No;nan
210700;2;1855;1;214;1961;6733;F;1Story;No;nan
459902;10;1928;2;398;1950;7193;D;2Story;No;nan
288076;4;976;3;768;1999;5808;E;Townhouse;No;nan
244087;8;899;0;32;1974;11286;F;2Story;No;nan
302119;7;1405;1;230;1954;8933;B;2Story;No;nan
478164;9;2220;3;664;2017;8956;D;1Story;No;nan
347448;8;1153;2;488;1955;11655;E;1Story;No;nan
257103;5;1727;1;303;1975;11700;C;Duplex;No;nan
276918;2;1728;1;247;2004;11133;D;1Story;No;nan
275728;5;1880;1;225;1988;11609;C;2Story;No;nan
644499;8;2332;3;719;1958;12688;D;2Story;No;nan
470677;10;2281;3;666;1994;5100;C;1Story;No;nan
445390;9;1203;3;677;1963;7104;C;1Story;No;nan
348523;9;451;1;260;2004;10127;A;1Story;No;nan
215149;1;1161;1;205;1958;;A;1Story;No;nan
399731;9;1538;0;-83;1964;6910;A;Townhouse;Yes;TA
414987;7;1319;0;-17;1986;8583;B;2Story;No;nan
485273;9;2484;3;691;1999;7310;C;1Story;No;nan
524498;8;1509;3;;2021;8198;A;1Story;No;nan
263808;1;1827;2;494;1970;4564;B;2Story;No;nan
523414;8;1609;3;644;2006;7887;E;1Story;No;nan
294772;8;1327;0;63;1968;8402;E;1Story;Yes;Gd
140272;3;538;0;7;2007;12845;E;1Story;No;nan
179041;1;1461;0;24;1955;7194;F;Duplex;Yes;Ex
609606;8;3127;1;256;1953;6049;A;1Story;No;nan
155860;3;878;1;165;1992;10139;B;1Story;No;nan
228890;3;593;3;620;1991;;B;Townhouse;No;nan
270686;1;2468;2;398;1952;7048;F;1Story;No;nan
422472;5;1871;2;483;1950;6459;E;Duplex;No;nan
449120;10;1594;2;428;2004;8783;B;1Story;No;nan
435346;7;2181;1;;1964;11739;A;1Story;No;nan
295968;10;1084;0;0;1996;12654;D;1Story;No;nan
316989;9;1447;0;-59;1995;8741;B;1Story;No;nan
458477;7;1978;1;193;2007;3345;C;1Story;No;nan
554904;9;2555;2;445;2020;6457;F;1Story;No;nan
355978;8;916;2;461;1988;6786;C;1Story;No;nan
455062;2;2140;3;621;1952;9102;F;1Story;No;nan
299792;1;1691;3;683;1979;8169;C;2Story;No;nan
328989;7;1582;2;473;1984;5935;D;Duplex;No;nan
339755;7;1496;1;194;2006;4245;E;Duplex;No;nan
428675;8;808;2;519;;5394;C;2Story;No;nan
387905;5;1982;3;639;1999;5284;D;Townhouse;No;nan
259214;3;1109;2;400;2011;12865;D;1Story;Yes;Gd
288436;8;960;1;159;2001;5691;E;1Story;No;nan
272752;6;1943;0;49;1963;8180;A;1Story;No;nan
304540;3;1895;1;;1984;;B;2Story;No;nan
182723;1;1540;1;201;1977;8585;C;Duplex;No;nan
255118;3;2040;3;601;2007;4742;F;2Story;No;nan
365366;5;2213;1;204;1979;10955;F;1Story;No;nan
298409;3;2154;1;315;1956;9063;A;2Story;No;nan
200238;1;1236;3;574;1988;1444;A;1Story;Yes;Ex
411344;5;2007;3;635;2018;11737;F;1Story;No;nan
448202;10;1606;0;72;1984;10620;B;2Story;No;nan
444388;7;2363;2;490;2001;9016;B;1Story;No;nan
330075;7;1438;1;197;1963;12904;A;1Story;No;nan
506382;9;1322;3;668;2012;10551;B;2Story;No;nan
385177;10;1193;0;19;1985;11384;D;2Story;Yes;Ex
422896;10;1595;2;445;1973;11109;C;1Story;No;nan
328889;3;1733;3;731;1989;10271;C;1Story;Yes;TA
270438;7;1743;2;454;1978;2627;F;Townhouse;No;nan
249131;1;1675;2;485;2002;2986;A;1Story;No;nan
290329;4;1836;1;227;1971;10553;A;1Story;No;nan
419761;4;1389;1;139;2021;;E;1Story;No;nan
235398;5;1064;3;612;1964;5884;E;2Story;No;nan
351191;7;1020;2;401;2018;4659;B;1Story;No;nan
322307;7;1988;3;650;2013;8788;B;1Story;No;nan
518097;4;1735;3;743;1953;3644;B;1Story;No;nan
279515;7;572;2;454;1967;7493;D;1Story;No;nan
257394;3;2048;3;656;1991;6935;A;1Story;No;nan
276113;6;2440;2;;1979;7327;C;2Story;No;nan
259163;2;1142;2;382;1964;13653;A;Townhouse;No;nan
492557;10;1668;2;420;2019;6098;E;Townhouse;No;nan
405281;9;1263;2;415;2004;8160;C;2Story;No;nan
262609;5;1814;0;16;2002;4064;C;2Story;No;nan
460728;6;917;2;476;1965;10821;A;Duplex;No;nan
350809;4;1464;1;239;2022;;A;Duplex;No;nan
462457;10;1991;1;239;1983;11535;D;Duplex;No;nan
384323;7;2118;1;206;1976;1000;E;1Story;No;nan
412122;9;1713;2;453;1962;7826;D;1Story;No;nan
401865;7;1330;1;186;1976;8396;D;Townhouse;No;nan
132013;1;704;0;27;2022;10735;A;Townhouse;No;nan
267303;1;1121;3;640;2018;6074;D;2Story;No;nan
576876;9;1265;2;395;1980;10360;B;Townhouse;Yes;Gd
440374;9;1151;1;222;1952;6418;A;2Story;No;nan
313794;4;1530;0;-77;1979;8281;E;2Story;No;nan
365882;9;1329;3;719;1970;10766;E;1Story;No;nan
252860;3;1586;0;32;1955;5211;D;2Story;No;nan
445936;7;2101;1;233;;10222;E;2Story;No;nan
276706;6;1297;0;-65;1991;9005;F;Townhouse;No;nan
430070;8;809;3;632;2011;6999;A;1Story;Yes;TA
436490;9;1149;1;222;1981;5995;F;Duplex;No;nan
298519;5;1792;3;649;1988;1698;D;Duplex;No;nan
200057;1;1839;0;-68;2013;7759;E;1Story;No;nan
236049;3;1703;2;387;1979;7004;D;1Story;No;nan
283200;10;2150;2;429;2012;9917;C;2Story;No;nan
356281;8;1407;2;389;1980;9614;D;1Story;No;nan
525674;6;2526;2;495;1989;11210;B;2Story;No;nan
270554;8;1909;3;680;1982;11320;F;1Story;No;nan
325561;9;400;2;408;2012;17467;A;1Story;No;nan
327833;4;2400;3;707;1974;9541;B;1Story;No;nan
217359;1;1117;1;;1985;5419;A;1Story;No;nan
227810;1;983;2;452;1973;10479;B;1Story;No;nan
459410;10;1762;3;658;2007;12818;B;Townhouse;No;nan
154670;4;631;2;428;1988;9425;A;1Story;No;nan
333294;7;1152;2;418;1995;1627;C;Townhouse;No;nan
424742;2;2279;2;387;1959;9666;C;Townhouse;No;nan
337146;3;1778;3;721;1981;6110;A;Townhouse;No;nan
194827;1;1906;0;;1985;4034;B;1Story;No;nan
223588;5;1172;2;441;1977;8560;F;2Story;No;nan
150168;1;731;2;404;1965;3423;A;1Story;No;nan
440617;8;1853;1;210;1965;11069;B;1Story;No;nan
216429;1;1965;0;114;1967;10193;A;Duplex;No;nan
345462;1;1942;3;631;1957;7740;A;1Story;No;nan
229200;2;1605;1;278;2019;6350;D;Townhouse;No;nan
143719;2;1016;2;439;1950;7448;C;2Story;No;nan
324820;6;2719;1;;2011;4967;C;1Story;No;nan
438280;7;1740;1;;1987;7769;B;1Story;No;nan
219006;5;1413;2;451;1994;1000;D;2Story;No;nan
189189;1;1415;0;-14;;8266;E;2Story;No;nan
189634;1;1575;0;-7;1950;8343;B;2Story;No;nan
242018;3;2035;1;214;1981;10535;A;1Story;No;nan
232894;2;1595;2;515;1957;8899;A;1Story;No;nan
273576;5;1929;3;601;1989;10932;D;1Story;No;nan
431602;10;1576;1;149;2005;9641;A;1Story;No;nan
303083;6;1444;3;592;2012;11110;C;1Story;Yes;TA
463715;7;1821;1;184;1985;15864;B;1Story;No;nan
373565;4;1802;1;248;2006;9260;B;1Story;Yes;Gd
282255;7;1415;2;470;1994;8552;A;2Story;No;nan
357821;8;1125;2;416;1951;11561;B;2Story;No;nan
250249;1;1671;3;659;2017;6595;A;1Story;No;nan
330344;6;1539;3;615;1999;7642;C;2Story;No;nan
313337;8;1223;0;-41;1978;9263;C;2Story;No;nan
280317;5;1079;2;463;1959;8217;C;2Story;No;nan
226204;4;1705;1;262;1976;8204;D;2Story;No;nan
162435;2;1775;1;201;1964;10699;D;1Story;No;nan
179168;6;1320;0;65;2009;2912;D;1Story;No;nan
196030;6;1210;2;479;1980;14100;F;1Story;No;nan
199326;1;1085;1;284;1970;9458;B;1Story;No;nan
598123;9;1691;0;-12;2009;6799;B;2Story;No;nan
258057;6;1098;0;61;2007;12884;D;Duplex;No;nan
332159;3;2621;1;307;1990;8311;C;1Story;No;nan
228413;4;1295;1;203;1995;8390;C;2Story;No;nan
184358;4;400;3;654;1994;7356;A;Duplex;No;nan
194760;3;1485;2;402;1975;12403;C;1Story;No;nan
285136;10;1463;3;614;2000;7972;F;Townhouse;No;nan
287236;3;2056;0;-45;1985;6325;B;1Story;No;nan
364186;3;1644;1;188;2001;10996;F;Townhouse;No;nan
211528;4;1083;3;671;2000;11549;C;1Story;No;nan
354470;7;1357;0;;1952;;A;1Story;No;nan
233483;4;1664;2;450;1963;9901;C;2Story;No;nan
342140;9;418;1;231;1998;11439;C;Townhouse;No;nan
190472;1;2169;3;641;1950;7222;D;1Story;No;nan
246707;8;1084;2;437;2006;11077;C;2Story;No;nan
353406;7;2209;3;639;1966;10228;C;2Story;Yes;Gd
217218;2;1696;0;-12;1999;9591;A;1Story;No;nan
304182;8;1815;2;408;1963;3329;B;1Story;No;nan
281796;1;2075;3;663;2008;6835;B;1Story;No;nan
308588;9;1787;2;416;1952;7863;F;1Story;No;nan
496385;9;1836;0;-47;1989;9595;B;2Story;No;nan
240287;2;1418;2;464;2015;15202;E;Townhouse;No;nan
332201;7;1686;3;685;1983;10578;B;2Story;No;nan
340920;10;1206;0;44;1958;5570;A;Townhouse;No;nan
190422;3;1328;1;179;1970;6559;B;1Story;No;nan
433014;7;2482;3;641;1974;12170;B;1Story;No;nan
360775;10;1096;3;669;1993;6427;F;Duplex;No;nan
464205;9;1577;0;-20;1974;;D;Duplex;No;nan
167719;4;1557;0;23;1958;8352;F;1Story;No;nan
284257;1;1345;1;240;2011;;E;1Story;No;nan
225767;2;1757;3;679;1975;6473;C;Duplex;No;nan
294224;1;1795;0;58;2006;1000;D;1Story;No;nan
284985;5;1037;1;246;1986;9619;D;1Story;No;nan
354065;5;1551;1;;;4844;D;2Story;No;nan
313881;7;959;0;-8;;;B;Townhouse;No;nan
441261;9;1894;3;655;;8743;C;2Story;No;nan
357803;9;1588;2;397;1975;11089;C;2Story;Yes;TA
293663;3;1541;2;369;1969;2910;A;1Story;No;nan
254784;3;1830;1;239;1958;11010;C;2Story;No;nan
250448;3;1362;2;489;1978;5290;E;1Story;No;nan
315264;4;1957;2;427;1980;9947;C;Townhouse;No;nan
259534;8;1026;0;63;1968;9737;C;1Story;No;nan
428695;6;2206;1;213;1969;7380;B;2Story;No;nan
397290;8;1225;3;582;1976;8090;E;Duplex;No;nan
126257;1;652;1;257;1993;6811;C;1Story;No;nan
363781;8;1336;0;-19;1984;8791;F;Townhouse;No;nan
291414;4;1279;2;480;2020;8764;F;1Story;No;nan
116165;1;1332;3;609;1971;5228;F;1Story;No;nan
317781;8;1616;1;236;1964;3927;A;1Story;No;nan
264942;4;2049;2;408;1962;11025;B;Duplex;No;nan
236704;6;1404;1;228;1953;8612;F;Duplex;No;nan
450456;8;1154;3;691;2005;10610;E;1Story;No;nan
167425;4;937;1;;1972;5989;F;1Story;No;nan
180848;3;1266;1;223;1983;5527;C;Townhouse;No;nan
336025;9;556;1;165;1966;4964;C;1Story;No;nan
204101;3;1137;2;469;1977;7458;A;2Story;No;nan
536431;9;2122;3;701;1963;8697;E;2Story;No;nan
202290;2;1088;3;618;1983;6369;D;Duplex;No;nan
610863;2;1814;2;404;2006;12694;A;2Story;No;nan
134302;2;887;2;483;;6074;B;1Story;No;nan
317583;6;2386;2;;2015;8746;C;Townhouse;No;nan
399810;3;2419;0;-35;1986;5351;D;1Story;No;nan
830754;9;1796;1;231;2017;5981;A;1Story;No;nan
395126;4;2496;1;194;1975;7741;B;1Story;Yes;Ex
227635;1;1678;3;666;2010;5502;B;Townhouse;No;nan
329276;4;1884;1;203;2016;8268;B;2Story;No;nan
198222;1;2131;0;-13;2001;9321;F;1Story;No;nan
196983;5;1590;2;484;1967;11280;D;2Story;No;nan
219681;4;724;3;561;2002;4760;D;1Story;No;nan
453880;8;1894;3;682;2012;8504;E;Townhouse;No;nan
251803;8;1264;1;258;2002;7814;C;1Story;No;nan
321325;7;1301;3;635;1976;2455;E;2Story;Yes;Ex
214376;3;1649;2;;1980;4614;F;2Story;No;nan
273113;1;1783;3;622;1950;9425;D;1Story;No;nan
223488;1;1575;2;;1955;3942;C;Duplex;No;nan
246479;3;1818;0;-31;1960;7780;D;1Story;No;nan
325370;6;1147;0;38;1983;1633;F;2Story;No;nan
423932;7;1479;2;370;2012;7691;A;2Story;No;nan
400375;6;1925;1;286;2002;1839;B;2Story;No;nan
476880;6;2386;3;648;1967;;F;1Story;Yes;Gd
495520;6;2563;1;245;1970;6687;F;Townhouse;No;nan
345253;3;1716;3;681;1968;8369;C;1Story;No;nan
304485;6;1920;0;6;1953;7242;C;2Story;No;nan
432307;8;2491;0;-24;1978;4292;B;2Story;No;nan
167209;2;1165;0;50;1974;4348;C;Townhouse;No;nan
264785;5;1815;3;639;2005;3158;F;2Story;No;nan
196719;1;1884;0;-29;2012;8619;A;1Story;No;nan
235279;1;2224;0;35;1976;8487;C;Duplex;No;nan
339109;5;931;0;6;2009;10008;F;1Story;No;nan
223457;3;1030;0;54;1998;6500;B;1Story;No;nan
312302;4;1511;1;217;2014;2797;E;Townhouse;No;nan
318285;3;1689;0;-26;1987;7052;C;2Story;No;nan
274646;1;2061;0;11;2001;8033;E;1Story;Yes;Gd
240726;1;1759;1;202;1950;;F;2Story;No;nan
309134;5;1424;1;195;1989;4790;C;1Story;No;nan
376402;6;1708;3;693;1970;9353;E;1Story;No;nan
305154;3;1651;2;513;1964;8302;F;1Story;No;nan
312185;9;2373;0;-10;1999;11399;F;2Story;No;nan
242898;5;1583;0;-39;1997;13166;C;2Story;No;nan
320226;8;1308;0;;1981;3492;C;2Story;No;nan
351041;1;1725;3;681;1998;6743;B;1Story;No;nan
337022;5;1599;0;10;2017;8371;B;2Story;No;nan
209289;3;715;2;488;1994;9091;C;1Story;No;nan
292633;1;1492;1;247;1981;11048;B;2Story;No;nan
218499;4;1450;3;616;1953;10186;D;Duplex;No;nan
379594;5;1228;1;200;2014;11415;C;1Story;No;nan
295871;7;2018;0;;2020;8184;E;2Story;No;nan
168365;1;1107;0;46;2022;6114;E;Townhouse;No;nan
327451;3;1728;0;-80;2014;13850;B;1Story;No;nan
161360;2;1426;2;389;1967;8460;C;2Story;No;nan
352138;9;1554;2;420;2003;7274;E;2Story;No;nan
402787;10;1706;3;683;1996;4783;B;1Story;No;nan
296755;6;846;1;199;1955;8478;A;2Story;No;nan
494251;10;1596;0;-15;2015;11013;E;2Story;No;nan
245078;3;2644;0;-14;1958;6499;A;1Story;No;nan
226384;8;722;0;7;2017;7600;E;1Story;No;nan
667867;8;1471;0;-49;1972;8747;F;Townhouse;No;nan
266498;2;2062;2;402;1992;9417;C;2Story;No;nan
224144;6;1651;1;;2000;7220;E;1Story;No;nan
302768;7;1844;1;236;2021;;C;1Story;No;nan
141322;2;400;3;690;1974;6468;E;2Story;No;nan
455736;10;1799;2;442;1984;4680;E;1Story;No;nan
307193;2;1119;0;;1966;5689;A;1Story;No;nan
518630;10;1655;1;238;1967;5609;C;2Story;Yes;TA
151746;1;1485;1;249;1976;3373;D;2Story;No;nan
418457;8;2639;2;474;1964;;A;1Story;No;nan
252753;1;1773;3;655;2018;9079;F;1Story;No;nan
355443;9;1444;3;698;1964;8427;C;1Story;No;nan
306478;6;745;0;-99;1991;11914;C;1Story;No;nan
605741;7;1561;3;696;1983;10154;B;1Story;No;nan
429629;10;1912;1;203;1997;5631;D;1Story;No;nan
359726;7;1460;3;;1957;11520;E;1Story;No;nan
324951;10;1247;0;-26;1959;;C;1Story;No;nan
260344;3;1214;1;167;1954;4646;E;Townhouse;No;nan
216864;2;1768;3;674;1997;10708;D;1Story;No;nan
314244;9;1880;3;600;1975;6598;B;1Story;No;nan
272580;8;2181;2;424;1972;10991;C;1Story;No;nan
439284;10;1003;0;-32;2011;6986;A;1Story;No;nan
537654;7;1763;3;653;1962;6400;A;Duplex;Yes;Ex
499253;9;1439;2;472;1958;6709;A;1Story;No;nan
270977;4;1454;1;200;1969;5083;F;Duplex;No;nan
278478;4;1701;2;453;2006;3559;F;1Story;No;nan
267134;1;1704;2;470;1973;1000;A;Duplex;No;nan
337039;8;1764;3;;1982;4836;B;1Story;No;nan
277917;3;971;3;636;1969;15892;A;1Story;No;nan
422477;7;1125;3;;2009;9435;E;1Story;No;nan
243430;2;2243;2;;1997;13593;C;1Story;Yes;Ex
213538;2;1390;1;240;2013;7045;D;2Story;No;nan
229801;7;1653;0;20;1979;6595;C;1Story;No;nan
296213;6;2027;2;392;2022;13150;D;2Story;No;nan
344854;3;1732;3;630;1966;9127;B;1Story;No;nan
398703;9;1773;0;15;1963;5134;A;1Story;No;nan
355132;10;1947;1;137;1968;9899;A;1Story;No;nan
211332;6;442;0;-8;2020;11753;C;2Story;No;nan
353361;10;1255;3;;2008;3716;F;1Story;No;nan
524680;10;1734;2;484;2016;;B;1Story;No;nan
330491;6;2194;2;454;1993;3915;B;1Story;No;nan
160176;1;1533;3;708;1981;11590;F;Duplex;No;nan
204055;4;1078;2;438;1960;8692;A;2Story;No;nan
309780;10;1091;3;655;1951;;A;1Story;No;nan
434892;6;1942;2;428;2017;7348;E;1Story;No;nan
220708;6;1391;2;420;1966;2655;D;1Story;No;nan
177213;5;1496;2;547;;6676;C;1Story;No;nan
175520;1;1808;1;252;1995;10790;E;2Story;No;nan
254466;8;400;1;177;1953;13981;D;1Story;No;nan
313366;5;2500;3;;1987;8847;A;1Story;No;nan
232392;5;1134;1;204;2012;5941;D;2Story;No;nan
429315;7;1621;3;673;1978;9607;D;1Story;Yes;TA
208540;4;648;0;38;1968;10520;F;1Story;No;nan
347009;6;1289;0;-62;1978;8398;F;1Story;No;nan
362813;4;2122;1;187;1984;8214;C;1Story;No;nan
162656;3;542;0;66;2019;8641;C;Duplex;No;nan
590500;7;2063;0;-9;1972;8131;A;2Story;No;nan
257877;8;1363;2;480;1995;8893;A;1Story;No;nan
291204;4;1744;2;422;1993;13483;C;1Story;No;nan
237899;2;1829;3;;1997;1900;D;1Story;No;nan
430969;10;1721;0;71;2001;7285;C;1Story;No;nan
312060;3;1068;3;678;;5203;C;Townhouse;No;nan
221892;1;1318;3;646;2004;11542;E;1Story;No;nan
355833;8;769;0;-27;2015;7577;E;Duplex;Yes;Gd
230451;3;1746;1;196;1989;9679;D;2Story;No;nan
656038;10;2351;0;50;1980;12282;A;Duplex;No;nan
302219;7;588;2;471;1997;4757;E;2Story;No;nan
381836;10;1119;0;-46;2010;6417;F;2Story;No;nan
244571;5;1409;1;223;2001;11972;A;2Story;No;nan
356924;10;1587;3;657;1987;4637;C;Duplex;No;nan
325607;5;1940;3;673;1985;6519;F;1Story;No;nan
411316;7;1424;2;416;2004;3199;C;Townhouse;No;nan
380099;9;1342;2;484;1962;12090;C;2Story;No;nan
465651;5;2052;2;440;1986;6256;B;1Story;No;nan
340393;1;1831;3;;1996;9053;C;Townhouse;No;nan
527894;10;1769;2;409;2020;10028;C;Duplex;No;nan
398057;10;1556;0;-29;1971;5590;A;2Story;No;nan
248169;1;1992;3;766;1988;2288;C;1Story;No;nan
153322;2;1172;1;292;2007;7342;B;Townhouse;No;nan
265486;6;1104;3;657;1979;7293;D;2Story;No;nan
420031;9;1873;0;61;1967;7818;F;2Story;No;nan
185946;8;687;0;49;1967;7835;C;Townhouse;No;nan
248351;5;1546;2;;1988;6504;D;1Story;No;nan
164565;1;1342;3;631;1975;6387;C;1Story;No;nan
334304;7;797;3;687;2020;8893;A;2Story;No;nan
222566;5;1034;3;670;1956;5528;F;1Story;No;nan
400028;6;1446;1;204;2018;7714;A;2Story;No;nan
270786;7;2017;2;469;2014;6311;A;1Story;No;nan
249043;3;1174;0;-58;1995;8887;C;1Story;No;nan
291348;10;2107;0;5;1967;11326;D;1Story;No;nan
300345;3;1532;2;390;1962;11448;C;1Story;No;nan
273317;5;2155;0;-48;1974;11868;B;1Story;No;nan
225945;6;1198;0;;1957;;E;1Story;No;nan
328255;9;1476;2;455;1981;7250;C;1Story;No;nan
210171;5;1684;0;-27;1966;4193;B;2Story;No;nan
218985;1;1410;3;611;1997;6972;C;Duplex;No;nan
373927;4;1977;1;239;2012;7079;B;1Story;No;nan
276328;5;400;2;;1989;6149;C;2Story;No;nan
482879;10;2711;1;246;1964;;D;1Story;Yes;Gd
595636;10;1929;0;72;1955;2907;E;1Story;No;nan
272949;5;1413;0;56;2012;3974;B;Townhouse;No;nan
402249;7;1224;3;;1957;8134;B;1Story;No;nan
221790;4;1067;2;465;1981;;A;1Story;No;nan
204131;1;1823;0;-4;1994;9449;B;1Story;No;nan
434018;5;1997;2;482;2001;7223;A;Townhouse;No;nan
316262;7;1419;2;436;1962;8035;B;1Story;No;nan
409336;10;2053;2;408;1973;11752;A;2Story;No;nan
450891;10;1046;2;495;1989;7841;C;1Story;No;nan
207786;6;958;2;453;1963;6104;C;1Story;No;nan
404911;5;2407;1;193;2019;4427;A;Duplex;No;nan
305564;4;1796;3;640;2011;10392;C;1Story;No;nan
348346;2;2198;2;413;2010;2890;B;2Story;No;nan
265527;4;1073;1;;1950;5485;D;2Story;No;nan
354368;10;1038;0;-19;2015;9256;C;1Story;No;nan
448184;10;1321;2;455;1981;2280;A;1Story;No;nan
217506;3;1088;0;3;1962;6157;B;2Story;No;nan
641750;10;1853;2;422;1982;8388;B;1Story;No;nan
267062;1;1124;1;280;1981;6850;E;1Story;No;nan
373452;8;914;1;140;2005;5052;F;1Story;No;nan
320647;5;1571;1;232;1973;6220;A;2Story;No;nan
167481;4;855;3;654;1953;10451;D;Duplex;No;nan
242716;8;600;0;-39;1972;13494;B;Duplex;No;nan
464046;7;1567;3;675;1978;8418;A;1Story;No;nan
155485;2;625;2;;1970;2035;A;2Story;No;nan
536926;1;1888;0;50;1979;9704;E;1Story;No;nan
165798;4;802;1;255;1969;6811;C;1Story;No;nan
225284;8;400;0;76;1965;;F;Duplex;No;nan
276126;2;1353;1;201;2016;5599;C;2Story;No;nan
325955;3;1572;3;716;;5727;B;2Story;No;nan
213174;1;1746;3;613;2007;3767;E;1Story;No;nan
224107;1;1586;1;216;1993;7811;F;Duplex;No;nan
244158;3;970;1;201;1974;13484;E;Townhouse;No;nan
305404;5;1857;2;464;1972;4702;D;1Story;No;nan
480549;3;1980;3;683;2008;13392;B;1Story;No;nan
122470;1;897;3;624;1950;8624;A;1Story;No;nan
183247;1;1409;2;466;1964;7721;B;1Story;No;nan
417665;8;1363;3;645;2001;7034;C;Duplex;No;nan
359825;10;1610;1;187;2007;5582;F;1Story;No;nan
173728;2;1398;0;0;1990;8876;D;2Story;No;nan
274256;3;1466;0;-59;1993;9566;E;2Story;No;nan
347048;2;1821;3;697;;1000;B;2Story;No;nan
173106;3;943;2;438;2017;15629;D;1Story;No;nan
412299;7;1869;1;219;1956;2567;E;Townhouse;No;nan
264447;1;2071;0;-3;1995;6433;C;1Story;No;nan
407526;10;2317;1;286;1958;1000;C;2Story;No;nan
293791;8;428;3;721;1982;7196;D;2Story;No;nan
401343;10;1409;3;714;1982;6616;C;1Story;No;nan
320975;10;517;0;-3;1953;6465;F;Townhouse;Yes;Gd
292163;10;400;3;;2014;8913;C;1Story;No;nan
322020;2;1572;2;439;1983;7269;B;2Story;No;nan
364088;3;1300;3;;2013;9615;C;2Story;No;nan
568727;9;1650;3;693;1974;4288;B;2Story;Yes;Ex
269850;7;1743;3;672;2004;8232;C;1Story;No;nan
428899;4;2124;1;179;1958;6105;A;2Story;No;nan
339970;10;1527;1;199;1966;6889;F;2Story;No;nan
482639;5;2962;0;-25;1970;8811;E;1Story;No;nan
174272;2;1653;0;22;2009;6487;B;2Story;No;nan
383840;8;2421;0;23;1962;7685;B;2Story;No;nan
208720;4;400;3;688;1952;4537;C;2Story;No;nan
488880;9;2175;1;232;2017;11287;E;1Story;Yes;Gd
246739;5;1410;2;358;1953;10185;B;1Story;No;nan
391192;9;526;3;591;1956;8300;A;1Story;No;nan
260087;4;1710;3;;1975;7272;C;1Story;No;nan
378556;10;1349;3;664;1973;7687;D;Townhouse;No;nan
241044;5;1790;2;490;1959;11222;B;1Story;No;nan
436494;9;2006;0;3;1962;9973;D;1Story;No;nan
394788;8;755;2;401;1993;11273;F;2Story;No;nan
420769;3;2007;0;26;1988;6974;A;1Story;Yes;Ex
182441;1;1503;2;;1968;9450;C;1Story;No;nan
355478;3;2176;1;204;2000;11566;A;2Story;No;nan
188831;4;1397;3;595;1968;5222;B;2Story;No;nan
355784;2;1265;3;663;2001;5033;A;2Story;No;nan
278856;1;1514;3;669;1996;;C;2Story;Yes;Gd
398937;7;1551;0;-40;1979;4295;E;1Story;No;nan
326217;8;1169;2;;;2553;C;Duplex;No;nan
283996;7;1252;1;246;1970;11524;B;1Story;No;nan
240455;5;887;2;442;1997;12047;A;1Story;No;nan
188392;1;1283;3;660;2011;4460;C;1Story;No;nan
492100;7;1838;1;258;2007;3704;A;1Story;No;nan
334867;7;1431;1;235;1967;6040;B;1Story;No;nan
541055;9;2005;3;632;2008;11758;C;2Story;No;nan
322417;3;1407;2;432;1997;6768;F;2Story;No;nan
365803;9;784;3;682;2012;8284;A;1Story;No;nan
300125;1;1799;2;359;1961;8975;D;2Story;No;nan
230013;1;1163;1;183;1983;8522;A;2Story;No;nan
183792;4;1383;1;247;2010;12482;D;1Story;No;nan
518298;9;2119;3;708;2002;5840;C;1Story;No;nan
357700;6;920;1;261;1974;7693;E;1Story;No;nan
183769;3;1582;0;;2011;8697;C;1Story;No;nan
143608;1;1480;1;225;1953;7853;C;2Story;No;nan
280644;4;1850;0;-41;1962;4343;B;1Story;No;nan
617729;9;1928;1;212;1991;3582;A;1Story;No;nan
260090;3;1632;3;580;1998;3520;C;1Story;No;nan
306464;9;1320;3;712;2005;10179;E;Duplex;No;nan
317562;7;1737;0;;1996;5539;C;1Story;No;nan
282318;4;2168;3;639;1957;9408;D;2Story;No;nan
198315;3;1486;1;262;2004;8260;B;1Story;No;nan
323847;10;1366;1;155;1967;5075;C;2Story;No;nan
359143;5;1694;3;612;1984;5150;B;Townhouse;No;nan
420822;5;1519;1;231;1981;8402;A;1Story;No;nan
245769;3;831;2;461;1973;8233;C;Duplex;No;nan
486310;9;1620;2;437;1956;9476;E;2Story;No;nan
186983;4;827;1;218;1962;6627;C;2Story;No;nan
332973;5;1687;3;711;2018;5460;D;2Story;No;nan
246513;4;1101;0;25;1991;8330;E;1Story;No;nan
314210;5;1518;3;680;1980;12260;B;1Story;No;nan
361672;7;1695;0;;1975;2370;E;Townhouse;No;nan
611908;9;2727;3;648;1981;5603;B;1Story;No;nan
405110;7;1871;1;307;2001;9771;B;Townhouse;No;nan
318494;5;2182;2;348;1969;8649;B;2Story;No;nan
634490;10;2436;3;718;1989;9815;B;1Story;No;nan
488290;10;1745;0;36;2008;6711;D;2Story;Yes;Gd
383888;7;1643;2;450;1963;3164;E;Duplex;Yes;Ex
353443;10;967;0;3;1993;13014;B;1Story;No;nan
377118;5;1442;1;214;1997;11252;A;1Story;No;nan
220831;3;1138;2;484;1992;7927;B;2Story;Yes;Ex
343926;7;1299;0;-2;1965;5475;D;Townhouse;No;nan
382840;2;2435;3;631;1984;6528;C;2Story;No;nan
314221;9;1557;1;256;2002;8687;C;1Story;No;nan
293844;10;1062;1;283;1983;7245;D;1Story;No;nan
310546;10;2187;1;143;1952;7957;C;Townhouse;No;nan
318004;1;1978;3;754;2017;12830;F;1Story;No;nan
227144;6;2004;3;;1954;;B;2Story;Yes;TA
236068;7;497;2;402;1959;4488;F;1Story;No;nan
399316;8;2474;3;;2001;8231;B;1Story;No;nan
302380;10;1221;2;440;1978;6439;A;1Story;No;nan
293730;9;1889;1;169;1980;8894;E;1Story;Yes;TA
325284;2;2762;2;394;2015;7810;D;2Story;No;nan
665563;10;2578;0;-28;2018;16903;E;1Story;No;nan
156103;2;1011;1;226;1986;9288;B;1Story;No;nan
177261;5;778;1;229;1976;7597;F;1Story;No;nan
323080;5;2215;2;490;1982;13529;A;Townhouse;No;nan
393470;6;1571;1;269;2017;8617;A;2Story;No;nan
286440;3;1250;3;701;2008;3444;B;1Story;No;nan
361496;8;1811;0;;2013;7627;E;1Story;No;nan
192265;1;1419;2;366;1993;9841;D;2Story;No;nan
373536;6;1851;2;365;1998;9454;C;Duplex;No;nan
224691;4;1533;1;261;;11016;B;1Story;No;nan
253745;1;1861;3;694;1998;;A;1Story;No;nan
381159;7;1053;1;195;2015;8249;B;2Story;No;nan
642266;9;2212;1;162;2012;3793;C;2Story;No;nan
341291;4;1849;2;398;1974;12585;D;2Story;No;nan
290454;4;1823;1;227;1953;7083;D;1Story;No;nan
301708;6;941;0;;2000;5061;F;1Story;No;nan
360646;3;2350;1;262;1960;15884;A;1Story;No;nan
280957;6;1493;1;202;1966;13040;B;1Story;No;nan
459773;7;1864;2;430;2015;6657;C;Townhouse;No;nan
605859;10;1339;1;265;;2358;D;1Story;No;nan
477216;10;1630;3;575;2022;5845;C;2Story;No;nan
262747;3;1649;2;453;2018;12737;F;2Story;No;nan
245892;7;400;1;207;1978;8530;D;1Story;No;nan
361307;3;1791;0;29;2022;3952;A;Duplex;Yes;Gd
390877;2;2483;0;21;2021;10352;A;2Story;No;nan
446607;10;1770;2;412;1969;7370;E;Townhouse;No;nan
231430;4;1021;2;420;1976;6054;D;1Story;No;nan
446176;8;1825;1;128;1957;6281;B;1Story;No;nan
621651;9;2030;3;690;2010;11919;A;1Story;No;nan
301355;7;1756;1;230;1977;9640;C;1Story;No;nan
209335;1;1463;0;56;2019;3542;D;1Story;No;nan
257791;3;1379;3;644;;9102;A;Duplex;No;nan
272139;9;1377;3;697;2018;;C;1Story;No;nan
285445;1;1849;3;617;2022;6739;B;Townhouse;No;nan
251807;9;796;1;112;1956;6897;F;1Story;No;nan
380504;8;1314;0;-4;2009;5405;B;2Story;No;nan
229019;1;2298;2;417;1953;6012;D;1Story;No;nan
448125;6;2317;1;178;1954;8869;C;1Story;No;nan
275062;5;761;2;476;1960;7167;A;Duplex;No;nan
213163;6;934;3;708;1964;9637;C;1Story;No;nan
413732;10;1365;3;664;2013;5645;A;2Story;No;nan
355659;5;1946;1;213;;10122;D;2Story;No;nan
145166;6;586;0;3;1956;11943;C;Duplex;No;nan
258726;5;1473;3;634;1955;7980;A;2Story;Yes;TA
262044;5;1263;2;463;2005;9562;B;1Story;No;nan
525950;4;2163;2;378;2013;9679;E;2Story;No;nan
227064;3;662;1;177;1999;6494;B;1Story;No;nan
281689;3;1546;2;408;1979;9690;C;1Story;No;nan
195200;4;1303;0;22;1971;1195;B;1Story;Yes;TA
376211;9;2235;3;648;1974;1000;F;1Story;No;nan
301564;2;1799;2;494;1977;7012;C;1Story;No;nan
374109;9;1207;2;472;1988;9900;D;Townhouse;No;nan
378772;1;1927;3;628;2016;;A;2Story;Yes;Gd
257827;1;1306;1;;1954;10238;A;Townhouse;No;nan
320960;5;2000;2;424;2014;4395;B;1Story;No;nan
330307;6;1381;1;;;10649;B;2Story;No;nan
435816;6;2027;1;254;2016;12886;D;1Story;No;nan
234812;3;1718;2;485;1989;5911;C;1Story;No;nan
454683;7;3130;0;8;2018;10313;C;Duplex;No;nan
418320;9;1474;1;284;1992;8068;D;Townhouse;No;nan
450470;10;1691;2;458;1950;9326;B;1Story;No;nan
315535;8;1260;1;225;1971;12880;A;Townhouse;No;nan
266824;6;1501;3;648;2011;8982;E;2Story;No;nan
166857;8;400;0;-25;1975;10293;C;Townhouse;No;nan
248322;5;1733;0;17;1967;4211;D;2Story;No;nan
324972;8;2171;3;664;1997;;B;Townhouse;No;nan
416365;10;1698;3;670;;12830;C;Duplex;No;nan
360049;4;843;1;;1950;5229;A;1Story;No;nan
440269;10;1099;3;670;1958;7031;E;1Story;No;nan
313332;8;400;0;81;1972;10058;C;1Story;No;nan
511905;10;1989;3;639;1994;9343;A;2Story;No;nan
165830;2;997;2;;1951;3921;E;Duplex;No;nan
323073;5;1486;2;431;1963;8495;C;2Story;No;nan
373070;9;1423;1;122;1987;7002;E;2Story;No;nan
293296;4;2244;0;-8;1989;;A;1Story;No;nan
278815;6;1543;2;;2012;12070;A;1Story;No;nan
314869;1;1904;3;657;1965;8016;B;1Story;No;nan
432840;9;1773;2;439;1955;10949;B;2Story;No;nan
362895;1;2180;2;455;1952;4480;E;1Story;No;nan
306755;5;1380;1;;1963;9767;D;1Story;No;nan
390680;4;2435;3;644;2015;11185;D;1Story;No;nan
235403;3;507;3;688;;7274;E;1Story;No;nan
525068;6;1929;3;628;1980;6508;B;1Story;No;nan
149136;2;1067;1;;1982;4087;F;1Story;No;nan
187046;3;1254;3;666;1950;5396;F;Townhouse;No;nan
325645;5;1785;3;703;1993;6642;C;1Story;No;nan
487487;9;1781;2;468;1964;;A;Duplex;No;nan
211477;2;1803;2;447;1986;5696;D;1Story;No;nan
319588;10;807;3;710;1976;8474;B;Duplex;No;nan
440568;8;2225;0;43;1997;8833;E;2Story;No;nan
155111;2;1050;0;-13;1976;11273;B;Duplex;No;nan
363096;5;1116;3;670;1961;5715;C;Duplex;No;nan
364907;7;1819;0;12;2016;8070;C;2Story;No;nan
351299;8;1357;1;217;1979;6747;A;Townhouse;No;nan
284022;1;1654;2;485;2015;6535;C;2Story;No;nan
254254;6;422;1;214;1956;7052;A;2Story;No;nan
268541;1;1642;2;420;1983;7411;C;1Story;No;nan
394714;2;1609;0;-104;1981;;E;Townhouse;No;nan
245471;1;1245;0;-32;1988;7009;B;Duplex;No;nan
231310;5;463;3;607;1992;11682;E;1Story;No;nan
344789;10;1394;0;-2;1992;2887;B;2Story;No;nan
376053;9;1481;0;-50;1952;11162;D;Duplex;No;nan
260021;6;1316;3;684;1995;6894;F;2Story;No;nan
283592;1;582;3;704;1981;7434;B;Townhouse;No;nan
380763;1;2297;2;439;1992;7971;F;1Story;No;nan
139355;2;1181;0;-39;1952;10117;C;1Story;No;nan
505268;9;1389;2;451;2012;5359;B;2Story;No;nan
134007;3;400;2;516;1989;6029;E;1Story;Yes;Ex
277588;1;2297;1;283;1967;9502;A;1Story;No;nan
327226;5;1267;0;;2016;2905;A;2Story;No;nan
246207;7;1549;0;-58;2011;7898;C;1Story;No;nan
520071;6;2060;1;152;1959;5607;E;1Story;No;nan
231738;1;1162;2;395;2001;4975;E;1Story;No;nan
288837;5;1982;0;10;2022;3085;A;2Story;No;nan
306923;5;469;2;418;1995;10317;F;1Story;No;nan
226831;6;1775;1;186;2004;;D;1Story;No;nan
253147;3;2286;3;702;1995;;F;2Story;No;nan
204946;5;1210;2;461;2009;7506;B;1Story;No;nan
225741;7;2059;0;-68;1975;4721;D;Townhouse;Yes;TA
359949;5;2417;3;699;1976;6391;E;1Story;No;nan
298271;5;1373;2;;;7405;C;Duplex;No;nan
290882;5;1331;2;;1971;8192;F;1Story;No;nan
361700;10;1051;3;637;1975;9176;B;Duplex;No;nan
431227;10;1245;3;653;2018;2582;B;1Story;No;nan
164015;3;1092;3;581;1984;9186;F;1Story;No;nan
131761;1;1050;0;35;2015;2824;F;Duplex;No;nan
219646;5;2099;0;-40;2022;9295;B;1Story;No;nan
386531;9;1105;2;;2000;7360;A;2Story;No;nan
213777;1;1629;2;405;1967;11274;E;1Story;No;nan
243576;3;1519;1;292;;5977;F;2Story;No;nan
354229;4;2249;0;-27;1961;10343;D;Townhouse;No;nan
163514;1;1248;2;478;1952;4498;D;Townhouse;No;nan
222987;1;1691;3;659;1956;8318;E;1Story;No;nan
417225;8;1896;3;627;1955;1886;B;1Story;No;nan
360724;2;2245;0;-40;1994;10649;F;Townhouse;Yes;Gd
358223;8;1241;3;635;1988;13181;C;Duplex;Yes;Gd
385561;7;1191;1;217;2000;5905;D;1Story;No;nan
282595;10;969;2;464;1958;8368;C;2Story;No;nan
345827;10;2618;2;421;1972;9332;C;1Story;No;nan
290094;2;2192;2;420;1961;3349;D;Townhouse;No;nan
237344;6;1479;0;-35;2011;5753;F;1Story;No;nan
301860;6;2466;3;612;2022;5567;D;2Story;No;nan
300836;3;1449;1;169;1989;15221;E;2Story;No;nan
287063;2;1862;0;40;2003;11137;A;Townhouse;Yes;Ex
371071;1;1505;2;419;1956;7349;E;Duplex;No;nan
366855;6;1699;1;202;1966;10337;B;1Story;No;nan
302811;5;1646;2;;1999;8634;A;2Story;No;nan
296921;9;1288;2;427;1973;9779;A;Townhouse;No;nan
231106;1;2046;0;15;1951;4839;D;2Story;No;nan
476787;7;1858;2;421;1982;12120;F;2Story;No;nan
265537;5;2014;1;;1970;5697;D;2Story;No;nan
332753;5;1660;2;497;2002;5852;B;1Story;No;nan
191007;2;1047;3;627;1995;9771;B;2Story;No;nan
325622;3;2355;2;422;1994;9037;C;1Story;No;nan
405506;7;1369;0;26;1958;8069;A;1Story;No;nan
351100;6;1682;1;280;1955;10519;C;Duplex;No;nan
210753;2;1818;0;-50;2000;4517;D;1Story;No;nan
280722;6;1679;3;592;1984;13533;F;1Story;No;nan
181326;2;1958;2;;2002;6498;C;1Story;No;nan
285510;2;2037;0;-4;1968;7735;B;1Story;No;nan
163088;2;1388;0;28;2018;13579;E;Duplex;No;nan
274519;3;2313;0;22;1974;5872;D;2Story;No;nan
259789;2;1367;0;-1;1960;11069;E;1Story;No;nan
336526;4;1668;3;702;1966;7357;B;1Story;No;nan
375230;9;1306;3;633;1985;5474;C;1Story;No;nan
254919;6;1163;2;448;1970;6849;F;1Story;No;nan
325424;1;2022;2;391;1967;9699;B;2Story;No;nan
403383;8;3061;1;218;2009;11043;D;1Story;No;nan
391901;7;1319;3;602;1967;8677;B;2Story;No;nan
456585;10;2108;0;-45;1950;3206;C;1Story;No;nan
230516;3;1337;0;;1963;9907;E;1Story;No;nan
284058;1;1495;1;147;1957;7574;C;1Story;No;nan
277108;5;2379;0;-9;2015;4693;E;1Story;No;nan
143597;4;963;1;253;2000;9039;C;Duplex;No;nan
338817;10;831;2;;2009;11402;F;1Story;No;nan
330989;8;1456;3;667;1983;8020;C;1Story;No;nan
171229;1;1832;1;229;1985;10770;A;Townhouse;No;nan
438997;10;1732;0;2;2011;9387;C;2Story;No;nan
229392;1;1680;1;262;1950;9426;D;1Story;No;nan
434400;4;1517;2;457;1991;7084;E;Townhouse;Yes;Gd
315104;8;1893;0;-23;1950;10456;C;1Story;No;nan
169173;5;400;2;485;2003;10743;C;2Story;No;nan
169239;2;1125;2;422;1996;10378;E;1Story;No;nan
229671;6;1453;1;156;1988;7059;E;2Story;No;nan
428546;5;1852;2;376;1979;10955;D;2Story;No;nan
355563;2;2245;0;-8;;9159;E;1Story;No;nan
273648;3;1057;2;;1971;5083;C;2Story;No;nan
564626;9;2229;2;478;1999;6856;A;2Story;No;nan
241824;7;1274;1;246;1994;6409;A;2Story;No;nan
337395;7;1435;2;443;2021;2036;F;Duplex;No;nan
469647;6;1791;3;700;1959;11010;A;2Story;No;nan
247049;8;1398;1;221;1963;17304;C;1Story;No;nan
322277;4;2055;1;168;1995;;F;2Story;No;nan
355637;8;1298;0;-60;1955;8489;B;2Story;No;nan
323235;4;1305;0;51;1970;6453;E;1Story;No;nan
507087;8;2026;0;-90;2011;5225;E;2Story;No;nan
310205;9;1118;0;-8;1968;8452;F;2Story;No;nan
275534;3;1624;3;779;2011;10905;B;Townhouse;No;nan
237397;3;670;1;238;2002;5976;B;2Story;No;nan
320812;2;2410;2;432;1973;15693;F;1Story;No;nan
297491;10;2103;0;-67;2005;3848;B;2Story;No;nan
385947;3;2875;0;65;2011;8673;C;Duplex;No;nan
190646;3;2169;0;49;1983;8211;D;Duplex;No;nan
169529;5;935;2;467;1971;8020;B;Duplex;No;nan
290540;5;1834;0;0;;;F;Duplex;No;nan
218111;2;1041;2;463;2006;8247;D;1Story;No;nan
346232;10;2289;1;214;1959;6651;A;2Story;No;nan
426190;6;949;1;181;2015;11864;A;2Story;No;nan
346155;5;925;1;258;1957;12862;B;1Story;No;nan
342279;6;695;3;658;1987;6834;B;1Story;No;nan
231338;1;1256;2;461;2011;3065;D;Duplex;No;nan
265079;5;1155;0;-5;1977;8953;A;2Story;No;nan
272658;9;869;0;;1959;8845;C;Townhouse;No;nan
466779;10;2495;0;-1;1994;8316;F;Townhouse;No;nan
175019;2;1765;0;-4;2014;9599;C;1Story;No;nan
237627;1;1706;3;661;2016;12145;B;Townhouse;No;nan
370887;10;2295;0;118;1958;10499;F;1Story;No;nan
393304;9;1628;3;692;1954;9594;B;2Story;No;nan
425671;10;1126;2;543;1959;10262;F;1Story;No;nan
241934;9;650;1;220;1961;8754;D;1Story;No;nan
357278;9;1097;0;-12;2007;5164;D;Townhouse;No;nan
360552;6;2253;1;177;1970;12351;E;1Story;No;nan
449927;8;872;2;504;1970;8308;C;2Story;No;nan
277220;1;1677;2;404;2014;5162;E;1Story;No;nan
619812;10;2017;0;72;1952;4616;E;1Story;Yes;TA
400495;4;1643;2;399;2018;5247;C;1Story;No;nan
253664;1;1699;1;255;2013;4302;C;2Story;No;nan
263491;8;1828;0;;1998;10007;E;1Story;No;nan
251171;1;1690;3;642;2021;7475;C;1Story;No;nan
380426;3;2305;0;1;1966;10328;E;2Story;No;nan
284119;4;980;1;196;2022;11508;D;1Story;No;nan
260470;8;1620;0;-7;1981;10732;C;1Story;No;nan
201859;6;591;0;-7;2019;9902;A;Townhouse;No;nan
301144;10;463;1;252;1970;8863;B;1Story;No;nan
294605;7;1459;0;-83;1956;7429;C;1Story;No;nan
363381;8;1772;0;-23;1956;7629;C;2Story;No;nan
414438;2;2315;1;270;1976;9753;D;2Story;No;nan
460289;10;2710;2;462;1957;5116;D;2Story;No;nan
419850;8;2160;1;271;2022;7838;D;Townhouse;No;nan
202558;3;1864;0;30;1977;5771;E;1Story;No;nan
363435;7;1580;3;617;2015;11519;B;Townhouse;No;nan
302939;3;734;3;;2020;10151;D;Townhouse;No;nan
374716;7;1427;1;224;1996;14412;A;Duplex;No;nan
255769;2;2145;3;751;1959;5727;C;1Story;No;nan
498463;10;1949;0;32;1982;6049;B;Duplex;No;nan
307903;6;857;0;21;1956;8173;C;1Story;No;nan
313304;3;1807;1;247;1952;5824;C;2Story;No;nan
358587;3;1764;0;19;1963;9613;A;1Story;Yes;Gd
467684;9;1675;2;458;1993;7847;C;Duplex;No;nan
325815;7;1486;0;;1995;6534;F;2Story;No;nan
362801;5;1833;1;;2010;11263;B;1Story;No;nan
317502;10;1849;2;;1985;2451;D;Duplex;No;nan
273345;7;1179;2;482;1962;9626;C;2Story;No;nan
422640;9;1728;3;698;1965;6347;B;2Story;No;nan
142504;1;1405;0;60;1954;10450;A;1Story;No;nan
326520;7;756;1;265;1987;11169;B;Duplex;No;nan
286640;6;1219;3;685;1999;1171;E;2Story;No;nan
361334;10;718;3;614;1987;7365;B;1Story;No;nan
487124;9;1990;0;-46;2005;8175;A;2Story;No;nan
171847;1;1678;0;-10;2012;1000;B;2Story;No;nan
289604;4;1322;1;222;1997;8683;C;2Story;No;nan
289609;9;2210;3;716;2008;;D;1Story;No;nan
325498;4;1534;1;109;1993;4383;C;1Story;No;nan
442909;10;784;3;619;2004;6049;C;2Story;No;nan
311844;3;1280;3;652;2004;5530;C;Townhouse;Yes;TA
522593;9;2316;3;620;1950;6287;A;2Story;No;nan
160339;2;1165;0;-32;1957;8555;C;1Story;No;nan
258439;4;1638;3;640;1953;10944;C;1Story;No;nan
314262;6;1872;3;622;2002;7766;C;2Story;No;nan
280752;2;1795;3;629;2007;11308;D;Duplex;No;nan
646879;8;2725;2;495;1986;4862;D;1Story;No;nan
319804;8;912;0;25;1998;8459;B;2Story;No;nan
164803;1;962;2;471;2016;14320;B;1Story;No;nan
215546;3;920;0;-1;1968;3228;C;1Story;No;nan
486245;10;1352;1;260;1950;3114;D;1Story;No;nan
530733;9;2050;2;474;1978;11840;A;Duplex;No;nan
228996;5;984;1;244;1982;8662;F;Townhouse;No;nan
353494;6;2057;3;634;2001;6195;C;1Story;No;nan
184027;4;1518;1;202;1990;4611;B;2Story;No;nan
319745;10;946;1;262;1972;7892;D;1Story;No;nan
158569;2;624;1;199;1954;8401;A;2Story;No;nan
288043;8;736;1;168;2020;8416;C;2Story;No;nan
268130;6;1167;0;-21;2006;4582;C;1Story;No;nan
405007;5;1415;2;502;1955;6989;B;1Story;No;nan
392419;9;2173;0;-21;1998;6296;E;Duplex;No;nan
254009;1;1900;0;13;1971;9939;E;2Story;No;nan
266405;5;1081;0;-25;1953;4759;B;1Story;No;nan
306347;6;1704;1;251;2021;8228;C;2Story;No;nan
525829;5;2326;0;;2013;15903;A;Duplex;No;nan
469812;6;2437;2;380;1986;4554;E;2Story;No;nan
361039;6;1343;0;11;1980;5758;B;1Story;No;nan
541362;7;1979;3;593;;7718;C;2Story;No;nan
361048;4;2195;1;198;1994;1000;B;2Story;No;nan
308086;8;746;3;660;1957;3720;B;2Story;No;nan
357844;7;1244;2;514;1989;8932;D;Townhouse;No;nan
357493;9;2610;2;453;1954;7473;D;1Story;No;nan
335627;7;1349;2;409;1977;11164;C;2Story;Yes;Ex
125167;3;400;2;427;1958;7286;D;1Story;No;nan
187274;3;1440;0;37;1951;7022;C;1Story;No;nan
321467;8;2062;1;;2012;5891;A;2Story;No;nan
233836;5;1503;2;484;2000;6971;A;Townhouse;No;nan
272013;4;1858;3;639;1980;4365;C;1Story;No;nan
234696;8;1969;2;403;1956;7558;D;Townhouse;No;nan
291848;6;1323;1;;1979;5086;F;1Story;No;nan
275455;2;1240;3;595;2007;4368;A;1Story;No;nan
300695;4;1577;3;573;1952;6082;C;1Story;No;nan
263680;4;1589;3;657;2000;9353;B;2Story;No;nan
348846;6;1527;0;-3;2005;8427;E;2Story;No;nan
255594;6;1548;2;450;2022;10003;E;1Story;No;nan
170070;1;1126;0;-3;1959;5230;B;1Story;No;nan
262716;8;1875;3;753;2010;7960;D;2Story;No;nan
343723;6;1800;0;7;1999;13105;D;2Story;No;nan
195433;3;832;0;-55;1996;12193;B;1Story;No;nan
400167;9;1305;0;-45;1950;4176;C;Duplex;No;nan
267007;2;1547;2;440;2006;4975;D;2Story;No;nan
455444;8;1233;3;643;1987;13092;A;1Story;No;nan
276872;10;1819;3;611;2011;9355;C;1Story;No;nan
364003;3;1467;2;438;2019;7428;B;2Story;No;nan
274524;5;1585;0;-2;2014;7093;C;1Story;No;nan
386028;6;1300;0;64;2011;8682;E;2Story;No;nan
471319;10;503;1;;2005;8720;C;1Story;No;nan
356509;6;475;1;203;2016;6401;A;2Story;No;nan
279243;4;1795;1;284;1966;7510;A;1Story;No;nan
183036;3;1633;2;453;1957;6295;D;Townhouse;No;nan
307722;4;1719;3;623;2009;8506;B;Townhouse;No;nan
231133;1;1567;1;191;1989;5787;C;Townhouse;No;nan
232949;4;1607;3;611;2011;4197;B;1Story;No;nan
222882;1;1985;3;663;1990;12426;E;Duplex;No;nan
320751;1;1722;3;701;1961;7791;E;2Story;No;nan
406482;10;2020;2;505;2003;13091;E;2Story;No;nan
401309;6;1586;2;;1960;2203;B;1Story;No;nan
305064;5;1350;2;475;2009;3652;D;2Story;No;nan
305666;4;1597;2;447;2017;9400;B;Townhouse;No;nan
320506;3;1082;1;210;1995;7794;E;1Story;No;nan
339376;1;1310;0;-17;1987;4527;A;1Story;No;nan
352190;6;1589;0;-77;2010;11409;E;1Story;No;nan
247914;2;1582;0;26;1966;5390;C;1Story;No;nan
400208;8;1447;1;167;2015;11596;E;2Story;No;nan
303345;10;806;0;-30;2021;7789;D;Duplex;No;nan
310780;5;1818;1;;1985;4790;C;1Story;No;nan
371651;7;1917;1;147;1956;5994;F;2Story;No;nan
527564;10;2322;1;167;1965;12116;B;1Story;No;nan
254238;2;1721;0;49;1963;7107;F;1Story;No;nan
366014;8;1501;3;665;1974;10917;E;2Story;No;nan
197698;2;993;0;-26;1953;12201;F;1Story;No;nan
326530;4;2246;0;5;1978;7759;A;2Story;No;nan
281345;1;1624;2;467;2005;7330;B;1Story;No;nan
268410;5;1597;1;265;1955;6785;D;2Story;No;nan
257701;9;1373;3;616;1950;9056;F;1Story;No;nan
323071;1;1341;2;399;1988;12518;A;Townhouse;No;nan
455921;9;1844;3;684;1950;4319;A;Duplex;No;nan
294210;8;989;3;686;2012;8657;B;1Story;No;nan
411555;6;2313;1;166;2006;8528;E;1Story;No;nan
308284;7;2204;0;-39;2016;2587;E;1Story;No;nan
228606;3;1323;1;212;2014;5338;B;2Story;No;nan
206848;1;1068;1;221;2014;5952;A;1Story;No;nan
220466;5;492;2;;1970;10292;C;2Story;No;nan
251284;2;874;1;166;1979;10817;B;1Story;No;nan
320393;5;1865;0;2;1982;2374;D;1Story;No;nan
405494;8;1658;3;631;1997;9918;C;1Story;No;nan
368521;9;1747;1;173;1971;9530;D;1Story;No;nan
214540;2;577;3;660;2003;;E;2Story;No;nan
222819;3;1302;1;215;1953;8458;C;1Story;No;nan
309476;3;2184;3;692;2004;10851;B;Duplex;No;nan
293065;1;1452;1;186;1993;11515;E;2Story;No;nan
239313;8;864;2;449;1961;3098;B;1Story;No;nan
453177;6;1444;3;597;2001;7854;E;1Story;No;nan
214861;8;1114;1;209;2014;7237;A;1Story;No;nan
443938;9;1667;1;239;2014;6282;E;2Story;No;nan
418854;5;1510;2;462;1959;6636;A;1Story;No;nan
422132;3;1772;2;462;1967;8560;A;1Story;No;nan
263999;5;891;2;472;1996;4110;C;1Story;No;nan
231784;5;1276;3;642;2015;10012;F;1Story;No;nan
401326;5;2045;3;680;1998;6893;F;Townhouse;No;nan
330252;3;823;2;515;2021;10624;B;Duplex;No;nan
523381;10;998;0;-19;1971;6140;A;1Story;Yes;TA
217907;4;1600;0;55;1975;5978;C;2Story;No;nan
401096;9;1643;1;;1958;5164;B;Townhouse;Yes;Ex
343948;10;1256;0;;1970;6157;E;1Story;No;nan
257936;9;1361;1;213;2012;5596;C;2Story;No;nan
322313;2;1767;3;665;1955;9304;E;1Story;No;nan
326097;8;1925;3;693;1963;11141;D;2Story;No;nan
434095;8;965;0;16;1982;9164;C;2Story;No;nan
497518;7;1682;3;641;2020;7768;E;Townhouse;No;nan
372789;8;2256;2;357;1973;9461;B;1Story;No;nan
246546;3;1442;2;467;2022;7891;B;2Story;No;nan
302733;6;960;0;-77;2000;8086;E;1Story;No;nan
233393;1;937;0;-55;1951;7080;B;1Story;No;nan
324285;7;1420;1;204;1964;10510;A;Townhouse;No;nan
322576;1;2018;3;;1984;1000;F;2Story;No;nan
506453;9;1480;1;233;1985;1601;D;1Story;Yes;Ex
189805;1;1595;1;208;1988;11082;C;2Story;No;nan
103693;1;1002;2;471;1953;7410;D;1Story;No;nan
483413;7;1992;2;376;2013;10752;B;1Story;No;nan
181027;2;927;2;414;1955;;F;2Story;Yes;Ex
304609;5;1248;2;440;2006;13023;A;2Story;No;nan
471012;8;1815;1;222;1979;7590;D;1Story;No;nan
410554;8;480;2;468;2016;9348;E;2Story;No;nan
292498;3;1587;3;623;1964;6659;C;1Story;No;nan
205790;7;980;2;421;1966;5309;E;1Story;No;nan
274871;3;1508;2;;1967;2777;F;1Story;No;nan
313001;6;1324;2;352;1968;10357;D;Townhouse;No;nan
706520;6;2553;0;;2018;9186;B;Duplex;No;nan
243265;3;1303;3;691;1973;8281;C;1Story;No;nan
375318;7;2421;3;607;1997;4584;F;1Story;No;nan
297927;3;1793;1;207;1979;12246;C;2Story;No;nan
276854;8;1099;1;280;1964;8318;D;2Story;No;nan
355556;10;1665;2;466;1996;10109;C;1Story;No;nan
217645;4;1348;0;18;1993;7991;A;1Story;No;nan
150549;1;1621;1;260;1976;4732;A;Townhouse;No;nan
157044;4;1143;1;292;2013;10977;F;2Story;No;nan
442563;7;2345;2;441;1990;9352;D;1Story;No;nan
380877;4;1963;2;424;2017;7456;A;2Story;No;nan
341384;6;1516;1;260;1954;9301;E;1Story;No;nan
397252;9;2365;1;213;2002;10453;C;1Story;No;nan
154099;1;1537;3;623;1957;9981;E;Townhouse;No;nan
500190;5;2049;0;-22;1971;2866;A;1Story;No;nan
315584;7;1519;3;672;1956;3529;F;1Story;No;nan
246217;1;1697;1;202;1971;10199;C;2Story;No;nan
322700;4;1459;3;645;1995;5912;D;Duplex;No;nan
409610;6;1548;3;619;1979;4854;A;2Story;No;nan
260950;2;1585;1;277;1965;9116;B;1Story;No;nan
337648;10;1165;2;426;1954;4763;B;2Story;No;nan
281698;5;1299;1;192;2016;6563;F;2Story;No;nan
418758;10;1392;2;416;1972;10557;B;1Story;No;nan
185066;1;1615;1;252;2010;3458;D;2Story;No;nan
349422;6;1485;1;243;1954;;A;1Story;No;nan
311104;6;2087;1;200;1972;3167;B;Townhouse;No;nan
244760;4;1924;0;1;1974;5417;B;2Story;No;nan
463728;8;1402;2;451;1957;8248;E;1Story;No;nan
293782;4;2191;0;-28;1970;6144;E;2Story;No;nan
385192;8;2437;1;158;1951;12510;F;1Story;No;nan
279576;8;478;3;;1971;9366;F;2Story;No;nan
346681;5;1966;0;-26;2021;7944;A;1Story;No;nan
309549;4;1154;2;458;2021;11802;E;1Story;No;nan
282148;2;1900;1;233;2017;4008;C;2Story;No;nan
283850;3;2119;0;2;2013;10600;E;Duplex;No;nan
171873;3;1062;3;643;1968;7291;A;1Story;No;nan
241581;4;574;0;-25;2002;6634;E;2Story;No;nan
267530;4;1918;2;394;2001;9833;B;2Story;No;nan
316438;10;1568;0;-25;1996;6762;B;1Story;No;nan
268215;5;666;3;683;2003;8546;A;1Story;No;nan
420005;4;2765;3;716;1993;7700;A;2Story;No;nan
412427;10;1812;2;490;1956;8919;C;1Story;Yes;Gd
363328;8;1835;3;666;1950;6479;E;Townhouse;No;nan
412480;6;2183;1;276;2012;10780;E;2Story;No;nan
302783;6;1210;3;648;1988;1867;B;Duplex;No;nan
343247;8;1565;1;168;1968;9923;B;1Story;No;nan
179039;7;840;0;77;1980;2326;C;Duplex;No;nan
449795;10;1196;1;241;1973;5740;E;1Story;No;nan
359097;10;1693;1;159;2018;;A;2Story;No;nan
230399;8;667;0;62;2014;1959;C;1Story;No;nan
224705;2;1182;3;630;1982;8499;A;1Story;No;nan
363551;9;1036;1;199;2008;3886;C;1Story;No;nan
199768;1;1571;3;701;1982;5093;A;1Story;No;nan
355301;8;1787;0;54;1981;4955;A;2Story;No;nan
240199;4;1871;2;400;2008;3970;B;2Story;No;nan
279114;4;1999;3;;1990;2811;B;2Story;No;nan
238782;5;2186;3;695;1961;14214;B;1Story;No;nan
343531;8;1804;2;408;2022;7453;D;1Story;No;nan
320740;5;2444;2;430;1960;4288;A;Duplex;No;nan
411508;8;1560;0;61;1968;6314;A;2Story;No;nan
681090;10;1413;3;598;2003;8110;B;1Story;No;nan
362789;1;1804;3;715;2006;6864;E;2Story;No;nan
379508;10;1392;0;34;1991;4199;D;Duplex;No;nan
437307;9;2426;3;680;2020;5302;D;Duplex;No;nan
283270;6;2065;1;225;1980;11557;C;1Story;No;nan
304241;3;1875;1;299;2001;3792;B;Duplex;No;nan
308169;8;1566;1;305;1951;2009;A;1Story;No;nan
302593;9;1296;3;635;1987;6836;C;2Story;No;nan
228668;6;1851;1;244;;2205;C;1Story;No;nan
331791;7;936;1;295;1959;5271;E;2Story;No;nan
348741;1;2267;0;-31;1957;4244;E;2Story;No;nan
212615;5;1411;0;10;1969;4270;C;1Story;No;nan
370716;5;1653;2;480;1969;8209;C;2Story;No;nan
394207;10;1045;2;359;1958;8771;B;2Story;No;nan
275831;4;1861;2;;2021;5582;B;1Story;No;nan
297075;6;1273;2;396;1964;;F;1Story;No;nan
455462;7;1825;0;8;2012;5433;A;1Story;No;nan
337222;9;1879;0;46;1970;9203;F;2Story;No;nan
236261;1;1176;0;-96;1954;3567;C;Duplex;No;nan
282179;6;938;1;251;1984;;C;2Story;No;nan
553275;7;2266;1;302;;8723;B;1Story;Yes;Ex
173227;3;1404;2;419;1997;15008;D;1Story;No;nan
294253;8;1612;1;243;2011;2737;C;1Story;Yes;TA
469587;5;1743;3;713;1984;15967;C;Townhouse;No;nan
309276;9;873;0;-64;2019;10270;B;1Story;No;nan
364806;5;1731;2;470;1970;13482;A;1Story;No;nan
484126;9;1550;2;481;1988;10716;C;2Story;No;nan
482368;10;1178;3;686;1983;5169;B;Duplex;No;nan
235550;4;922;1;223;1964;9974;D;1Story;No;nan
298651;9;1803;2;400;1955;6003;D;1Story;No;nan
348250;5;2064;1;276;2015;7736;B;2Story;No;nan
397588;10;1589;1;;2005;4476;D;2Story;No;nan
355244;9;783;3;624;1998;5964;B;1Story;No;nan
160247;3;971;2;427;1950;10691;D;2Story;No;nan
174154;4;1284;1;235;2014;9314;A;2Story;No;nan
363323;9;2282;1;158;1977;11073;B;Duplex;No;nan
395043;10;1377;3;;1969;3807;B;1Story;No;nan
334326;6;1266;3;643;1997;2389;E;1Story;No;nan
275746;2;663;1;273;2021;11305;A;2Story;No;nan
436671;7;1172;3;585;2014;11083;B;2Story;No;nan
141896;2;884;1;258;2000;8635;C;2Story;No;nan
213818;2;998;2;497;1992;9258;A;2Story;No;nan
152613;1;1560;0;-73;1998;10595;E;1Story;No;nan
271754;3;1299;3;;1974;8545;C;1Story;No;nan
370473;6;2350;0;71;1990;9610;F;1Story;No;nan
436723;8;2039;1;184;2020;10444;A;Townhouse;No;nan
345336;9;1196;1;344;2013;7719;B;1Story;No;nan
384133;7;1042;1;148;2010;6963;D;1Story;No;nan
265383;4;2191;0;7;1961;9146;D;1Story;No;nan
477755;6;2330;1;219;2018;14794;B;Duplex;No;nan
265911;5;403;3;652;1963;5457;C;Duplex;No;nan
406285;8;1546;2;459;1983;6708;E;Townhouse;No;nan
263920;1;1374;2;461;1997;2731;A;1Story;Yes;Ex
244147;1;1825;3;653;2010;9304;D;2Story;No;nan
395570;6;2471;2;399;1984;6410;B;1Story;No;nan
347505;10;1258;0;42;2014;3799;F;1Story;No;nan
139349;2;470;1;245;2008;7809;C;1Story;No;nan
314928;5;1790;1;225;1985;12484;A;1Story;Yes;Ex
260827;1;2195;1;244;1968;;C;2Story;No;nan
405703;7;1348;0;;1991;7218;F;Townhouse;No;nan
150517;1;1147;0;-30;2018;12367;D;1Story;No;nan
287164;4;1281;0;;1968;7985;B;Townhouse;No;nan
283865;9;1925;3;638;1988;4377;C;1Story;No;nan
122041;1;1273;0;;2018;10067;C;1Story;No;nan
308404;4;1664;2;432;2001;11374;A;1Story;No;nan
333597;6;1514;3;684;1961;7399;B;1Story;No;nan
344530;6;1462;3;643;1996;8391;C;1Story;No;nan
606399;8;1851;3;687;1985;4066;C;2Story;No;nan
167897;1;1261;0;-39;2012;5388;B;2Story;No;nan
381313;7;1285;3;661;2000;7001;E;Duplex;No;nan
235883;1;1899;0;39;1992;8231;C;1Story;Yes;Ex
342782;7;1007;0;19;1983;6141;B;2Story;No;nan
222792;3;1060;3;668;1998;6888;B;2Story;No;nan
218465;8;870;1;292;1967;7629;D;Townhouse;No;nan
252112;3;1925;1;261;2010;5006;D;1Story;No;nan
273467;1;1447;3;694;2006;7194;D;Townhouse;No;nan
268975;8;843;1;246;1954;11468;B;2Story;No;nan
338891;3;1927;2;471;1973;6212;C;2Story;No;nan
217811;2;1222;2;506;2013;5297;F;1Story;No;nan
242770;1;1064;0;-17;2008;14255;C;1Story;No;nan
262423;3;1402;1;260;1987;8677;B;2Story;Yes;TA
493068;2;2239;2;454;1982;5681;E;1Story;No;nan
281818;2;1303;3;645;1959;9931;B;1Story;No;nan
230899;6;1788;1;216;1986;8768;B;Townhouse;No;nan
297413;1;1864;2;449;1960;6289;A;1Story;No;nan
362751;2;1722;2;406;1973;7853;B;1Story;No;nan
384544;6;2136;3;695;;7126;C;2Story;No;nan
251337;3;1146;0;-4;1970;10970;A;1Story;No;nan
194065;4;978;3;;1969;10044;E;2Story;No;nan
143834;1;969;0;54;1959;1571;C;2Story;No;nan
332510;8;1428;2;445;1996;13709;C;1Story;No;nan
207351;7;1026;0;62;1996;7135;C;2Story;No;nan
374671;7;1574;2;;1964;13167;D;1Story;No;nan
295019;3;1538;2;396;1993;10148;C;Duplex;No;nan
397123;10;2009;1;208;2011;8745;E;Townhouse;No;nan
330510;10;1646;0;-113;;7718;E;1Story;No;nan
166339;3;1292;0;36;2015;16276;D;Duplex;No;nan
329983;2;1705;0;-42;1953;7185;C;2Story;Yes;TA
173161;1;985;3;;1972;5986;E;1Story;No;nan
307011;7;1481;1;249;1962;6256;C;1Story;No;nan
426742;7;1660;1;225;1980;8003;A;1Story;No;nan
222084;2;1565;1;202;1965;7998;A;Townhouse;No;nan
290051;7;1708;3;579;1990;11012;F;1Story;No;nan
347783;8;1178;0;52;1950;10275;B;1Story;No;nan
265445;1;2076;0;29;1961;10278;E;1Story;No;nan
425595;9;2411;0;82;2005;7315;B;2Story;No;nan
234220;7;699;1;196;1999;10030;C;Townhouse;No;nan
206116;3;892;1;162;1969;;D;2Story;No;nan
340076;8;1522;2;480;2015;7762;B;1Story;No;nan
323377;7;1372;3;652;1985;;D;1Story;No;nan
731575;8;2448;3;685;1987;10340;D;1Story;No;nan
361257;6;1610;1;285;1971;8633;C;1Story;No;nan
540987;9;2196;2;456;2010;8920;C;2Story;No;nan
205066;5;475;0;7;1999;12221;A;1Story;No;nan
211338;3;1907;1;229;2008;8657;C;Duplex;No;nan
327836;3;1142;3;595;1969;6177;A;2Story;No;nan
209557;1;1134;3;704;1985;3963;B;Duplex;Yes;Ex
355103;8;1376;3;707;1964;8339;F;Townhouse;No;nan
194205;2;788;0;;2011;7006;C;Townhouse;No;nan
245459;3;1721;3;599;1952;10425;D;1Story;No;nan
416372;8;1595;0;-5;1954;12733;C;Townhouse;No;nan
376290;8;1633;0;58;2005;4911;B;2Story;No;nan
277535;4;1944;0;-23;1980;5342;C;2Story;Yes;TA
302290;4;2257;1;;1984;7928;E;1Story;No;nan
236891;5;1318;0;2;2020;;A;1Story;No;nan
260413;6;1739;2;469;2019;7334;E;Townhouse;No;nan
517991;5;1646;3;644;1975;6391;C;1Story;No;nan
515199;7;1689;1;223;1950;4977;A;1Story;Yes;TA
303918;2;1696;3;677;1956;10478;C;1Story;No;nan
433890;7;2295;0;-43;1985;8226;C;Townhouse;No;nan
498502;10;1270;1;231;1974;13491;B;1Story;No;nan
283651;7;737;2;332;2008;9077;E;Townhouse;No;nan
182085;1;1151;0;-24;2010;11866;E;1Story;No;nan
513930;7;1879;3;682;1978;5814;E;1Story;No;nan
357698;5;1512;2;485;1967;5776;E;1Story;No;nan
271127;3;1266;0;19;1990;14663;F;2Story;No;nan
216272;3;962;2;384;1968;6173;F;1Story;No;nan
312613;4;1611;0;41;1953;5153;A;1Story;No;nan
266275;2;1822;1;174;2014;4486;C;1Story;No;nan
248013;2;1653;0;25;1990;13747;A;1Story;No;nan
254221;1;1373;1;176;1964;7176;C;2Story;No;nan
312818;5;1573;0;-31;2003;9210;F;1Story;No;nan
423637;4;1570;0;-38;2013;8454;B;1Story;No;nan
427283;10;1595;3;;2021;5830;D;1Story;No;nan
134352;2;908;2;432;1964;7111;D;1Story;No;nan
298688;3;1599;2;460;1999;10537;B;Townhouse;No;nan
275243;7;1280;2;439;1971;4322;B;1Story;No;nan
360091;7;2020;0;-61;1967;10023;C;1Story;No;nan
277897;4;1566;0;;1951;12302;B;1Story;No;nan
492426;5;1918;0;-70;1985;8877;C;2Story;No;nan
338887;5;1349;1;185;1969;12000;C;2Story;No;nan
286584;6;1367;1;205;1965;3886;C;1Story;Yes;TA
319044;9;2247;3;643;2016;2510;A;2Story;No;nan
262356;2;1718;0;-66;1979;8728;C;2Story;No;nan
393190;5;1143;2;495;2004;6241;A;1Story;No;nan
371726;3;1948;2;506;2015;10636;E;1Story;No;nan
208357;4;1233;3;750;1975;7069;B;2Story;No;nan
418431;10;1613;2;486;2006;8442;E;2Story;No;nan
635260;6;2418;3;644;2018;8243;D;Townhouse;No;nan
264062;8;784;0;;1951;8339;E;1Story;No;nan
283655;1;1412;2;421;2005;6372;B;2Story;No;nan
393820;10;1704;0;79;2011;3906;B;1Story;No;nan
454429;8;1882;1;;1983;7342;C;Duplex;No;nan
350360;7;879;2;491;2005;12350;A;2Story;Yes;Gd
165363;1;732;1;268;2004;6174;F;2Story;No;nan
313336;2;2045;2;448;1969;6157;C;1Story;No;nan
232025;3;1140;0;;1999;8473;F;1Story;No;nan
371125;1;1119;3;656;1974;4469;E;2Story;Yes;TA
523508;9;2275;0;6;1974;11010;A;1Story;No;nan
398657;8;1535;0;51;2002;4755;D;1Story;No;nan
326377;2;1538;0;1;1963;7132;B;1Story;No;nan
425636;9;1410;2;392;2009;15617;B;1Story;No;nan
246478;7;888;3;700;1992;4572;B;2Story;No;nan
350909;9;1838;1;211;2011;12417;F;1Story;No;nan
404866;6;1705;0;-102;2018;8364;C;1Story;No;nan
321615;6;1584;2;;2012;8787;D;1Story;No;nan
249254;4;1442;1;240;1951;5572;B;Duplex;No;nan
382277;10;1354;0;-34;2003;10396;C;Townhouse;No;nan
285395;10;1956;1;212;1965;6902;C;1Story;No;nan
218453;2;1429;0;;2004;4557;B;2Story;No;nan
339846;7;1468;1;233;1992;12367;B;1Story;No;nan
499656;5;1765;1;;2010;6842;C;2Story;No;nan
347430;6;1604;3;710;1987;2422;D;2Story;No;nan
305541;2;2321;3;728;1994;7194;B;1Story;No;nan
191275;5;619;0;-20;2000;10424;F;1Story;No;nan
270028;10;1650;2;364;1991;9945;A;2Story;No;nan
226262;4;1147;3;;1973;6077;C;Townhouse;No;nan
236412;9;1029;1;193;1979;5068;A;Duplex;No;nan
242349;6;1271;3;681;1986;3901;A;2Story;No;nan
277936;2;1527;3;748;2002;7932;F;1Story;No;nan
185272;1;1550;0;-62;2012;8453;E;1Story;No;nan
200944;5;741;3;628;1960;10127;D;Duplex;No;nan
410799;9;1229;3;652;1972;7553;E;1Story;No;nan
260041;6;1641;1;272;1999;7464;E;2Story;No;nan
386532;10;1062;3;802;2004;7165;D;1Story;No;nan
394283;7;943;1;230;2004;8458;E;1Story;No;nan
239668;5;400;3;595;1953;7599;C;1Story;No;nan
477725;10;1168;3;646;2003;10817;C;Duplex;No;nan
249605;6;925;2;409;2010;8933;E;1Story;No;nan
274615;5;1008;3;689;1954;8324;A;2Story;No;nan
292782;9;1364;1;235;1967;7875;E;Duplex;No;nan
219480;6;1200;1;178;1993;5175;B;Townhouse;No;nan
254522;8;917;0;-33;1980;;E;1Story;No;nan
249622;2;442;0;-14;1970;6060;B;2Story;No;nan
472419;9;1651;2;430;1996;9040;B;Townhouse;No;nan
418930;5;1876;1;218;1979;7373;A;1Story;No;nan
397636;7;1302;1;222;2004;12993;E;2Story;No;nan
328496;10;1367;1;269;2017;4214;B;1Story;No;nan
200206;1;1501;2;424;2018;1000;D;1Story;No;nan
714689;10;2289;1;198;1990;8803;D;1Story;No;nan
284666;5;716;0;;1994;6070;B;2Story;No;nan
376551;10;1293;2;431;1979;8483;F;2Story;No;nan
186195;2;639;0;10;1994;4293;A;1Story;No;nan
370787;6;1681;0;-69;;13727;D;Duplex;No;nan
202774;1;1428;2;426;1994;6840;C;1Story;No;nan
318690;3;1601;3;706;2004;5876;B;2Story;No;nan
248621;5;1577;3;686;2008;13671;B;Townhouse;No;nan
276001;4;1995;0;15;;10521;D;1Story;No;nan
212135;3;1769;3;685;1981;12169;F;2Story;No;nan
356360;10;1915;1;197;1955;7483;A;2Story;No;nan
252848;5;967;2;;1975;8141;B;2Story;No;nan
277356;8;2097;0;51;1986;6210;F;1Story;No;nan
290263;4;1139;1;253;1962;5860;A;1Story;Yes;Gd
271635;1;1168;3;;2018;9195;C;2Story;Yes;Ex
438448;7;1635;1;145;1974;6895;C;1Story;No;nan
352513;8;1651;3;631;1962;14662;B;1Story;No;nan
182358;3;964;0;22;1969;10528;D;Duplex;No;nan
282514;6;1413;1;194;2021;13650;F;1Story;No;nan
374991;2;2244;2;453;2009;1314;C;Duplex;No;nan
258689;7;766;0;57;2022;13686;D;1Story;No;nan
342594;8;2243;1;216;1970;1000;D;2Story;No;nan
307109;6;1379;1;229;2010;;C;Townhouse;No;nan
276253;6;400;3;687;1975;2742;A;Townhouse;No;nan
299573;5;817;0;-43;2003;8729;D;1Story;No;nan
295560;8;1018;0;-31;1991;7945;C;Duplex;No;nan
157637;1;1188;0;29;;10385;B;1Story;No;nan
368469;10;1448;0;1;1986;7735;F;1Story;No;nan
138863;4;400;3;665;1960;11675;E;2Story;No;nan
372003;4;1593;2;441;1976;5202;F;Townhouse;No;nan
260299;3;972;0;39;1983;11744;B;Townhouse;No;nan
529485;3;2195;3;677;1987;7908;E;1Story;No;nan
340914;4;1365;2;458;;15068;D;2Story;No;nan
231263;1;1971;2;489;2002;10616;F;Duplex;No;nan
247735;2;2055;3;724;;7089;F;1Story;No;nan
314777;9;2042;0;;1952;7898;F;2Story;No;nan
317392;10;1217;2;417;2016;4973;F;1Story;No;nan
198999;2;1210;0;99;1977;9078;A;1Story;Yes;Gd
240228;5;1388;0;-44;1963;7087;D;2Story;No;nan
330402;9;1818;1;297;2001;10173;B;1Story;No;nan
365609;9;1245;0;-25;1979;;D;1Story;No;nan
210279;8;1440;1;217;2007;7011;F;1Story;No;nan
409660;1;1637;2;441;2003;4521;A;2Story;No;nan
141484;1;1048;3;625;2018;4708;C;1Story;No;nan
410241;9;1016;1;223;1964;9818;D;1Story;No;nan
297477;8;1421;3;627;1987;11374;B;2Story;No;nan
487008;10;1487;2;391;;1002;B;1Story;No;nan
301047;9;1717;0;;2006;13586;A;Duplex;No;nan
283063;7;1836;2;504;2008;12212;A;1Story;No;nan
285491;3;950;3;650;1957;3960;D;1Story;No;nan
206438;3;1094;2;478;2021;10481;C;1Story;No;nan
202459;2;1015;0;;1968;6619;A;1Story;No;nan
321020;5;2206;2;389;1981;7706;F;Townhouse;No;nan
208114;3;1440;0;18;1978;9806;D;1Story;No;nan
219842;6;1508;1;290;1990;9440;C;2Story;No;nan
216199;2;1529;3;668;1994;6281;B;1Story;No;nan
229820;3;1142;0;33;1962;6268;D;2Story;No;nan
314711;5;2282;0;60;;6445;C;Townhouse;No;nan
226013;1;1706;2;439;1968;11428;D;1Story;No;nan
144055;1;1520;1;214;1975;2415;D;2Story;No;nan
349656;10;947;0;19;2002;7514;A;Townhouse;No;nan
292650;9;919;1;246;2000;12718;F;2Story;Yes;Gd
243967;7;1346;1;164;1986;10111;C;1Story;No;nan
175176;1;1150;2;452;1958;11153;C;1Story;No;nan
376937;8;966;0;0;2001;7556;F;1Story;No;nan
207953;3;1315;2;408;;4509;C;Duplex;Yes;TA
302695;8;1392;3;657;1952;;D;2Story;No;nan
309212;5;1571;3;613;2018;5933;D;Townhouse;No;nan
123277;1;1248;0;-60;1957;14692;B;1Story;No;nan
335627;7;996;1;223;1963;7525;F;1Story;No;nan
259873;5;1014;0;;1952;9912;C;1Story;No;nan
320067;6;2106;0;;1973;13107;C;1Story;No;nan
183566;6;874;3;622;;4710;F;1Story;Yes;Gd
452882;8;1682;3;628;1992;1161;C;1Story;No;nan
370140;9;1760;1;242;1978;9470;D;Duplex;No;nan
192073;2;1439;1;287;2021;10035;E;1Story;No;nan
278925;9;2384;0;31;2000;6758;B;1Story;No;nan
411311;10;1751;2;492;1991;4531;B;Townhouse;No;nan
382124;9;2421;0;-42;1980;8929;A;Townhouse;No;nan
251110;10;1174;1;217;2012;7929;E;1Story;No;nan
470608;10;1183;2;481;1975;8967;B;Townhouse;No;nan
247994;7;1764;3;604;1967;4601;B;1Story;No;nan
178028;1;1369;1;194;2006;8974;B;1Story;No;nan
473080;7;2343;1;258;1956;10459;B;Duplex;No;nan
440162;10;1671;2;;1997;3482;D;2Story;No;nan
180408;5;978;1;;2009;12381;F;Duplex;No;nan
370781;6;632;1;155;1982;8763;B;Duplex;No;nan
523979;10;1461;1;273;1952;10553;C;1Story;Yes;Gd
421826;7;1455;1;138;;4163;E;2Story;No;nan
223981;5;1657;1;;1953;10048;C;1Story;No;nan
355717;7;2105;1;199;1991;3066;F;1Story;No;nan
518299;9;2040;1;262;1958;;C;1Story;No;nan
266837;3;1211;1;;2000;8790;B;1Story;No;nan
235380;8;853;3;765;1966;7172;F;Duplex;No;nan
141060;2;883;1;236;1966;8082;C;Duplex;No;nan
234102;7;1132;3;683;1969;13782;B;2Story;No;nan
342910;2;1317;3;629;1963;8035;B;1Story;No;nan
213107;4;1653;0;-5;1971;10129;F;2Story;No;nan
496367;7;1100;0;-4;2001;7800;E;2Story;No;nan
181394;3;1640;3;732;1976;7711;C;Townhouse;No;nan
233979;2;1681;3;676;1992;5065;E;1Story;No;nan
407077;10;1572;1;242;1952;9104;C;1Story;No;nan
421363;7;936;0;21;1957;;B;Townhouse;No;nan
218694;1;1734;2;465;1959;8264;D;Townhouse;No;nan
384682;8;2541;0;-56;1978;7199;D;1Story;No;nan
310052;3;1623;3;742;1989;11420;C;1Story;No;nan
182328;2;400;3;;2014;11068;A;Duplex;No;nan
376991;3;2120;1;218;;9317;A;2Story;No;nan
322993;5;1149;1;281;1973;7075;E;2Story;No;nan
593961;8;2633;0;77;2022;11433;E;1Story;No;nan
277401;10;1558;1;;2009;8363;D;1Story;No;nan
199889;7;658;2;420;1975;10741;E;1Story;No;nan
228095;7;468;2;445;1958;5542;D;2Story;No;nan
482302;7;2270;1;227;1969;6240;E;1Story;No;nan
550533;8;2053;2;448;2005;8291;B;1Story;No;nan
285123;1;2613;2;391;1985;4294;C;1Story;No;nan
288443;4;1505;0;50;1985;;C;1Story;No;nan
498171;6;1472;2;445;2022;4161;B;1Story;No;nan
361038;9;1309;3;631;1971;3366;D;1Story;No;nan
230419;2;1171;3;;;15308;F;Townhouse;No;nan
275330;1;1304;0;11;2018;6173;C;1Story;Yes;Gd
324686;10;1609;1;164;2022;6437;F;1Story;No;nan
112593;2;1078;0;35;1986;8241;C;1Story;No;nan
327442;7;665;1;229;2021;4815;C;Duplex;No;nan
379484;3;1580;1;283;1962;6495;D;1Story;No;nan
325561;10;1067;1;223;1992;13503;B;1Story;Yes;Ex
199000;2;400;1;177;1986;9074;C;1Story;No;nan
285962;7;1776;1;172;1974;10958;C;2Story;No;nan
136331;2;946;0;-16;1970;12721;F;2Story;No;nan
213319;3;1831;1;209;1990;8632;D;1Story;No;nan
459734;7;1819;2;;2022;;B;1Story;No;nan
301016;4;1642;2;445;1991;3698;A;1Story;No;nan
292993;1;2748;1;196;1991;;F;2Story;No;nan
248366;5;1431;2;450;1951;7513;C;2Story;No;nan
330044;9;1357;3;639;2017;5578;F;1Story;No;nan
381045;8;1842;0;25;1957;12636;C;2Story;Yes;Gd
278364;9;1472;0;-12;2010;11307;D;1Story;No;nan
430948;10;2080;1;270;1963;10957;D;2Story;No;nan
223099;9;866;1;246;1970;7651;B;2Story;No;nan
172873;7;874;3;668;1973;4901;D;Townhouse;No;nan
349581;4;1883;1;212;1999;11984;C;1Story;Yes;Ex
228576;5;918;2;379;1994;9006;D;2Story;No;nan
326493;1;1805;3;717;2013;10319;E;1Story;No;nan
259054;1;1685;2;413;2013;;B;1Story;No;nan
242552;3;1153;0;4;1975;8932;D;1Story;No;nan
381911;8;1684;2;454;1981;13999;A;1Story;No;nan
166502;2;883;0;-7;2006;6028;A;1Story;No;nan
158710;4;1000;2;494;2002;7073;D;Townhouse;No;nan
262312;2;1381;0;-49;1982;12923;A;2Story;No;nan
398908;5;1539;1;289;2001;8246;C;1Story;No;nan
477986;9;1348;2;467;1967;7622;B;1Story;No;nan
234376;1;1717;0;-10;1984;7241;B;1Story;No;nan
278260;5;1694;2;431;1961;10038;A;1Story;No;nan
411407;9;2265;3;571;2000;7312;B;1Story;No;nan
207309;1;1452;1;186;1959;6975;E;1Story;No;nan
292340;9;2097;0;-14;2001;9988;D;Townhouse;No;nan
438583;8;1960;3;667;1983;;F;2Story;Yes;TA
455104;4;2647;2;490;2016;4972;A;2Story;No;nan
412987;10;1436;3;742;1988;8096;E;Duplex;No;nan
224458;5;1290;2;451;1957;12184;D;1Story;No;nan
297742;5;2129;1;228;;10296;B;1Story;No;nan
378922;6;1693;3;640;1971;12554;D;1Story;No;nan
374834;7;2141;1;151;2019;5806;D;2Story;No;nan
305804;8;1858;0;-24;2010;11211;C;1Story;No;nan
334352;8;447;2;432;1992;6054;D;1Story;No;nan
346355;2;1688;2;479;1998;4303;C;Townhouse;No;nan
504556;9;1656;1;241;1978;5591;B;1Story;No;nan
443398;7;1567;1;;1980;8394;C;2Story;No;nan
216140;4;1434;0;-23;2002;11084;E;Duplex;No;nan
193594;4;704;3;581;1983;8931;C;1Story;No;nan
493476;8;1937;2;;1987;7540;C;Duplex;No;nan
251263;4;1687;2;373;2006;4903;D;2Story;No;nan
477650;6;2051;0;-12;1953;10116;E;Townhouse;No;nan
214461;5;731;0;40;1951;10891;D;1Story;No;nan
371910;3;1754;1;259;1961;8895;A;Townhouse;No;nan
362965;10;1383;1;252;1984;4843;D;1Story;No;nan
288766;2;1572;3;;2019;;C;2Story;No;nan
325675;9;1388;0;;2021;11682;C;1Story;No;nan
421295;10;1772;3;623;1970;12599;C;1Story;No;nan
213939;9;1419;0;34;2010;6687;D;1Story;No;nan
183235;1;974;2;373;1984;9309;E;1Story;No;nan
554891;10;1543;0;-47;1997;6396;D;1Story;No;nan
205255;3;1393;0;66;1964;5233;C;1Story;No;nan
269266;8;1458;2;432;2020;12750;C;1Story;No;nan
285149;6;400;0;-27;1964;9694;A;1Story;No;nan
343671;5;1841;3;704;1955;11878;F;1Story;No;nan
312200;5;1343;1;269;2017;4326;C;1Story;No;nan
246403;6;826;1;203;1971;8865;C;Duplex;No;nan
283684;7;1961;3;671;1981;9525;E;2Story;No;nan
324720;1;1818;2;445;1971;5503;A;1Story;No;nan
326658;9;1336;0;-113;1976;12464;E;2Story;No;nan
230267;3;924;3;604;1964;7263;E;2Story;Yes;Gd
369909;4;1589;1;258;1993;9361;E;1Story;No;nan
415400;10;1562;1;187;1958;6349;A;1Story;No;nan
287973;1;1962;3;;1983;4417;C;1Story;No;nan
444772;10;1278;1;231;2022;10739;A;Townhouse;No;nan
351531;3;2097;3;709;1964;9137;C;1Story;No;nan
220654;2;1230;1;165;2011;8712;D;2Story;No;nan
198812;2;827;3;676;1994;7165;A;1Story;No;nan
240315;1;934;0;;2021;9055;D;2Story;Yes;Gd
463476;8;1469;0;-32;2007;11799;C;1Story;No;nan
332722;3;1467;0;-32;1968;5949;E;1Story;No;nan
214381;3;1664;0;9;1965;9681;C;1Story;No;nan
380363;6;1455;1;245;1957;8607;B;Townhouse;No;nan
496126;8;1989;2;443;1982;7447;B;1Story;No;nan
307791;9;1369;3;;1967;3063;E;1Story;No;nan
239715;9;502;2;420;1984;7964;C;2Story;No;nan
214115;4;1439;1;203;1992;10018;C;2Story;No;nan
196121;5;497;1;188;1999;8972;A;1Story;No;nan
169437;2;1636;2;419;1952;3684;C;1Story;No;nan
548148;9;2029;2;;2008;11741;E;1Story;No;nan
340173;8;1007;1;;1977;12944;E;1Story;No;nan
414544;3;2209;1;169;1995;7672;B;Duplex;No;nan
355669;9;1921;3;624;2013;14933;C;1Story;No;nan
245731;3;2103;0;;2019;5511;B;Duplex;No;nan
280462;9;1595;0;-3;1996;4184;F;1Story;No;nan
217414;2;1004;3;593;1963;;C;1Story;No;nan
513163;10;1890;2;405;1956;8735;E;2Story;No;nan
301238;9;1188;1;165;1980;2665;D;2Story;No;nan
433153;8;1559;2;456;2000;7067;E;1Story;No;nan
272139;9;1414;0;-1;1978;16804;F;2Story;No;nan
289917;5;2062;0;-19;1964;3489;A;2Story;No;nan
256890;2;1865;2;397;1974;;F;1Story;No;nan
389590;8;1460;0;;2010;4892;E;1Story;No;nan
285637;6;524;1;197;1990;7146;C;1Story;No;nan
303874;8;1182;3;725;2018;6956;E;2Story;No;nan
265191;5;1852;2;;1953;5991;D;1Story;Yes;Gd
426227;10;1640;1;192;2006;7531;E;2Story;No;nan
272523;2;748;1;227;1980;9900;B;2Story;No;nan
271392;6;597;0;38;1952;12156;D;2Story;No;nan
288092;5;1598;1;192;2016;7147;A;2Story;No;nan
208219;5;971;2;383;1999;8017;E;1Story;No;nan
119299;1;1020;1;148;1966;9390;F;Townhouse;No;nan
269445;2;1836;3;711;2009;4293;D;2Story;No;nan
414122;8;2101;1;212;2015;7542;C;1Story;No;nan
255231;3;1125;1;232;1973;6483;D;2Story;No;nan
415298;10;1478;3;637;1981;10856;B;2Story;No;nan
190719;3;1463;1;169;1968;13255;D;1Story;No;nan
267209;8;1418;1;177;2015;5669;D;1Story;No;nan
420769;8;1520;0;-54;2009;11840;A;1Story;No;nan
267691;2;1878;2;474;2015;3625;A;Townhouse;No;nan
246061;8;1163;0;;1964;8602;D;2Story;No;nan
154990;1;737;2;441;1984;8780;C;1Story;No;nan
332313;6;2345;3;599;2018;3548;E;2Story;No;nan
628433;8;2045;3;680;1976;5515;B;1Story;No;nan
193483;3;948;3;711;1956;;A;1Story;No;nan
236229;8;1568;2;479;1955;4066;D;1Story;No;nan
244753;1;2005;2;439;1982;1000;D;2Story;No;nan
381220;9;1875;2;431;;7378;C;Townhouse;No;nan
281918;9;1731;3;659;1998;7740;D;Townhouse;No;nan
295143;5;1415;2;;1966;7716;C;1Story;No;nan
539496;10;2364;1;;1991;10297;D;2Story;No;nan
320816;4;1610;0;-15;2021;2187;A;Duplex;No;nan
319963;6;1243;3;644;1989;6857;C;1Story;No;nan
240104;7;1936;0;-19;1995;15680;B;2Story;No;nan
365459;5;1548;1;177;2020;10660;A;Duplex;No;nan
409785;10;1675;2;494;2019;10677;B;2Story;No;nan
342776;9;1602;0;-32;2017;4950;B;1Story;No;nan
315818;3;1748;1;240;1950;7412;F;Townhouse;No;nan
229250;7;1011;1;194;2001;1100;B;Duplex;No;nan
298206;10;774;0;-19;1984;9756;B;2Story;No;nan
504112;10;2217;3;655;2018;12201;E;1Story;No;nan
298012;5;1625;0;22;1954;3651;C;2Story;No;nan
545552;7;1885;3;650;1966;4523;C;1Story;No;nan
214473;2;620;2;394;;7904;C;1Story;No;nan
329778;4;2033;3;;2001;8460;C;2Story;No;nan
179946;2;1239;2;;1963;6375;B;Townhouse;No;nan
381119;7;1097;0;;1978;5554;B;Duplex;No;nan
348728;2;1468;2;;1957;5586;E;2Story;No;nan
153690;1;1011;1;193;1950;7853;B;1Story;No;nan
469527;9;1499;2;519;1978;9758;B;1Story;No;nan
182481;1;1432;3;690;1985;7852;C;Duplex;No;nan
423412;8;2030;3;624;2000;7565;B;2Story;No;nan
296075;2;2257;3;628;1986;2722;C;Duplex;No;nan
455780;8;2241;2;459;2018;;E;1Story;No;nan
181480;3;400;3;662;2002;7846;F;2Story;No;nan
361877;6;1032;3;696;2001;6690;E;Duplex;No;nan
156650;3;400;1;193;1961;8765;B;1Story;No;nan
358201;7;903;2;468;2001;5469;F;1Story;Yes;Ex
366998;10;1175;1;130;1950;6752;C;1Story;No;nan
327344;9;1705;3;654;1956;8323;B;Townhouse;No;nan
159488;2;1240;3;635;1966;5964;C;2Story;No;nan
307250;5;1254;3;642;1992;3063;D;2Story;No;nan
327570;6;1591;2;436;2020;2575;A;1Story;No;nan
174167;4;645;0;46;1966;9337;D;2Story;No;nan
184812;4;1081;3;614;2008;7907;E;2Story;No;nan
289867;4;1248;3;572;1952;7801;B;1Story;No;nan
330073;2;1399;3;618;1978;4515;D;Townhouse;No;nan
276622;4;1538;3;701;1971;7938;C;1Story;No;nan
181335;1;2250;2;374;1987;6799;C;1Story;No;nan
378528;6;1954;0;-23;2003;6200;B;1Story;Yes;Ex
136363;1;1115;0;34;1999;7775;D;1Story;No;nan
315371;10;1369;0;-2;2018;8889;C;2Story;No;nan
269275;6;1335;3;705;1979;13250;E;1Story;No;nan
256582;1;1243;3;579;1972;9696;F;Duplex;No;nan
280693;6;1636;0;-13;1996;10573;F;1Story;No;nan
418961;10;570;0;53;1970;11314;B;1Story;No;nan
386117;8;1940;3;615;1969;5708;A;2Story;No;nan
296347;2;2347;3;701;1972;7037;C;2Story;No;nan
278246;2;1365;1;211;2017;5285;D;1Story;No;nan
225596;4;1355;1;237;1970;5955;F;Townhouse;No;nan
357575;3;1579;1;271;1970;6715;E;2Story;No;nan
268095;4;2010;0;17;1950;5883;C;1Story;No;nan
377340;7;1338;2;416;1964;8672;A;1Story;No;nan
249495;1;1967;3;682;1966;9299;E;1Story;No;nan
395956;6;1744;1;194;2000;4082;B;Duplex;No;nan
416107;3;2681;2;451;2012;7064;A;1Story;No;nan
509420;10;1336;3;610;1963;7097;E;1Story;No;nan
375605;7;512;2;441;2008;3583;C;1Story;No;nan
277301;10;784;0;48;1999;5702;A;1Story;No;nan
355940;2;1506;0;-12;1983;10620;C;2Story;No;nan
267594;2;2014;0;44;1955;10582;A;2Story;No;nan
265535;4;1174;1;344;1998;3112;D;1Story;No;nan
115081;1;1385;3;659;1955;9416;B;1Story;No;nan
406314;3;1842;0;25;2018;3589;E;1Story;No;nan
434975;9;1017;1;239;1956;6796;C;2Story;Yes;Gd
319520;7;1194;1;229;2000;7708;C;Duplex;No;nan
196666;7;916;1;252;1950;10258;A;1Story;No;nan
238452;4;2089;1;210;1962;7476;B;1Story;No;nan
221564;2;2271;0;-27;1992;4958;D;1Story;No;nan
221548;4;710;1;159;1976;4448;D;Townhouse;No;nan
276275;6;1429;0;-14;2020;8504;B;2Story;No;nan
362768;3;2204;0;36;1952;6099;C;1Story;No;nan
255096;1;1699;1;182;2007;6774;E;1Story;No;nan
420876;8;1255;0;10;1966;10911;C;1Story;No;nan
267057;5;727;3;655;1994;9305;A;2Story;No;nan
334980;5;2076;3;635;2007;12761;C;1Story;No;nan
219640;4;1680;2;366;2005;4945;D;1Story;No;nan
237217;6;764;3;715;2003;5872;A;2Story;No;nan
158063;3;2095;0;21;1978;8551;B;1Story;No;nan
434794;9;700;0;107;2003;13456;D;2Story;No;nan
388775;5;1390;3;703;1976;5615;F;1Story;No;nan
214083;3;1368;1;274;1994;;C;2Story;No;nan
295586;1;2309;1;150;1980;11964;B;1Story;No;nan
356178;10;1369;0;-71;1985;8150;C;Townhouse;No;nan
322449;6;1368;1;222;2010;11060;B;1Story;No;nan
257745;2;818;2;394;1986;13872;B;1Story;No;nan
208670;3;1180;2;413;2016;8885;C;Duplex;No;nan
270158;1;1091;3;761;1985;9375;F;Duplex;No;nan
261557;9;1117;3;708;1954;10229;E;1Story;No;nan
375867;8;1503;1;183;1995;5287;B;Townhouse;No;nan
123261;2;400;0;-95;2001;3555;E;1Story;No;nan
271826;8;745;3;619;1998;8475;B;2Story;No;nan
354091;9;1444;2;418;1955;6125;B;1Story;No;nan
188723;1;1561;3;647;;11158;F;1Story;No;nan
298248;5;1383;3;609;1972;8943;F;1Story;No;nan
392857;8;1480;2;485;1966;11107;B;2Story;No;nan
349704;2;1295;0;-28;1993;4395;A;2Story;No;nan
256958;4;1491;3;686;1990;11005;B;1Story;No;nan
416340;7;1717;3;662;1964;1104;C;Townhouse;No;nan
316355;3;1714;3;698;1993;4641;E;1Story;No;nan
258941;5;1156;1;210;2007;9897;A;1Story;No;nan
295023;8;1958;3;623;1999;6492;C;2Story;No;nan
394491;10;1579;2;416;2001;6781;B;1Story;No;nan
246891;3;2116;0;-23;2019;8322;A;1Story;No;nan
288778;4;2216;0;83;2017;12266;E;1Story;No;nan
351582;9;779;2;443;2012;2235;E;1Story;No;nan
574552;7;1070;1;220;2007;11746;B;Townhouse;No;nan
353314;1;1907;2;475;1972;;B;1Story;No;nan
158832;4;668;0;0;1993;6487;A;1Story;No;nan
381912;4;2210;2;485;1993;5915;C;1Story;No;nan
298826;9;1328;1;205;2001;7646;B;1Story;No;nan
265903;6;1788;0;-19;2016;5851;C;1Story;No;nan
335128;9;1442;1;181;1977;9034;C;2Story;No;nan
194617;6;804;2;514;2016;9425;B;2Story;No;nan
283399;6;2028;3;657;1967;3338;E;Duplex;No;nan
507923;5;2875;2;393;1976;5239;B;1Story;No;nan
411265;5;1242;1;;2000;4445;E;1Story;No;nan
139991;2;1339;2;414;2009;8644;C;Townhouse;Yes;TA
414043;8;400;3;;1998;10617;E;1Story;No;nan
482006;8;2176;1;232;1964;4780;A;Townhouse;No;nan
229571;1;1956;2;501;2022;10596;D;Duplex;No;nan
349712;8;633;1;224;2017;5226;A;Townhouse;No;nan
249271;5;468;1;192;1964;10156;F;1Story;No;nan
227284;2;525;0;-20;2000;7149;D;1Story;No;nan
277297;2;1823;0;26;1997;6675;B;2Story;No;nan
335750;6;1872;1;142;2021;11427;B;2Story;No;nan
314563;9;1038;2;398;1950;13363;E;1Story;No;nan
253097;1;1750;2;449;1956;2175;F;2Story;No;nan
376495;6;1579;2;372;2002;9798;E;1Story;No;nan
496740;9;1316;3;;1980;8532;E;1Story;No;nan
331131;8;1985;1;201;1967;9974;E;Duplex;No;nan
321015;6;898;1;255;1961;3684;C;1Story;No;nan
378543;3;2074;3;650;1997;4747;A;1Story;No;nan
318049;8;1136;1;267;1979;5986;A;1Story;No;nan
683289;9;2391;1;223;1956;8639;D;1Story;No;nan
165245;1;997;3;731;1952;5802;C;1Story;No;nan
396418;9;1324;0;-55;2012;7031;C;1Story;No;nan
400456;6;1529;1;285;;10492;B;1Story;No;nan
367991;6;1526;3;644;1964;14146;D;Duplex;No;nan
314871;4;1745;2;499;2020;10278;B;Townhouse;No;nan
149252;1;857;0;47;1992;;C;1Story;No;nan
435225;10;1481;2;326;1967;7454;C;1Story;No;nan
424837;8;1569;1;239;1971;5328;B;1Story;No;nan
161997;2;1236;0;40;2010;7022;E;2Story;No;nan
209785;1;1702;3;713;2010;7826;C;2Story;Yes;Gd
213250;2;827;1;;2002;4520;E;Townhouse;No;nan
247647;1;1337;3;684;1975;10445;B;1Story;No;nan
174988;1;1123;0;8;1989;12558;B;2Story;No;nan
280448;9;1338;2;457;1957;8367;A;2Story;No;nan
243734;1;2224;1;260;1970;11252;A;Townhouse;No;nan
395474;4;2233;1;266;1992;11625;A;2Story;No;nan
455683;10;2135;3;634;1970;4896;A;1Story;No;nan
405880;6;1269;0;;1952;2787;E;2Story;No;nan
477524;7;1954;3;;1980;6503;F;Duplex;No;nan
185091;2;1556;0;-10;1976;8288;F;1Story;No;nan
328092;6;1523;1;214;1976;4412;F;1Story;No;nan
365325;7;1461;0;8;2022;12267;C;1Story;No;nan
385860;10;2379;1;196;2006;;C;1Story;No;nan
597741;10;2183;0;35;1982;8538;A;1Story;No;nan
351659;2;1872;2;491;1993;5055;A;Townhouse;No;nan
272700;2;1415;0;-33;1992;9459;E;2Story;No;nan
498404;10;1520;2;493;1980;5045;E;2Story;No;nan
363006;7;1765;0;-33;2014;11429;E;2Story;No;nan
142278;1;1239;0;;1966;7306;E;Duplex;No;nan
336845;8;1969;3;713;1964;10182;B;Townhouse;No;nan
148789;3;1039;3;656;1983;10706;C;2Story;No;nan
302086;6;1696;1;188;1953;9614;C;1Story;No;nan
345898;9;400;3;636;2021;13356;F;1Story;No;nan
290878;6;1225;0;14;1977;8535;F;1Story;Yes;TA
377557;9;2539;3;;2022;6490;C;1Story;No;nan
292447;7;2018;0;-68;1951;1693;A;1Story;No;nan
424776;9;2268;2;444;1966;1148;B;2Story;No;nan
194507;2;1166;0;-4;2007;9956;C;2Story;No;nan
489742;8;1552;1;202;1958;7448;E;1Story;No;nan
244181;8;2141;2;437;1980;5554;B;Townhouse;No;nan
262430;2;1817;1;198;2015;4658;B;1Story;No;nan
309958;4;1754;1;270;2011;;B;2Story;Yes;Ex
365169;7;2315;1;274;1968;5049;F;2Story;No;nan
312749;4;980;3;664;2004;12892;C;2Story;No;nan
245467;4;1408;1;214;1977;15053;D;1Story;No;nan
280042;6;623;2;420;1999;5300;C;2Story;No;nan
513384;10;952;0;4;2014;10009;B;1Story;No;nan
347732;6;2037;1;294;1952;9320;B;2Story;No;nan
382678;10;1041;2;436;2001;5037;E;1Story;No;nan
262503;3;1868;1;186;1959;5054;E;2Story;No;nan
600014;9;2329;0;-16;1970;7632;C;1Story;No;nan
365079;10;1411;2;470;;4585;C;2Story;No;nan
378572;2;1760;2;411;1964;11274;E;1Story;No;nan
279806;6;1872;0;-1;1958;7262;D;Duplex;No;nan
302970;7;889;2;459;1993;4638;A;Duplex;No;nan
385382;9;1192;0;-26;1988;7733;C;1Story;No;nan
197107;3;998;2;369;1954;9399;D;1Story;No;nan
563318;10;1232;2;397;1974;5827;C;2Story;Yes;Gd
272572;3;1858;0;-34;2005;2021;F;1Story;No;nan
228047;7;1202;0;-9;2013;8379;E;1Story;No;nan
366407;4;1482;2;;;4349;A;1Story;No;nan
351645;8;979;2;473;2001;;D;2Story;No;nan
341541;7;2113;0;-49;1958;9407;B;1Story;No;nan
315558;5;1227;3;687;1959;;D;1Story;No;nan
310640;7;2261;0;-15;1959;7577;D;2Story;No;nan
284265;3;1530;2;369;2022;12359;C;1Story;No;nan
157954;2;797;2;441;2011;6944;E;1Story;No;nan
289328;6;1414;2;493;2009;14064;D;Townhouse;No;nan
201971;2;969;0;35;1968;;E;2Story;No;nan
248090;3;1795;2;;1987;5206;B;1Story;No;nan
355632;6;1369;3;705;1955;6571;B;1Story;No;nan
271748;5;1582;1;228;1964;4212;D;2Story;No;nan
373995;8;1315;3;699;1996;9912;F;1Story;No;nan
349283;9;1222;0;;1994;11974;C;Townhouse;No;nan
219547;3;1013;2;390;1954;6925;A;2Story;No;nan
355620;10;1918;0;;2002;2416;C;Townhouse;No;nan
214537;3;1413;1;282;2015;9081;C;Duplex;No;nan
277221;3;1343;0;17;2011;5414;E;1Story;No;nan
260786;6;1401;2;420;1972;5868;D;2Story;No;nan
172058;1;1161;1;186;1993;;F;Duplex;No;nan
293967;7;1344;1;207;2001;11696;E;2Story;No;nan
215560;1;1603;2;;1995;10219;B;1Story;No;nan
160091;5;983;2;426;1968;9289;D;1Story;No;nan
270130;10;1055;2;;1996;7528;D;1Story;No;nan
348408;8;2189;0;26;2001;4039;F;2Story;No;nan
247905;4;1319;3;729;1973;9044;A;2Story;No;nan
147372;5;1224;0;;1966;10153;B;Townhouse;No;nan
272919;4;828;0;-2;1995;6215;B;2Story;No;nan
398952;4;1925;3;704;2013;;C;Duplex;No;nan
417383;8;972;2;403;1977;;A;1Story;No;nan
258796;2;1492;2;422;1999;6823;D;1Story;No;nan
229657;1;646;3;;2013;7188;E;Townhouse;No;nan
334208;3;1909;3;610;1977;7735;C;2Story;No;nan
367270;9;2088;0;77;;9997;C;2Story;No;nan
204625;4;1742;1;248;2008;8880;F;1Story;No;nan
470512;10;733;3;605;1954;8658;C;2Story;No;nan
373268;5;1919;0;48;2003;12554;B;Duplex;Yes;Gd
197951;2;1086;1;192;1993;6771;B;1Story;No;nan
235436;4;915;2;466;1991;;C;2Story;No;nan
313668;2;1308;2;;2021;11066;B;1Story;No;nan
240235;2;1298;0;67;2006;8693;D;1Story;No;nan
208692;4;1247;0;-22;1996;6232;F;2Story;No;nan
318139;6;2137;3;630;1974;6920;D;1Story;No;nan
383831;7;2506;2;332;1993;4178;C;1Story;No;nan
277402;10;815;0;;1964;8695;B;2Story;No;nan
244297;3;1156;2;469;2000;3616;F;2Story;No;nan
260661;3;1571;2;474;2002;10046;E;1Story;No;nan
359349;10;1306;3;710;1983;6433;C;Townhouse;No;nan
291138;6;1700;1;232;1957;3818;C;1Story;No;nan
323770;3;1958;3;680;2019;11292;D;Townhouse;No;nan
212739;2;1875;0;3;1970;14769;B;2Story;No;nan
483660;8;1805;3;;1956;9312;A;1Story;No;nan
364893;5;2330;3;623;2005;7144;B;1Story;No;nan
143714;1;706;2;384;1998;5120;C;1Story;No;nan
289232;3;2240;3;627;1991;8786;B;1Story;No;nan
369558;10;1294;0;9;1972;9910;B;2Story;No;nan
492662;8;1893;1;168;2001;8021;A;1Story;No;nan
229746;4;985;3;635;2002;10686;D;1Story;No;nan
234044;7;1046;3;636;1965;12542;D;2Story;No;nan
310563;10;1831;1;251;1986;4221;B;1Story;No;nan
87827;2;536;0;26;1967;8882;F;2Story;No;nan
627083;7;1995;0;3;1969;2290;C;1Story;No;nan
337379;5;2130;3;678;1995;5558;A;2Story;No;nan
322254;5;1589;2;459;1951;10160;B;2Story;No;nan
261966;6;1571;3;645;2012;7860;D;2Story;Yes;Ex
522591;9;1083;1;;1952;3167;B;1Story;Yes;TA
317027;6;1837;1;281;1995;11150;A;1Story;No;nan
533809;8;1674;1;120;1998;6370;D;1Story;No;nan
468481;7;1039;3;630;1950;10553;C;1Story;No;nan
330560;9;1304;3;652;1971;9538;E;1Story;No;nan
321367;4;1420;0;22;1963;5501;E;2Story;No;nan
304598;2;1304;2;485;;10607;F;2Story;No;nan
209143;7;819;3;734;1955;8956;A;Duplex;No;nan
265139;6;1850;0;-4;2014;8525;A;1Story;No;nan
121309;1;1378;3;659;1970;6596;F;2Story;No;nan
282869;9;1508;0;15;1953;4692;D;Townhouse;Yes;Gd
226518;9;1211;0;-21;1952;6744;D;2Story;No;nan
298539;2;1738;2;393;1979;6679;A;2Story;No;nan
223554;3;1599;3;656;1980;10555;A;Townhouse;No;nan
431306;5;2106;0;30;1983;3053;B;Townhouse;Yes;TA
309212;5;1740;1;210;1969;12412;C;1Story;No;nan
261503;1;1399;1;237;2003;12577;A;2Story;No;nan
328693;8;1130;1;145;1974;6077;C;1Story;No;nan
397464;8;1933;2;441;1964;12205;C;2Story;No;nan
309608;4;1359;0;-16;;4983;A;Townhouse;Yes;Ex
337970;7;1414;2;389;1972;11381;A;1Story;No;nan
477821;10;1414;3;686;2001;5541;C;Duplex;No;nan
292611;3;1299;3;734;2015;11100;A;2Story;No;nan
362811;6;1423;0;40;2006;3688;A;1Story;No;nan
438448;10;2463;1;262;2006;11249;B;2Story;No;nan
365424;10;976;0;;2001;11866;C;1Story;No;nan
270274;9;1093;0;26;1984;3591;D;1Story;No;nan
271323;1;2192;0;-72;1963;13272;A;Townhouse;No;nan
240682;5;1313;2;435;1963;11055;D;1Story;No;nan
334476;4;1275;3;680;1982;2006;E;2Story;No;nan
294870;8;2017;0;21;2001;6530;D;Duplex;No;nan
163962;1;790;0;51;1950;11113;A;Townhouse;No;nan
432311;9;1911;0;-41;1983;10169;C;Duplex;No;nan
345656;6;1523;2;;1968;8335;D;2Story;No;nan
180550;4;1732;2;397;1973;10784;F;2Story;No;nan
333442;9;1723;2;;1953;5378;F;1Story;No;nan
311655;5;1186;0;-2;1985;8142;C;1Story;No;nan
303178;5;2026;1;255;2007;5463;D;Townhouse;No;nan
232736;5;1225;1;250;1981;8404;E;2Story;No;nan
249265;1;1704;1;;1958;11003;E;1Story;No;nan
406500;1;2119;3;574;2016;10345;C;1Story;No;nan
348552;8;2189;0;18;1969;8669;B;Townhouse;No;nan
317868;8;1366;1;209;2011;10969;A;Duplex;No;nan
368148;6;1732;1;;2007;11265;C;1Story;No;nan
245202;4;1320;1;266;1971;13392;D;2Story;No;nan
293587;2;2752;0;-38;2016;11502;F;1Story;No;nan
322091;2;1890;1;243;1997;9969;E;2Story;No;nan
335588;9;1542;1;244;1957;10802;B;2Story;No;nan
447848;5;1656;0;21;2022;8731;D;2Story;No;nan
396420;4;1704;3;676;1964;7160;B;1Story;No;nan
355779;10;1718;2;465;1981;10603;D;1Story;No;nan
199371;1;1380;1;280;2002;10271;D;1Story;No;nan
392203;7;1303;2;418;2016;8876;B;Townhouse;No;nan
179065;3;1424;3;624;1953;7416;B;Townhouse;No;nan
303695;6;930;3;691;1979;7250;A;Duplex;No;nan
404552;5;1859;1;145;1962;;A;Townhouse;No;nan
222520;5;1099;0;26;1970;11767;E;2Story;No;nan
188329;5;970;3;679;1990;11535;A;1Story;No;nan
170114;1;1493;2;346;1968;11407;A;2Story;No;nan
267404;1;1435;2;415;1997;4844;B;1Story;No;nan
322793;3;1625;2;503;2012;6922;E;1Story;No;nan
334561;10;1216;2;382;1969;7228;B;1Story;No;nan
375078;4;1304;3;669;2013;6182;B;1Story;Yes;Ex
299583;5;1846;1;180;1986;13588;D;2Story;No;nan
217262;2;1816;1;192;1980;9201;B;1Story;No;nan
304517;8;1795;2;517;1967;8986;B;1Story;No;nan
168872;2;1517;1;;1969;6602;D;2Story;No;nan
416494;9;1584;2;461;1960;10586;B;2Story;No;nan
217815;2;1615;2;436;1993;14575;E;2Story;No;nan
313040;9;1172;0;-61;2013;8243;C;1Story;No;nan
372617;7;2237;3;613;1983;7299;C;1Story;No;nan
517559;8;2166;3;707;2014;7728;B;2Story;No;nan
398236;2;1897;2;446;2004;7034;E;2Story;Yes;TA
283672;7;1287;3;629;1950;7991;C;1Story;No;nan
340357;6;1770;1;219;1987;6166;B;Townhouse;No;nan
260402;4;1989;2;466;1958;5340;B;1Story;No;nan
329644;7;888;0;18;2020;7936;C;1Story;Yes;Gd
352549;4;2347;1;189;1966;8243;E;1Story;No;nan
93679;2;630;0;-63;2001;7181;F;1Story;No;nan
487610;10;1852;0;-16;1967;12371;D;Townhouse;No;nan
330760;7;2227;3;704;2012;9246;C;1Story;No;nan
363573;8;1443;3;694;1982;10227;B;1Story;No;nan
200372;2;1425;2;456;1953;10307;D;1Story;No;nan
323354;5;1834;3;653;2001;8314;F;1Story;No;nan
370075;1;2426;0;-21;1958;8656;C;1Story;No;nan
266166;7;1359;0;-6;2013;5419;B;1Story;No;nan
412331;8;1110;1;251;1979;9968;A;1Story;No;nan
381015;6;1288;0;40;1957;7000;B;2Story;No;nan
150351;5;724;2;430;1954;;C;2Story;No;nan
388603;6;1949;2;541;2012;11906;F;2Story;Yes;Gd
205621;2;1243;3;664;1950;4003;B;2Story;No;nan
151172;1;1396;3;646;1964;13157;B;1Story;No;nan
454266;7;1955;3;719;1987;12920;C;Duplex;No;nan
420076;7;1312;2;358;1991;7333;F;1Story;No;nan
359721;10;1880;0;19;1995;13356;C;1Story;No;nan
314971;10;981;3;657;2002;5335;B;2Story;No;nan
203873;2;1979;1;278;1975;10982;B;2Story;No;nan
325435;2;1671;3;684;2010;8050;C;1Story;No;nan
327810;1;1456;2;;2016;2581;E;1Story;No;nan
396741;10;1565;3;687;2003;6107;B;1Story;No;nan
208891;8;857;0;-42;1971;7476;C;Duplex;No;nan
391240;8;1554;3;699;1975;10337;D;1Story;No;nan
269430;1;1429;2;386;2009;6569;C;2Story;Yes;Gd
303156;8;870;2;;1988;7181;B;1Story;No;nan
365234;9;1164;1;221;1985;;F;1Story;No;nan
260587;4;1435;2;369;;9464;C;1Story;No;nan
207093;1;1196;1;223;1990;7725;D;1Story;No;nan
58877;1;400;0;11;1997;7091;D;1Story;No;nan
245414;3;2038;2;414;1975;10818;F;2Story;No;nan
370012;5;1429;3;620;2012;7075;C;1Story;No;nan
267371;5;400;0;20;1985;4432;C;2Story;No;nan
417329;9;2567;3;674;1973;6817;C;1Story;No;nan
295890;10;2121;3;669;1970;9640;C;Duplex;No;nan
230789;2;1326;3;660;1967;7552;B;Townhouse;No;nan
160075;2;1079;0;-23;1964;6492;F;1Story;No;nan
302922;6;1702;0;91;1955;4236;E;Townhouse;No;nan
320782;9;1601;2;428;1992;7568;B;1Story;No;nan
332160;1;1771;3;625;1980;8684;B;2Story;No;nan
285286;9;1080;1;222;1977;4978;A;1Story;No;nan
316159;9;2049;2;433;1957;7432;E;2Story;No;nan
415749;9;1263;0;-13;1978;4718;C;2Story;No;nan
297097;5;1840;1;295;1970;7614;C;1Story;No;nan
481632;9;1102;0;-45;2007;13176;F;2Story;Yes;TA
337252;4;2824;1;221;2009;;C;2Story;No;nan
288192;2;1848;2;397;1999;3255;E;2Story;No;nan
412874;6;2942;1;198;1980;8993;C;Townhouse;No;nan
341182;4;1914;2;509;1996;11935;D;Townhouse;No;nan
493725;6;1219;0;11;1983;3848;C;Townhouse;No;nan
335045;3;1915;1;231;1951;4864;C;Duplex;No;nan
391325;6;1950;3;622;2016;;F;1Story;No;nan
201869;2;1687;3;643;2021;7739;D;1Story;No;nan
293180;2;1815;0;73;2001;11634;C;1Story;No;nan
442098;9;1881;1;240;1956;7458;B;Townhouse;No;nan
327940;7;1003;3;;1968;10476;A;1Story;Yes;Ex
174586;3;968;2;458;1964;12584;D;1Story;No;nan
141446;1;1103;1;231;1997;5397;C;1Story;No;nan
325896;8;1564;1;186;1963;10243;E;1Story;No;nan
274958;6;1388;3;645;1952;6797;C;1Story;No;nan
350274;7;1012;2;530;1999;;C;2Story;No;nan
490998;9;1888;2;456;2003;9429;E;1Story;No;nan
430488;5;1642;2;377;1955;9798;C;2Story;No;nan
240127;1;1584;1;;1998;3352;E;Duplex;No;nan
285601;10;1371;0;52;1972;6638;C;2Story;No;nan
289625;7;1311;1;184;1969;6131;B;1Story;No;nan
283117;5;1079;1;202;2009;10430;C;Townhouse;No;nan
410602;3;1967;3;718;1994;3352;A;2Story;No;nan
413367;9;1148;0;1;2010;8320;B;1Story;No;nan
199654;1;1605;2;434;2005;1000;B;2Story;No;nan
204693;1;2331;3;607;1951;9139;D;2Story;No;nan
163595;1;1334;1;263;1994;8375;A;1Story;No;nan
233535;3;1980;0;-8;1989;6467;B;1Story;No;nan
291330;6;1784;2;353;1973;12285;B;2Story;No;nan
494812;10;1656;2;377;1978;1000;A;2Story;No;nan
305605;3;1715;1;198;2016;7946;A;1Story;No;nan
335538;8;1453;2;397;2017;11593;B;2Story;No;nan
440215;10;1517;2;403;2015;8386;B;1Story;No;nan
137173;2;1226;0;94;2003;12098;A;2Story;No;nan
350223;9;1521;3;688;2002;6648;B;1Story;No;nan
293132;3;1207;0;-103;1998;7499;E;1Story;No;nan
521330;5;2003;3;647;1981;;D;Duplex;No;nan
447665;10;650;3;;2010;10684;C;2Story;Yes;Gd
283169;8;1741;3;601;1991;15198;F;1Story;No;nan
380275;2;1668;2;461;1950;8308;A;1Story;Yes;TA
320355;6;1623;0;;2012;8601;B;2Story;No;nan
330867;5;2012;2;484;1984;6616;E;Duplex;No;nan
602906;10;1357;1;278;2000;7388;D;2Story;No;nan
300469;9;1628;0;94;2020;11234;F;2Story;No;nan
192411;5;642;3;597;1994;7999;F;Townhouse;No;nan
304859;2;1292;2;;2014;5578;B;2Story;No;nan
295302;5;1928;2;468;1963;6872;F;1Story;No;nan
126666;4;830;0;;1952;7729;F;2Story;No;nan
264936;7;1580;0;32;1973;5772;C;1Story;No;nan
301951;6;1161;3;703;2014;6626;F;2Story;No;nan
363030;2;1445;3;715;1997;5001;A;1Story;No;nan
258833;5;1191;1;228;1959;6732;D;1Story;No;nan
337621;7;876;3;651;1962;11499;B;1Story;No;nan
417984;7;1693;2;385;2022;8145;A;1Story;Yes;TA
209250;5;1475;1;208;1963;15384;C;1Story;No;nan
379201;9;1806;1;214;1959;5708;B;2Story;No;nan
395948;4;1897;1;;1989;9456;D;1Story;No;nan
355956;3;2113;0;;1972;8667;C;2Story;No;nan
480140;4;1567;3;618;2004;9951;C;2Story;Yes;Gd
310312;5;2134;1;265;2012;6182;B;2Story;No;nan
223958;6;1012;0;17;2020;6895;D;2Story;No;nan
292384;3;1954;0;-18;1991;9222;E;1Story;No;nan
143828;2;1730;1;228;2015;6486;D;1Story;No;nan
339985;4;1617;1;176;2022;2680;D;Duplex;No;nan
308007;5;1722;2;400;1996;11931;C;2Story;No;nan
218525;4;1020;1;195;2001;10664;C;2Story;No;nan
192632;3;902;2;;1967;6749;C;2Story;No;nan
424443;8;2355;1;226;1967;8655;F;1Story;No;nan
380173;10;1416;1;226;1973;11020;D;2Story;No;nan
356532;4;1409;3;607;1972;12033;C;1Story;No;nan
192894;2;949;1;217;1961;8313;C;Townhouse;No;nan
162102;2;759;1;187;1972;6244;C;1Story;No;nan
337270;1;1456;2;;1970;12393;D;2Story;No;nan
256138;4;1329;2;563;2013;8284;C;1Story;No;nan
394943;10;1501;3;628;2021;7558;D;Duplex;No;nan
542541;9;1544;1;190;1983;8790;B;Townhouse;Yes;Ex
298220;7;2745;1;;1951;;C;1Story;No;nan
428384;10;1331;2;398;2018;7884;E;1Story;Yes;TA
397778;7;2290;0;-8;1980;10958;B;1Story;No;nan
291034;7;2321;0;54;2017;7374;F;2Story;No;nan
465837;8;1877;0;-8;;9827;B;1Story;Yes;Gd
190308;1;1382;2;427;1968;5156;B;2Story;No;nan
369796;10;819;2;488;2021;11209;C;1Story;No;nan
366423;10;1739;0;-21;1962;5972;E;2Story;No;nan
423883;8;2009;0;1;2014;9378;D;2Story;No;nan
561332;4;2374;1;183;1955;3540;B;2Story;No;nan
266770;4;1025;2;507;2020;8074;B;2Story;No;nan
256706;4;1378;2;482;1976;8564;C;1Story;No;nan
171077;6;1028;0;-6;2001;5956;B;2Story;No;nan
395467;7;1183;0;-16;1997;7671;C;2Story;No;nan
323539;6;1832;3;659;2017;8786;C;2Story;Yes;TA
254661;1;1160;2;434;;9690;C;1Story;No;nan
435684;8;1088;3;598;1966;8300;B;2Story;No;nan
465046;10;1898;1;263;1987;11997;B;Townhouse;No;nan
450593;7;1725;3;;1959;11475;C;Townhouse;No;nan
468991;6;1675;0;76;2003;7908;A;2Story;Yes;TA
300500;6;1174;2;457;1955;4009;C;1Story;No;nan
374771;5;2147;2;;1955;6539;E;1Story;No;nan
339649;6;1507;3;609;2001;1313;A;1Story;No;nan
555493;9;2690;3;574;1964;7451;A;1Story;No;nan
449510;10;1581;1;;2017;12205;A;1Story;No;nan
229096;9;400;1;155;2006;10373;E;1Story;No;nan
299759;10;400;0;10;2005;8251;A;Duplex;Yes;Ex
413258;8;1812;0;-13;1956;5818;F;Townhouse;No;nan
483156;10;2150;0;30;2000;8367;C;Townhouse;Yes;Gd
344978;9;1108;3;658;2007;14394;B;1Story;No;nan
763752;10;2550;3;650;2013;12463;A;Townhouse;No;nan
508048;8;2331;2;;;7549;C;1Story;No;nan
449796;8;1605;0;9;2007;3554;C;2Story;No;nan
217232;1;1770;3;657;1980;14624;C;2Story;No;nan
509952;10;1947;2;406;2015;5813;B;1Story;No;nan
324772;5;2445;0;-47;1962;9590;C;Townhouse;No;nan
235213;4;1841;1;251;1967;3324;B;1Story;No;nan
242788;2;1594;1;248;1962;7031;C;2Story;No;nan
427590;8;1836;3;723;1973;3312;B;1Story;No;nan
244439;3;1769;2;459;2006;4514;D;Duplex;No;nan
354354;4;1962;1;204;1978;5226;B;1Story;No;nan
253939;7;715;2;460;2005;9431;C;2Story;Yes;Gd
437274;10;1658;2;437;2003;7712;C;2Story;No;nan
400589;9;1730;1;255;1954;16137;A;2Story;No;nan
274115;2;1464;2;493;1984;11401;C;2Story;No;nan
313355;3;1892;1;213;1968;11466;B;1Story;No;nan
473538;4;2461;3;730;2004;9511;A;2Story;No;nan
294734;10;1569;0;48;2018;8828;F;Townhouse;No;nan
229358;1;1846;0;1;1993;11567;B;Duplex;No;nan
411813;7;2303;3;687;1987;1000;C;1Story;No;nan
207604;2;1581;1;232;2011;6133;E;1Story;No;nan
188874;5;1056;1;221;1971;3919;B;1Story;No;nan
232405;1;1808;1;;2022;2347;E;2Story;No;nan
144898;3;400;1;241;1989;5694;B;1Story;Yes;Ex
121722;2;400;3;;1975;4557;C;2Story;No;nan
156982;1;1667;0;-41;1954;11583;D;Townhouse;No;nan
276092;7;400;2;401;2003;;F;1Story;No;nan
203199;5;842;2;460;1998;1970;D;1Story;No;nan
116656;1;1310;0;-14;1952;8942;C;Townhouse;No;nan
257384;6;1139;3;673;1987;4963;C;1Story;No;nan
301898;5;1426;2;477;1963;8187;B;1Story;No;nan
269843;3;2056;0;81;1996;9181;D;1Story;No;nan
492718;7;1619;3;647;1963;5749;B;1Story;No;nan
284355;10;1080;2;384;2022;8652;C;2Story;No;nan
473910;9;2177;1;292;1987;9206;D;1Story;No;nan
196278;9;786;1;162;2013;7507;E;1Story;No;nan
411997;9;1611;3;600;1993;;C;2Story;No;nan
196303;2;730;1;291;2019;8009;E;1Story;No;nan
283650;3;1626;3;703;2014;7582;B;1Story;No;nan
461858;7;1341;0;19;1974;8950;B;2Story;No;nan
504987;5;2041;0;-2;;7209;C;Duplex;No;nan
276920;2;1860;2;430;1964;4424;C;1Story;No;nan
196134;3;1206;3;;1952;7493;D;1Story;No;nan
747867;10;1111;2;429;2016;8980;D;2Story;No;nan
420080;6;1342;2;438;1986;8555;B;2Story;No;nan
504995;7;2438;0;-55;2004;7667;D;1Story;No;nan
405626;9;2310;2;407;1987;6540;B;1Story;No;nan
185503;1;1016;1;136;2012;6385;B;1Story;No;nan
359461;7;1900;2;443;1950;6696;A;2Story;No;nan
316302;8;634;3;663;2020;11228;D;1Story;No;nan
220007;3;1276;1;291;1968;5156;C;Duplex;No;nan
276804;4;1036;0;15;2001;;B;2Story;No;nan
416776;10;2035;3;;1979;4226;C;2Story;No;nan
318941;6;855;1;212;2004;10294;C;Townhouse;No;nan
479590;10;1715;3;679;1963;6392;E;1Story;No;nan
365743;7;1500;1;229;1962;5523;C;2Story;No;nan
377059;4;1412;3;683;1976;8646;A;1Story;No;nan
410652;8;2336;3;675;1958;1000;F;1Story;No;nan
487933;5;2380;1;210;1990;4102;A;1Story;No;nan
236037;1;1428;0;-21;1997;9083;D;1Story;No;nan
290533;4;1327;0;;1961;11044;C;Townhouse;Yes;Ex
213420;3;747;3;623;1959;9353;B;2Story;No;nan
392662;9;1498;3;617;1955;8418;D;Duplex;No;nan
404626;8;2477;0;74;1983;15231;A;1Story;No;nan
205996;1;1436;0;5;2001;9474;E;2Story;Yes;TA
460800;6;1864;2;434;1990;4866;B;1Story;No;nan
279254;9;801;0;-20;1955;11074;C;1Story;No;nan
310960;7;1283;3;677;1951;6077;D;2Story;No;nan
320865;4;1731;1;268;1964;5875;A;1Story;Yes;TA
227360;1;1553;0;29;1966;3857;C;2Story;No;nan
552356;2;1912;2;477;1965;6766;E;1Story;Yes;Ex
228846;5;1199;2;;1977;4312;D;1Story;No;nan
227722;5;625;2;440;2021;9672;C;2Story;No;nan
411132;8;2061;1;197;1959;7624;D;Townhouse;No;nan
222021;6;1032;0;4;1959;3917;F;1Story;No;nan
416583;8;1753;0;51;1959;7757;B;2Story;No;nan
236595;2;1725;0;18;2022;10981;C;2Story;No;nan
164578;3;668;1;285;1977;12867;B;1Story;No;nan
264280;6;2025;1;;1973;2631;E;2Story;No;nan
370015;10;1217;3;628;1968;5665;D;1Story;No;nan
247397;3;1528;2;460;2017;4132;E;1Story;No;nan
442399;6;1321;2;445;2005;9061;F;1Story;Yes;Ex
333840;6;2311;0;13;2016;3773;B;Duplex;No;nan
305134;2;2172;1;;1991;11178;A;1Story;No;nan
267462;7;594;1;201;1961;11611;B;1Story;No;nan
337136;2;2629;0;8;1967;10454;C;1Story;No;nan
272745;6;1161;0;39;1972;5848;D;1Story;No;nan
361554;1;2551;3;703;1955;6037;E;1Story;No;nan
345544;3;1372;2;420;2002;6630;B;1Story;No;nan
259863;2;1330;2;449;1991;11315;C;1Story;No;nan
453559;7;1376;2;499;2015;2906;E;1Story;No;nan
271091;4;1300;3;641;1979;;B;Duplex;No;nan
368843;8;2762;0;-26;1958;5200;B;2Story;No;nan
454105;6;1462;0;32;1991;6742;C;1Story;No;nan
445596;10;1349;2;465;1983;10208;C;1Story;No;nan
197765;4;1539;2;407;1989;3454;F;1Story;No;nan
272613;5;1016;3;604;1966;7167;C;2Story;No;nan
529044;9;2299;1;228;1978;7613;E;1Story;No;nan
264742;7;764;1;203;1999;7888;C;1Story;No;nan
421768;10;1193;2;373;1998;7690;A;1Story;No;nan
371391;9;1968;3;633;2022;9670;A;1Story;No;nan
384068;7;1521;2;464;2010;6644;B;Duplex;No;nan
245168;1;1775;1;214;1995;9096;A;1Story;No;nan
388990;8;2267;2;503;1995;;B;1Story;No;nan
266717;4;2002;1;137;1966;8858;C;2Story;No;nan
206530;3;1569;1;274;2015;9584;D;2Story;No;nan
328332;7;2545;1;206;1954;8846;C;1Story;No;nan
194803;3;1186;0;-20;2003;7731;A;1Story;No;nan
344136;8;1450;0;-62;1965;4193;D;1Story;No;nan
222347;6;1485;2;;1956;12072;C;1Story;No;nan
211075;5;1449;1;147;1957;13084;F;1Story;No;nan
170198;4;965;0;33;2021;6922;F;1Story;No;nan
440255;8;708;2;379;1987;9369;E;2Story;No;nan
461004;8;1709;2;386;2003;6357;D;Townhouse;No;nan
251596;1;1183;2;392;1964;5839;A;2Story;No;nan
517401;9;2454;2;411;1999;8166;A;1Story;No;nan
331964;5;1464;2;478;2005;16422;E;2Story;No;nan
317010;4;1374;3;720;1958;12786;C;2Story;No;nan
458858;6;2047;1;;1957;12337;C;Duplex;No;nan
353989;6;1701;2;;1968;9556;E;2Story;Yes;Ex
159427;2;1412;3;;2000;5247;D;2Story;No;nan
206297;8;1180;1;;2021;11110;B;1Story;No;nan
495234;7;3329;0;18;2006;1000;B;1Story;Yes;Ex
248553;1;1681;2;440;2017;9173;A;1Story;No;nan
356088;5;2042;3;650;1980;11294;D;1Story;No;nan
277465;6;989;0;-57;1952;8454;C;1Story;No;nan
215015;4;1211;3;666;1992;12978;F;1Story;No;nan
282826;2;2556;1;258;1978;3722;D;2Story;No;nan
322816;4;2198;1;189;1959;12802;A;Townhouse;No;nan
210468;1;1729;0;-79;1961;7527;B;1Story;No;nan
264207;7;1309;3;647;1995;12352;C;1Story;No;nan
164042;2;1383;2;500;1979;11061;F;Duplex;No;nan
132429;2;1162;2;488;1981;12542;B;Townhouse;No;nan
304259;9;922;0;-23;2022;10926;E;1Story;No;nan
336591;5;1962;0;18;1996;10076;B;1Story;No;nan
269282;2;1769;0;25;2012;12098;B;1Story;No;nan
286043;9;1868;3;720;1975;8166;F;1Story;No;nan
438334;9;1332;2;378;1952;9807;A;Duplex;No;nan
181896;1;1628;2;;1972;7989;D;2Story;No;nan
521347;3;1284;2;360;1999;5943;A;1Story;No;nan
297346;4;1136;0;-27;1985;9581;E;Duplex;No;nan
262314;7;2334;2;483;;8590;E;2Story;No;nan
543032;10;1561;1;198;1978;11771;E;Townhouse;Yes;Gd
241731;4;1754;0;-52;1987;7423;B;Townhouse;No;nan
251091;2;1918;2;449;1954;5718;A;1Story;No;nan
378721;7;1567;3;;1969;11729;C;1Story;No;nan
397430;6;1620;0;-41;1963;8190;B;2Story;No;nan
239812;3;957;1;200;1957;;D;Townhouse;No;nan
253695;6;1052;1;226;1997;12167;C;Townhouse;No;nan
309006;6;1026;3;690;1962;10780;A;2Story;No;nan
347352;5;1803;3;634;1973;13546;D;1Story;No;nan
260639;4;1535;0;-32;2014;6977;E;1Story;No;nan
446603;10;1052;0;77;1983;6558;F;2Story;Yes;Gd
220996;1;1790;1;209;2000;4740;C;2Story;No;nan
402298;10;1772;3;670;1952;6299;B;2Story;No;nan
441446;6;1153;0;26;2007;6841;B;1Story;No;nan
272897;2;1486;1;149;2021;10049;B;2Story;No;nan
344804;3;1774;3;659;2004;5212;B;Duplex;No;nan
267185;8;1071;1;154;1991;6010;F;1Story;No;nan
339364;10;1783;2;;1970;13090;A;1Story;No;nan
323064;6;1651;3;715;1959;1000;B;2Story;No;nan
306356;3;1000;0;-40;2006;9441;A;Townhouse;No;nan
222230;7;1610;0;-67;1974;4129;B;1Story;No;nan
309553;4;1683;2;516;2005;5584;A;1Story;No;nan
488780;9;1187;3;;1987;12270;C;1Story;Yes;TA
367302;5;1226;1;160;2010;8215;C;1Story;No;nan
157973;3;996;0;65;1996;15971;B;1Story;No;nan
223719;2;1276;2;393;2003;9880;B;2Story;No;nan
255678;2;1494;2;506;1995;5511;D;1Story;No;nan
259755;3;1228;3;671;2017;9673;C;2Story;No;nan
305303;2;758;3;711;1953;11390;A;1Story;No;nan
210734;4;1156;0;7;2015;9566;F;1Story;No;nan
328263;2;1291;2;483;1992;;C;2Story;No;nan
254188;10;1908;1;183;2011;;C;2Story;No;nan
361877;9;1797;2;415;1953;7033;E;1Story;No;nan
366438;2;1918;1;135;2014;13003;C;Duplex;No;nan
398963;9;1130;1;;2011;5610;E;1Story;No;nan
255443;6;1571;0;17;1951;6765;F;1Story;No;nan
168732;1;400;2;400;1958;10980;B;2Story;No;nan
222102;4;1714;1;150;2006;9859;E;Duplex;No;nan
360048;1;1805;3;671;1994;4070;A;1Story;Yes;Ex
286911;6;1324;1;287;1967;7674;B;1Story;No;nan
308747;4;1648;3;654;1997;12221;E;2Story;No;nan
184375;3;743;3;634;1991;;F;1Story;No;nan
277181;3;1099;2;403;1990;12294;D;2Story;No;nan
634178;9;1883;3;710;2007;12463;A;1Story;No;nan
421461;6;1756;1;189;1991;5217;C;Duplex;No;nan
318981;9;1294;3;645;1984;7115;C;1Story;No;nan
254525;5;1906;2;482;1987;9973;B;Townhouse;No;nan
168266;2;1569;0;25;2016;3387;F;1Story;No;nan
364140;8;1248;1;207;1990;7331;B;Duplex;No;nan
290133;5;1409;1;192;1999;;B;1Story;No;nan
277294;2;1272;2;499;2021;6133;A;1Story;No;nan
186020;4;908;2;395;1994;9764;C;1Story;No;nan
396570;9;2128;2;432;2020;6199;D;Duplex;No;nan
186078;4;1216;2;380;1968;6166;B;1Story;No;nan
354888;4;1084;1;268;1966;10233;E;1Story;No;nan
178012;2;735;0;-19;2014;12104;A;1Story;No;nan
210985;6;400;3;632;2005;5868;C;Townhouse;No;nan
367623;2;1851;3;686;1990;4366;D;1Story;No;nan
277403;7;1897;0;-57;1991;7888;A;1Story;No;nan
331284;3;2097;0;25;1955;9401;C;Townhouse;No;nan
247453;3;1425;0;-14;2018;5838;E;Townhouse;No;nan
285224;5;1339;2;392;2022;12982;C;1Story;No;nan
164527;3;1246;1;180;1989;7559;C;Duplex;No;nan
246286;2;1292;1;193;1990;5812;E;1Story;No;nan
664279;10;2060;1;202;1958;13795;F;1Story;No;nan
314873;9;1487;2;392;1957;11800;B;Duplex;Yes;TA
343045;2;1689;1;232;1993;5818;D;2Story;No;nan
276760;2;1279;2;391;2007;11201;A;1Story;Yes;TA
552284;8;2160;1;125;2016;6032;A;1Story;No;nan
213027;9;548;0;77;1962;10303;B;1Story;No;nan
246550;7;890;3;668;1968;13332;F;2Story;No;nan
293601;3;1690;3;740;1998;4373;C;Townhouse;No;nan
433903;9;2375;2;398;1979;6387;B;1Story;No;nan
255552;3;1387;1;239;2015;6453;A;Duplex;Yes;Ex
201873;5;1079;3;696;2008;8797;F;1Story;No;nan
430778;9;2000;0;-8;2002;9420;C;2Story;No;nan
281546;3;1662;0;-58;2001;7733;B;1Story;No;nan
451905;7;2145;0;-11;;2954;E;2Story;No;nan
141219;1;855;2;465;1964;4307;D;1Story;No;nan
482570;4;2106;2;464;1969;5349;B;Townhouse;No;nan
258033;4;726;1;220;1954;9680;C;1Story;No;nan
246341;7;1356;0;36;1956;3815;F;1Story;No;nan
379322;8;1706;1;254;1967;5259;F;Duplex;Yes;TA
207009;1;1593;1;199;2005;4599;A;1Story;No;nan
269396;5;2030;0;-61;1994;;B;1Story;No;nan
267752;7;587;1;;1977;11395;B;2Story;Yes;Gd
249547;4;1571;3;;1999;8462;C;Duplex;No;nan
261593;4;2100;2;446;1951;13981;D;1Story;No;nan
359405;4;1530;1;274;2017;8462;B;1Story;Yes;Gd
199708;6;929;0;17;1973;;E;1Story;No;nan
295802;7;2004;2;492;1997;5647;D;Townhouse;No;nan
150920;2;1176;2;400;1994;8609;D;1Story;No;nan
190178;5;1088;1;;2007;5520;F;1Story;No;nan
210663;4;1025;3;727;1985;5063;C;2Story;No;nan
311531;3;1401;1;223;1951;4977;B;1Story;No;nan
458078;7;1592;3;753;1967;7327;D;1Story;No;nan
179182;6;865;2;;1998;6500;E;Townhouse;No;nan
344332;7;968;1;194;1957;;B;1Story;No;nan
228019;5;1153;0;26;2007;8628;E;2Story;No;nan
301517;6;1023;1;;1964;8579;A;Duplex;No;nan
356973;5;1518;3;630;1966;6344;A;1Story;No;nan
536295;7;1681;3;685;1972;17196;B;1Story;No;nan
316479;2;1612;1;234;2015;5228;F;Townhouse;No;nan
410318;5;1613;3;637;2019;6579;C;2Story;No;nan
385217;6;2335;2;448;1976;10998;A;1Story;No;nan
255351;6;1712;1;250;1986;8607;F;1Story;No;nan
386678;5;1892;3;636;1998;4181;D;2Story;No;nan
420918;10;1293;1;241;2013;8082;E;1Story;No;nan
306961;7;1972;1;185;1983;10039;B;2Story;No;nan
433563;10;1269;0;-27;1967;9536;A;Townhouse;No;nan
344137;8;1706;1;264;2013;9984;C;1Story;No;nan
248381;7;814;0;25;1993;14557;E;Duplex;No;nan
358629;5;1583;3;585;1966;8815;D;2Story;No;nan
137671;1;1012;0;-15;2008;10387;D;1Story;No;nan
219336;5;1968;0;20;1962;1000;E;2Story;No;nan
438067;10;1938;0;6;2001;13597;B;2Story;Yes;Gd
236743;2;1267;2;;2009;8195;D;1Story;No;nan
361797;5;2525;0;5;1991;5396;C;1Story;No;nan
304085;5;1357;1;215;2013;7414;A;2Story;No;nan
213907;2;694;0;-7;2015;9988;B;2Story;No;nan
371076;5;1110;1;264;1983;11104;E;Townhouse;No;nan
198636;4;978;0;;2020;7714;E;Duplex;No;nan
299575;1;1690;2;;2013;9804;B;1Story;No;nan
190801;3;882;3;664;1982;7210;B;2Story;No;nan
161980;1;1230;0;-22;1961;9475;A;1Story;No;nan
312610;5;1657;0;;1968;8619;F;1Story;No;nan
351173;4;1569;2;483;1958;8902;D;1Story;No;nan
317892;7;1494;0;39;1966;7067;F;2Story;No;nan
340870;5;1563;1;194;1999;9211;E;1Story;No;nan
556109;10;1315;0;4;1988;5520;B;1Story;No;nan
239961;4;698;0;;1990;8584;A;1Story;No;nan
181020;2;1302;3;677;1959;6097;C;1Story;No;nan
276795;4;1734;3;677;1961;5019;A;Townhouse;No;nan
175614;2;1432;0;-44;;5883;A;Townhouse;No;nan
441471;8;1696;2;393;1977;7376;B;2Story;No;nan
237631;3;1207;3;707;1953;6415;D;2Story;No;nan
312539;9;1997;0;60;1985;9189;C;2Story;No;nan
206581;4;400;3;601;2014;8239;B;2Story;No;nan
216010;6;1571;0;-1;1996;11044;C;2Story;No;nan
410109;10;2174;3;693;1988;7747;A;1Story;No;nan
425159;5;2249;3;572;1987;8542;E;1Story;No;nan
420061;10;1384;1;177;1993;13598;D;1Story;No;nan
166388;1;837;0;-4;2000;6683;B;1Story;No;nan
397563;9;2183;0;-24;1975;;D;1Story;No;nan
218922;1;1474;0;8;1985;11610;C;2Story;No;nan
562537;8;1421;0;;2018;5130;A;2Story;No;nan
339706;9;1054;3;626;1950;11946;B;1Story;No;nan
275010;9;875;1;222;2002;7289;F;1Story;No;nan
266374;1;1782;1;206;1955;5500;A;2Story;No;nan
209589;2;1835;2;;1986;10716;C;1Story;No;nan
255727;1;1601;0;0;1951;7247;E;1Story;No;nan
370173;10;1118;2;545;2018;13473;B;Duplex;No;nan
188055;2;968;3;720;1990;8243;B;1Story;No;nan
368229;10;784;2;377;2000;8222;E;Duplex;No;nan
214751;8;1220;0;;1996;6242;B;Duplex;No;nan
141019;5;997;1;189;1962;7560;D;Duplex;No;nan
193079;7;645;1;171;2018;7182;D;1Story;No;nan
336652;2;1826;0;-55;2015;11994;E;1Story;No;nan
350486;8;840;3;653;2008;8869;F;1Story;No;nan
341028;6;1992;0;-30;2017;10117;E;1Story;No;nan
294350;8;1697;3;624;2008;8295;D;1Story;No;nan
298811;1;1647;1;301;1959;6767;E;2Story;No;nan
256648;1;2333;3;;1962;9113;F;Townhouse;No;nan
216940;7;857;0;-18;1951;12772;F;Duplex;No;nan
284064;8;1937;0;30;1964;4855;E;1Story;No;nan
156063;3;1351;0;-18;1995;9258;B;2Story;No;nan
498581;5;2786;3;613;2006;12490;D;1Story;Yes;TA
348750;1;1310;3;650;1959;5556;A;1Story;Yes;Ex
337887;7;1229;3;740;1971;;B;Duplex;No;nan
307519;5;1713;1;201;1957;10770;A;1Story;No;nan
532538;8;1396;2;404;1970;4117;F;2Story;No;nan
329662;8;1121;2;457;1971;11331;B;Duplex;No;nan
320244;9;1015;0;-12;1994;6218;D;1Story;No;nan
447661;7;2229;1;330;1989;9077;C;Townhouse;No;nan
209927;1;918;3;629;1971;11072;A;1Story;No;nan
299126;3;1612;0;69;1979;11600;C;Duplex;No;nan
323763;8;2028;1;267;2011;3392;D;1Story;No;nan
321383;3;2052;0;-15;2022;13366;E;1Story;No;nan
324947;8;1199;1;220;1994;12254;A;1Story;No;nan
178324;1;1397;1;179;1984;11156;B;2Story;No;nan
321253;5;1300;2;418;1991;9084;D;Duplex;No;nan
343348;4;732;0;;1954;6693;A;2Story;No;nan
399703;5;1769;3;;;4750;B;Townhouse;No;nan
392887;8;1519;2;383;2019;3128;B;Duplex;No;nan
401481;10;2220;2;452;2011;9934;D;1Story;No;nan
214981;4;1088;3;654;1981;11154;B;2Story;No;nan
271250;4;2044;1;236;1957;7746;C;1Story;No;nan
221605;3;2080;3;682;1967;6617;F;1Story;No;nan
398332;7;1524;0;-9;1964;8210;E;1Story;No;nan
145539;3;415;3;680;1975;6079;B;1Story;No;nan
276237;3;1244;1;217;2002;8065;C;2Story;No;nan
436130;10;2393;3;690;1993;5907;B;1Story;No;nan
283004;5;1649;1;233;1981;9836;A;2Story;No;nan
363071;5;1847;1;227;1977;11732;B;Townhouse;No;nan
242444;6;1455;0;-4;;9526;C;1Story;No;nan
404088;8;1388;3;712;;7759;C;2Story;No;nan
340294;10;566;3;676;1967;10967;F;2Story;No;nan
334067;6;1897;0;;2019;8057;F;1Story;No;nan
375619;1;2040;1;201;1960;10872;A;2Story;No;nan
222467;8;1025;3;651;1981;6092;D;1Story;No;nan
379646;8;1411;0;0;;6480;A;1Story;No;nan
300178;9;1343;1;227;1989;5034;D;1Story;No;nan
374433;9;1710;0;-38;1957;6604;A;2Story;No;nan
165853;2;1228;3;;1984;10944;F;1Story;No;nan
298090;2;1966;0;-13;2018;5385;E;1Story;No;nan
211466;3;1536;2;483;1970;1086;A;1Story;No;nan
158243;1;400;1;180;1973;6756;E;Duplex;No;nan
312816;4;1721;2;439;1966;4479;D;Duplex;No;nan
291407;4;1998;2;413;1967;6487;C;2Story;No;nan
272585;9;924;1;295;1961;14321;D;1Story;No;nan
333541;9;1704;1;270;1965;5333;D;1Story;No;nan
340216;9;2415;0;-66;1953;9901;E;Duplex;No;nan
308387;10;1556;1;;1983;7759;E;1Story;No;nan
417842;7;2071;2;475;1995;9117;C;1Story;No;nan
345506;2;1279;2;458;1980;6472;E;1Story;No;nan
440111;10;1491;3;677;1974;11484;F;2Story;No;nan
204549;5;1398;1;228;1973;9281;B;1Story;No;nan
350659;4;1306;2;478;2014;9364;A;1Story;No;nan
474710;8;1426;3;691;1974;8297;D;2Story;No;nan
179320;2;685;3;648;1977;11768;F;2Story;No;nan
316194;6;1335;0;-48;;9680;A;2Story;Yes;Ex
302398;5;2169;2;372;1955;9113;C;1Story;No;nan
267466;2;1018;0;-4;2015;9958;A;2Story;No;nan
354363;10;967;2;366;2016;2720;E;1Story;No;nan
276676;1;1531;0;10;2021;8563;F;2Story;No;nan
269250;8;1556;0;;1997;7808;C;2Story;No;nan
219820;2;1689;1;298;2019;11506;C;1Story;No;nan
273682;7;1443;0;;2016;5897;F;1Story;No;nan
313916;9;1536;1;219;1997;8603;A;1Story;No;nan
473350;9;1325;3;595;2014;13772;E;1Story;No;nan
333345;8;862;2;390;1993;7923;C;1Story;No;nan
458399;10;1464;3;687;2012;4009;C;2Story;No;nan
488785;9;1862;2;427;1995;14522;C;1Story;No;nan
260707;2;1758;3;761;1968;5853;D;Townhouse;No;nan
169583;6;628;2;437;2013;4881;F;1Story;No;nan
220755;4;1626;0;7;2022;4999;F;1Story;No;nan
259758;4;1054;2;387;2020;10183;E;1Story;Yes;Gd
344499;5;2196;2;478;1999;11893;B;2Story;No;nan
233022;3;1663;3;623;2012;13281;B;2Story;No;nan
405976;1;1948;3;;1990;8046;C;Townhouse;No;nan
348547;8;1511;3;692;1956;;F;1Story;No;nan
268168;5;1467;1;224;1958;6290;C;1Story;No;nan
325411;3;2248;1;290;1953;8101;F;2Story;No;nan
413749;10;1986;2;;1998;7936;F;2Story;No;nan
245308;7;1559;2;507;1955;11925;C;Townhouse;No;nan
431434;7;1400;0;-51;1970;4047;E;1Story;No;nan
99646;1;646;0;32;1964;4654;F;2Story;No;nan
438157;9;1662;2;434;2016;7071;E;1Story;No;nan
200031;2;1437;1;192;2015;9108;D;1Story;No;nan
245831;5;1777;2;374;2005;6672;E;1Story;No;nan
247170;5;1929;0;;2017;6428;A;2Story;No;nan
296433;8;2116;1;207;1981;11521;D;2Story;No;nan
352114;8;1668;1;;2015;9416;B;1Story;No;nan
244810;7;977;0;29;1978;5046;A;1Story;No;nan
388768;7;425;2;;2015;6471;E;1Story;No;nan
306388;6;1088;3;730;;9550;D;1Story;No;nan
527330;6;2167;2;418;1976;4217;B;1Story;No;nan
374043;9;2412;2;464;2009;9532;C;1Story;No;nan
299504;6;1381;0;;1988;6969;F;2Story;No;nan
169247;2;770;1;212;1993;9088;E;1Story;No;nan
277738;2;1176;0;2;1985;8360;A;1Story;No;nan
370714;5;2069;2;402;1968;4648;F;Townhouse;No;nan
276638;4;1204;3;644;1994;6090;C;1Story;No;nan
204084;2;1795;3;606;1970;12342;D;2Story;No;nan
170888;3;1584;3;;1972;15114;D;1Story;No;nan
365353;7;1855;0;-19;1976;2758;F;Townhouse;No;nan
392331;8;2409;1;254;2021;11129;E;1Story;No;nan
292898;6;1795;0;-13;1968;8887;B;2Story;No;nan
293713;5;1573;3;642;1990;14247;D;1Story;No;nan
244823;1;2464;2;449;1975;6324;C;Townhouse;No;nan
274421;8;1675;1;227;1977;10695;C;1Story;Yes;Gd
312306;3;1104;0;-24;2013;7092;C;2Story;No;nan
210771;6;1844;0;16;2017;11844;C;1Story;No;nan
266337;3;1724;1;213;2000;14934;C;Townhouse;No;nan
428344;7;1346;1;196;1997;8639;B;2Story;No;nan
334515;7;1241;2;;1959;4583;D;1Story;Yes;Gd
375226;9;1351;1;;;12242;E;1Story;No;nan
329529;5;1234;2;;1988;9696;C;1Story;No;nan
319497;8;1367;3;670;1968;9134;F;1Story;No;nan
510501;10;1079;3;609;2013;12750;A;1Story;No;nan
489465;10;1693;0;45;1968;4587;C;Townhouse;No;nan
458087;8;1656;3;637;2011;5851;C;2Story;No;nan
146710;1;1673;3;676;1962;9783;A;Townhouse;No;nan
326596;5;1469;2;430;1974;5785;B;1Story;No;nan
272152;3;1411;0;16;1991;7052;F;2Story;No;nan
290350;1;2221;1;238;1988;11824;C;1Story;No;nan
294221;4;1534;0;-6;1979;9299;C;1Story;No;nan
354093;8;2132;3;585;1954;4464;C;2Story;No;nan
197232;3;1002;1;264;1967;;E;1Story;No;nan
516600;10;1795;0;-6;1970;11717;C;Townhouse;No;nan
245990;2;1133;0;15;1999;8515;E;1Story;No;nan
334732;9;1222;0;28;1955;10615;B;Duplex;No;nan
330360;10;1294;0;-18;1999;6449;C;2Story;No;nan
298614;5;1263;2;461;2015;8780;A;1Story;No;nan
310221;7;1265;0;-30;1950;3270;E;1Story;No;nan
272249;2;2109;3;676;2006;9889;D;1Story;No;nan
694376;9;1523;3;661;1979;9080;C;1Story;No;nan
344684;9;1613;2;423;2007;4129;A;2Story;No;nan
176048;4;1271;1;222;2001;;C;Townhouse;No;nan
297829;4;1928;1;178;1986;9713;B;1Story;No;nan
403776;6;1678;3;672;1997;5922;C;Townhouse;No;nan
429530;10;1346;3;677;1950;9968;E;1Story;No;nan
316410;10;708;2;454;1968;5047;E;2Story;No;nan
366117;10;1608;1;280;1995;5462;B;1Story;No;nan
341611;6;1788;1;216;2016;5062;F;1Story;No;nan
177885;1;1011;0;-1;1951;4976;F;1Story;No;nan
271949;9;1352;0;-47;2005;9313;C;1Story;No;nan
198441;2;1769;0;63;1966;8284;C;1Story;No;nan
285078;5;715;2;380;1971;10245;F;1Story;No;nan
334611;9;1176;3;669;1976;1000;D;1Story;No;nan
258057;4;1688;2;415;2004;6825;C;1Story;No;nan
200457;3;2053;1;222;1981;6868;D;1Story;No;nan
425314;7;2593;3;608;2009;8158;B;2Story;No;nan
750760;6;2479;0;36;;8080;E;Duplex;No;nan
500975;8;1572;2;402;1977;8684;C;1Story;No;nan
231276;3;1258;2;487;1974;8266;D;1Story;No;nan
488197;5;1962;0;-37;1975;6624;A;2Story;No;nan
464895;10;1228;2;479;2020;6801;B;1Story;No;nan
328356;4;1119;0;-33;1966;7842;C;2Story;No;nan
297449;4;1347;1;195;1956;9514;C;1Story;No;nan
360616;4;1285;3;660;2005;8255;E;1Story;No;nan
291960;10;1706;1;186;2013;5644;B;1Story;No;nan
353898;8;1199;1;185;1969;5486;B;1Story;No;nan
241567;6;1543;0;-33;1987;9530;C;2Story;No;nan
299058;3;2297;2;453;2007;10272;D;1Story;No;nan
444061;10;1561;1;220;1965;11213;A;Townhouse;No;nan
469606;5;2258;1;222;2000;6527;A;1Story;No;nan
412719;6;2101;1;207;1976;2367;F;Townhouse;No;nan
262106;5;1796;2;462;2000;;A;1Story;No;nan
184735;6;1323;2;482;1965;5853;E;1Story;No;nan
356161;8;2020;0;23;2009;7690;C;2Story;No;nan
358454;7;1375;1;212;1989;8445;D;1Story;No;nan
377146;5;1499;3;611;2016;9661;B;Duplex;No;nan
444394;10;1665;2;361;1951;10680;E;1Story;No;nan
382345;6;1497;0;-3;1997;11509;B;2Story;No;nan
283522;4;1140;1;140;2001;11958;C;1Story;No;nan
336683;9;736;3;652;1973;8312;B;2Story;No;nan
352909;4;1980;2;496;1951;2934;E;2Story;No;nan
338174;1;1785;3;614;;;E;2Story;No;nan
255474;7;640;2;389;1969;12224;C;1Story;No;nan
370835;7;1127;0;25;1983;8446;B;Townhouse;No;nan
234172;4;1590;3;548;1990;14535;E;Townhouse;Yes;Gd
363096;3;1721;1;235;1990;6863;E;Duplex;No;nan
331800;8;741;1;279;1972;14939;D;2Story;No;nan
472845;5;1455;2;405;1987;;F;1Story;No;nan
306724;10;1770;1;178;1993;6741;C;1Story;No;nan
334272;7;1324;3;;2016;5865;B;Townhouse;No;nan
317842;4;1628;0;;2011;9980;B;Townhouse;No;nan
290407;4;1256;2;472;1961;3761;D;1Story;No;nan
383186;8;1955;3;616;1979;6351;C;1Story;No;nan
368820;8;1100;2;511;2014;7842;B;Duplex;No;nan
219837;2;929;0;26;1990;1226;B;1Story;No;nan
211217;2;1514;2;442;1969;7708;C;1Story;No;nan
186833;3;783;1;288;1955;13161;A;Townhouse;No;nan
334512;3;447;1;261;1953;9296;A;Duplex;Yes;TA
194994;1;2042;2;455;1959;6026;F;Townhouse;No;nan
204164;3;1008;0;-75;2000;6566;B;1Story;No;nan
222776;6;833;0;-28;1987;9011;B;1Story;No;nan
245050;8;1094;1;263;1950;6468;D;2Story;No;nan
405103;10;1072;0;-52;1957;9406;E;2Story;No;nan
473406;6;1429;2;;2012;6383;D;1Story;No;nan
222268;5;953;3;619;1982;4927;B;Duplex;No;nan
347397;4;1749;2;456;1964;11542;E;Townhouse;No;nan
376511;3;1823;1;;1980;10127;C;1Story;No;nan
202119;4;863;1;259;1970;2335;C;1Story;No;nan
288499;7;1191;1;186;1952;6989;D;1Story;No;nan
160536;1;1238;0;16;2015;11129;D;1Story;No;nan
345778;7;1417;2;404;1984;7502;C;1Story;No;nan
144701;1;2041;3;652;1990;6258;F;1Story;No;nan
375149;2;2070;2;461;2008;7242;D;1Story;No;nan
416293;4;2749;3;702;1965;8333;E;Duplex;No;nan
129603;1;400;2;;2005;7461;C;1Story;No;nan
365010;9;1038;1;224;1994;7752;B;2Story;No;nan
313297;6;2407;3;716;2008;7550;C;2Story;No;nan
172609;1;600;2;449;1999;5079;A;2Story;No;nan
232855;1;2396;0;3;1961;4925;B;Townhouse;No;nan
330825;6;1574;0;-23;1961;4730;E;2Story;No;nan
270113;4;1592;2;495;1982;8274;D;Townhouse;No;nan
154096;4;860;1;;1998;9748;B;1Story;No;nan
310440;6;1274;3;656;1970;5176;C;2Story;No;nan
355024;7;2374;2;421;2009;3500;A;2Story;No;nan
427992;9;1476;0;4;2001;5386;E;Townhouse;No;nan
436533;10;1278;3;717;2003;12207;A;1Story;No;nan
351058;5;1703;0;-36;1988;7061;D;1Story;No;nan
240119;9;1404;0;5;1998;7358;D;2Story;No;nan
315233;4;1673;2;456;2013;;C;1Story;No;nan
372126;10;1075;0;-32;1975;9715;B;2Story;No;nan
261614;2;1461;3;658;2020;;C;Townhouse;No;nan
167818;3;1179;1;294;1956;5820;E;Townhouse;No;nan
179780;1;598;2;;2021;4907;E;1Story;No;nan
444316;6;1741;3;643;2011;9134;D;1Story;No;nan
361822;6;883;2;450;1973;8792;D;2Story;No;nan
329112;1;1418;0;-15;1989;4285;A;2Story;No;nan
401500;3;1963;0;115;1996;11682;A;2Story;No;nan
281303;5;751;3;682;1957;6074;E;2Story;No;nan
294491;3;1802;3;618;2003;1326;E;2Story;No;nan
511915;10;1350;1;127;1958;12586;D;1Story;No;nan
221279;3;1017;3;674;1952;7692;D;2Story;Yes;TA
403860;10;2511;3;630;2003;9303;C;1Story;No;nan
291400;3;1500;2;492;1970;13017;B;1Story;No;nan
238562;5;1216;0;-11;1997;4992;D;2Story;No;nan
207638;5;1110;3;637;1996;9438;F;2Story;No;nan
423790;4;1941;1;197;2017;11526;C;2Story;No;nan
209456;1;1194;3;699;2012;5196;B;1Story;No;nan
291562;5;1878;0;17;1965;12382;B;1Story;No;nan
407326;10;1499;3;;1954;3773;A;1Story;No;nan
256101;5;2058;2;431;1960;7714;C;2Story;Yes;Gd
228765;4;979;0;34;1978;4774;F;1Story;No;nan
529018;6;1048;3;695;2019;10088;E;2Story;No;nan
528486;10;1359;2;467;1997;5104;E;2Story;No;nan
163172;4;1401;0;-20;1964;6148;D;1Story;No;nan
318226;7;1323;3;679;1983;5363;C;Duplex;No;nan
320237;7;2816;2;436;2009;4394;F;Duplex;No;nan
372757;2;2532;1;215;2011;5699;C;Duplex;No;nan
340559;3;1650;2;408;1951;7864;F;2Story;No;nan
293752;1;1708;1;135;1968;7699;E;1Story;No;nan
215910;8;1382;3;710;1998;7351;B;1Story;No;nan
318538;9;975;2;457;1977;6000;C;2Story;No;nan
210101;4;1409;1;166;1997;6932;C;1Story;No;nan
342435;6;1886;0;29;1986;3243;A;2Story;No;nan
475515;9;2153;2;491;;5903;C;2Story;No;nan
473020;6;1998;3;691;1997;7335;E;1Story;No;nan
326698;9;745;0;-36;2022;8883;E;2Story;No;nan
389214;4;1355;1;191;1978;8517;B;1Story;No;nan
358664;8;766;2;418;2009;4316;C;1Story;No;nan
363590;9;2084;2;474;1978;9283;D;Duplex;No;nan
294597;4;1294;3;;2007;8367;C;1Story;No;nan
407194;5;1476;0;112;1997;12321;C;2Story;No;nan
480798;8;1740;2;374;1972;3517;D;1Story;No;nan
278250;10;2883;2;;1976;7591;C;2Story;No;nan
273011;6;1634;0;-77;1956;11094;B;1Story;No;nan
299216;7;1381;2;464;1998;7111;C;2Story;No;nan
260143;3;879;0;;2003;5260;C;Duplex;No;nan
534143;7;2229;0;58;2017;5552;B;Duplex;No;nan
465491;8;1409;0;8;1991;10354;B;1Story;No;nan
600032;10;2329;3;583;2008;3356;C;2Story;No;nan
554284;6;2053;0;-2;1993;7000;E;Duplex;No;nan
392337;10;1269;0;17;1975;5372;D;1Story;No;nan
393529;9;804;1;;1972;5597;D;1Story;No;nan
345967;6;1636;1;209;2022;9325;C;Duplex;No;nan
458462;9;1193;3;609;1957;6814;A;2Story;No;nan
276181;4;1520;0;-25;;8699;B;1Story;No;nan
295735;8;2025;1;256;1963;;E;1Story;No;nan
203664;4;673;1;247;2020;10490;C;2Story;No;nan
262034;2;1632;2;384;1956;8638;C;1Story;Yes;Ex
534800;10;1880;0;-28;1958;11714;B;2Story;No;nan
560557;9;1904;1;222;1952;6779;F;1Story;No;nan
212358;5;818;3;669;1966;9349;F;2Story;No;nan
477327;4;1710;2;413;1993;10350;A;2Story;No;nan
255497;2;2102;2;459;1995;9290;D;2Story;No;nan
236076;1;1672;0;-1;2007;13093;A;2Story;No;nan
371462;7;1442;0;-103;1977;3010;C;1Story;No;nan
343325;6;2070;2;417;1963;8524;B;1Story;No;nan
194310;2;1153;3;;1958;6782;A;1Story;No;nan
288289;8;735;0;27;1975;6567;A;1Story;No;nan
170627;4;1400;0;28;1951;12481;F;Townhouse;No;nan
322675;8;1768;2;373;1983;6139;E;2Story;No;nan
406345;7;2019;2;458;1968;10558;A;1Story;No;nan
275663;5;1765;0;-3;1988;4838;C;1Story;No;nan
349517;10;1918;1;225;1962;11059;B;1Story;No;nan
544657;10;2023;0;-25;1954;7933;B;1Story;No;nan
253580;8;1330;1;218;1999;7152;E;1Story;No;nan
428892;9;1426;2;486;1972;3390;A;1Story;No;nan
378456;5;2144;1;224;1978;7158;D;1Story;No;nan
422786;10;895;3;658;2021;5940;C;1Story;No;nan
256354;5;1715;2;421;1975;13243;B;2Story;No;nan
139011;2;1142;0;42;2006;8155;C;2Story;No;nan
353406;5;2050;0;-51;1950;6211;F;Duplex;No;nan
233618;3;1491;2;408;1977;6083;E;1Story;No;nan
268177;7;1504;2;386;;3920;A;Duplex;No;nan
464681;10;2364;3;668;1996;12567;E;2Story;No;nan
208836;5;962;2;487;2008;11769;F;1Story;No;nan
426878;8;1608;0;;1980;7799;B;1Story;No;nan
279157;1;1410;3;617;2019;14538;B;1Story;No;nan
303993;3;1766;0;65;1998;7961;A;1Story;No;nan
332815;3;2465;1;238;1954;11289;B;1Story;No;nan
411813;9;1197;2;451;1980;;D;Duplex;No;nan
252366;5;901;1;212;1986;6277;B;1Story;No;nan
384372;9;1095;0;27;;8547;A;1Story;No;nan
294753;9;1384;1;230;2001;9118;B;1Story;No;nan
214819;1;1532;1;;2018;4087;C;2Story;No;nan
353487;2;1557;0;-13;1960;8864;C;Duplex;No;nan
423057;5;2401;0;-41;1992;11423;D;Townhouse;No;nan
479710;4;2312;2;394;2019;5925;A;1Story;No;nan
360710;10;2151;1;208;1972;7369;C;1Story;No;nan
384695;9;2757;3;706;1989;4671;B;Duplex;No;nan
334065;7;1912;3;619;2012;6552;F;1Story;No;nan
370197;6;2054;0;;1951;6784;C;2Story;No;nan
386248;7;1902;0;-32;2022;;A;Townhouse;No;nan
248208;1;1820;1;149;1996;7048;A;2Story;No;nan
187310;1;1697;0;;1979;6409;B;1Story;No;nan
320251;8;1302;3;725;1965;7718;B;Duplex;No;nan
269663;2;877;2;406;2008;2877;D;Townhouse;No;nan
302616;10;1435;2;;1996;1000;E;2Story;No;nan
410471;9;1783;1;238;1979;3854;B;1Story;No;nan
237932;7;1536;2;403;1958;8972;C;Townhouse;No;nan
270581;6;967;0;21;2014;7992;D;Townhouse;Yes;Gd
293604;1;1417;0;46;2008;;C;Townhouse;No;nan
246552;1;1391;0;13;2013;3439;A;1Story;No;nan
306329;2;1469;0;32;1957;7388;B;2Story;No;nan
373730;6;1745;1;253;2001;3225;E;2Story;No;nan
367436;6;1853;2;;1967;8802;E;1Story;No;nan
165171;2;1250;3;662;2007;3866;A;2Story;No;nan
394368;1;1991;2;471;1998;7270;B;2Story;No;nan
660451;10;2066;0;;1981;8619;E;Duplex;No;nan
284445;5;1660;3;676;1997;6826;C;Duplex;No;nan
431712;5;1832;1;342;1994;1214;E;1Story;No;nan
346817;2;1992;0;10;2003;12987;B;1Story;No;nan
277502;6;951;0;-60;1995;6508;F;1Story;Yes;Gd
460727;9;2027;3;652;1980;3171;E;Duplex;No;nan
194974;2;1105;1;208;1986;10284;B;1Story;No;nan
486789;10;1154;3;649;;10396;C;2Story;No;nan
296579;2;1598;1;258;1995;7093;A;2Story;No;nan
190491;3;428;0;45;1995;12609;C;Townhouse;Yes;TA
479253;7;1588;2;436;;5778;D;1Story;No;nan
467115;6;1991;0;-56;1995;8527;B;2Story;No;nan
232745;8;677;2;;2000;9532;D;Townhouse;No;nan
377042;8;2045;2;418;2011;12542;B;2Story;No;nan
225912;6;1151;1;228;1984;2170;D;1Story;No;nan
479627;10;1603;3;655;1991;14875;C;1Story;No;nan
223274;3;1223;1;269;1994;11522;E;Duplex;No;nan
274801;3;1786;0;;2017;9348;A;1Story;No;nan
288757;1;2012;3;;;5601;C;2Story;No;nan
424147;7;1824;2;385;1979;5349;C;2Story;No;nan
288019;5;1498;2;438;1973;8863;C;Townhouse;No;nan
307164;4;1262;0;-2;2015;9481;C;1Story;No;nan
342697;10;1465;3;650;1992;9095;C;2Story;No;nan
196988;4;1828;0;;1983;8479;F;1Story;No;nan
252756;4;1845;0;-55;1972;9296;B;1Story;No;nan
288425;6;1775;1;189;2010;1443;E;1Story;No;nan
266995;8;859;0;2;1986;7202;C;Duplex;No;nan
389334;8;1488;3;638;1962;3850;C;Duplex;No;nan
189473;5;1183;0;;2020;7878;D;1Story;No;nan
288196;6;1832;3;658;1956;11919;E;1Story;No;nan
260640;4;1118;2;467;1991;;C;2Story;No;nan
492591;9;1726;0;-4;1987;5872;E;2Story;No;nan
325124;8;1359;3;581;2001;5451;A;2Story;No;nan
317561;10;560;2;416;1993;;D;Townhouse;No;nan
391265;10;1965;3;680;2013;9662;B;Duplex;No;nan
235683;1;1487;2;471;1962;10362;C;1Story;No;nan
420614;2;2138;1;253;1977;12408;C;1Story;No;nan
408810;9;667;0;44;1950;4985;C;2Story;No;nan
303001;8;1354;0;5;1992;10052;C;Duplex;No;nan
206631;3;1392;2;451;1991;10551;B;1Story;No;nan
365809;8;1635;1;;1999;12960;D;2Story;No;nan
212785;1;837;3;573;2009;5209;C;1Story;No;nan
400641;10;1772;1;163;1950;1989;B;Townhouse;No;nan
397545;4;2456;3;632;2000;7168;B;2Story;No;nan
296939;3;1737;3;606;1965;16426;E;1Story;No;nan
347484;6;1546;0;-12;1988;4714;E;1Story;No;nan
326485;7;811;2;422;1964;;B;1Story;No;nan
278059;4;1113;0;38;1982;1350;B;Duplex;No;nan
307665;7;1472;0;;2002;13445;B;2Story;No;nan
400968;9;1235;0;6;1966;2365;E;2Story;No;nan
185270;2;2013;3;643;1955;1000;E;1Story;No;nan
259745;3;1767;0;-40;1980;8297;A;1Story;No;nan
546527;5;2846;3;631;2018;;E;1Story;No;nan
196635;3;1010;2;358;1989;12258;A;1Story;No;nan
316868;8;1517;3;690;1979;10548;B;1Story;No;nan
256507;10;808;3;716;2018;1998;F;1Story;No;nan
277752;8;400;1;209;1956;7544;E;1Story;Yes;TA
317733;8;1861;0;1;1962;5909;E;2Story;No;nan
401173;9;1748;0;-12;1953;3995;C;Duplex;No;nan
260135;4;1073;0;-33;1999;9301;B;1Story;No;nan
233756;5;1547;0;28;1952;11129;E;2Story;No;nan
303360;5;1185;1;;1961;5584;D;1Story;No;nan
470611;8;1253;1;104;2014;7001;B;2Story;No;nan
359442;7;1340;1;179;1976;7201;C;Townhouse;No;nan
362790;9;1052;1;;1999;6017;E;1Story;No;nan
253560;8;1142;0;62;1966;6718;F;1Story;No;nan
200685;2;1156;3;;2021;6015;D;1Story;No;nan
353343;10;1711;2;450;1981;8374;D;2Story;No;nan
264875;4;400;1;206;2000;6241;A;2Story;No;nan
297791;6;1386;3;704;1966;9281;D;1Story;No;nan
116241;2;956;1;254;1983;6230;D;1Story;No;nan
232259;7;974;0;-9;1984;9940;A;Duplex;No;nan
174017;3;1237;0;69;1973;6165;E;1Story;No;nan
205364;3;1493;3;667;2003;9817;F;1Story;No;nan
206600;2;1393;3;602;1967;5454;B;Townhouse;No;nan
305263;8;968;3;664;1999;10656;E;1Story;No;nan
346642;6;1861;0;21;1995;;D;Duplex;Yes;TA
261349;1;1049;0;-5;1997;7982;C;Townhouse;No;nan
148121;1;1133;2;424;1982;6299;E;1Story;No;nan
318444;7;1642;3;731;1976;7861;B;2Story;No;nan
275586;8;1660;2;393;1950;4442;E;2Story;No;nan
199288;5;1194;1;109;2008;7416;B;Duplex;No;nan
211845;5;400;2;505;1959;4672;E;1Story;No;nan
301040;4;1057;1;171;1974;7285;C;2Story;No;nan
355029;6;1581;1;209;2006;7007;A;Townhouse;No;nan
312603;6;1844;2;425;2015;8990;C;Duplex;No;nan
255712;3;1460;3;709;1964;8197;B;Townhouse;No;nan
329904;9;1261;1;277;1977;13635;A;2Story;No;nan
604739;7;2647;3;608;1962;6470;A;Townhouse;No;nan
282871;1;1314;0;54;1963;7602;E;1Story;Yes;TA
372415;7;1806;1;274;2015;17553;E;2Story;No;nan
208150;5;832;0;1;1983;7329;F;2Story;No;nan
279780;5;955;2;477;1974;10860;E;1Story;No;nan
365835;2;1824;3;701;2003;9730;E;1Story;No;nan
301325;4;2022;2;430;1961;15004;A;2Story;No;nan
440945;6;1305;1;214;1958;3708;E;1Story;No;nan
256003;10;576;0;24;1980;3366;E;1Story;No;nan
420672;7;1416;1;155;2002;4646;A;1Story;No;nan
305763;5;1595;2;426;1992;8518;D;Townhouse;No;nan
366294;9;1549;3;612;1987;4990;C;1Story;No;nan
274467;3;1218;3;717;1991;1600;F;Duplex;No;nan
190146;1;1424;1;205;2021;5227;D;1Story;No;nan
219445;4;1125;1;;1997;9106;F;2Story;No;nan
471991;9;944;0;-9;2016;5289;A;2Story;No;nan
331557;4;1878;2;429;2015;11427;A;2Story;No;nan
151022;2;1549;1;;1965;4624;F;Duplex;No;nan
334529;10;1425;0;-29;1965;;A;2Story;No;nan
308755;5;1246;1;212;1980;6827;C;2Story;No;nan
407924;3;1410;3;652;2007;;D;1Story;No;nan
385162;9;1580;0;;1977;8867;E;2Story;No;nan
447199;4;2364;0;16;1953;12756;B;1Story;No;nan
493132;6;1827;1;202;1959;10070;A;1Story;No;nan
155464;2;1167;2;;2000;6738;C;Duplex;No;nan
341974;6;1172;3;685;1967;9839;C;Duplex;No;nan
304245;3;1094;2;386;1996;10251;B;1Story;No;nan
459151;9;1400;0;22;1981;14135;E;Townhouse;No;nan
172594;2;1094;2;412;1979;7529;D;2Story;No;nan
423076;9;1737;0;5;1985;7751;E;1Story;No;nan
304296;5;400;2;411;1958;11937;B;1Story;No;nan
366493;8;1768;1;132;1985;2004;D;Townhouse;No;nan
196167;2;1638;2;439;1978;7386;F;2Story;No;nan
359858;6;2131;0;-57;1965;10083;D;1Story;No;nan
236863;3;1938;3;677;1970;11142;B;2Story;No;nan
325959;10;1158;3;667;2013;1372;F;2Story;No;nan
309908;5;1882;3;636;2015;3985;C;2Story;No;nan
347408;8;1416;0;;2008;1000;E;2Story;Yes;Ex
300684;10;533;2;390;1977;10619;A;2Story;No;nan
252015;1;1579;3;635;2004;8613;D;2Story;No;nan
225632;5;1188;3;615;1980;12257;F;Townhouse;No;nan
310578;3;1500;3;742;1982;8088;C;Townhouse;No;nan
353021;4;2326;1;274;2009;14723;B;2Story;No;nan
218390;2;1612;0;;1990;5171;A;Townhouse;No;nan
402551;9;991;0;-33;1995;6899;B;Duplex;No;nan
412142;3;1982;0;-32;1998;9238;C;1Story;Yes;TA
272252;2;1681;0;-22;2014;5862;D;Townhouse;No;nan
306451;10;932;0;-42;1991;9251;B;1Story;No;nan
302043;9;697;1;196;1972;7668;A;1Story;No;nan
335326;7;1011;2;480;1976;7493;C;2Story;No;nan
223324;6;1918;1;298;1981;7624;C;2Story;No;nan
218063;1;1349;3;598;1952;10116;D;2Story;No;nan
227488;5;1541;1;178;2009;6971;D;2Story;No;nan
183873;3;831;0;9;1966;4640;E;1Story;No;nan
260749;1;1932;1;157;1981;8202;B;Townhouse;No;nan
270926;4;492;0;;1956;6098;C;1Story;No;nan
208429;2;1172;1;242;2020;;C;Townhouse;No;nan
286600;2;1709;0;28;2018;2807;A;1Story;No;nan
189012;3;939;3;680;2007;10793;C;2Story;No;nan
369733;8;1807;0;-21;1989;9987;E;1Story;No;nan
436424;8;1065;1;213;1997;12222;A;2Story;No;nan
300344;7;887;3;613;2000;8008;A;1Story;No;nan
213533;6;2143;1;239;2006;11236;D;1Story;No;nan
412113;9;1577;3;724;2020;5169;D;1Story;No;nan
338042;4;1760;2;458;1986;2276;C;2Story;Yes;Gd
277735;1;2009;2;412;2004;5745;D;Townhouse;No;nan
244739;8;400;2;480;1990;7382;F;1Story;No;nan
330183;7;1817;1;315;1969;9081;B;2Story;No;nan
248761;7;1119;1;;1982;11843;B;2Story;No;nan
357027;3;1185;3;682;1989;;B;1Story;No;nan
245080;4;1719;3;687;1983;14772;D;1Story;No;nan
362658;10;1318;3;596;2011;8359;C;1Story;No;nan
438742;9;1797;3;644;1968;8302;F;1Story;No;nan
271273;6;1480;0;-21;1992;9015;D;1Story;No;nan
442399;5;1584;2;473;2018;9137;C;1Story;No;nan
337964;3;1255;0;29;2012;9094;A;1Story;No;nan
268215;9;968;0;-5;1959;4303;C;Duplex;No;nan
349413;5;1130;0;-23;1962;10557;B;Duplex;No;nan
262204;5;1449;0;-67;1954;15517;F;2Story;No;nan
349794;4;2419;2;439;2007;5351;C;2Story;No;nan
306954;4;2236;0;-38;2008;7876;B;1Story;No;nan
229249;1;1173;3;617;2008;3882;C;1Story;No;nan
237337;7;1530;1;257;1964;10256;A;1Story;No;nan
393653;9;1356;3;693;1950;10253;C;2Story;No;nan
213649;3;1565;1;200;1987;3488;A;Townhouse;No;nan
287209;2;1629;3;597;2002;4063;D;1Story;Yes;Ex
273389;3;1764;3;627;2001;1755;C;1Story;No;nan
134049;1;400;1;260;1950;12711;C;2Story;No;nan
270555;6;1683;2;459;1960;5484;D;Duplex;No;nan
269254;7;1301;0;-19;2007;7597;A;1Story;No;nan
244731;2;1148;3;662;1989;6900;C;1Story;No;nan
376498;8;1897;2;357;2009;10965;C;Duplex;No;nan
360162;6;2233;0;;1993;9981;C;1Story;No;nan
243396;4;1845;2;519;1955;9820;F;2Story;No;nan
350637;5;1241;2;460;1977;5564;A;Duplex;No;nan
209146;8;962;0;;1980;10044;D;Townhouse;No;nan
148372;3;400;3;644;1957;10785;C;1Story;No;nan
419025;3;1591;2;370;1954;9955;C;1Story;No;nan
274109;4;1790;3;700;2003;4133;E;1Story;No;nan
219214;1;1449;3;615;1966;4611;B;2Story;No;nan
532347;9;1967;3;688;1987;13211;E;2Story;No;nan
264342;8;840;0;5;1958;13832;A;Townhouse;No;nan
406023;8;1414;1;218;1963;7790;C;2Story;No;nan
385317;10;1375;3;608;1975;7786;D;2Story;No;nan
408153;6;1445;1;168;2011;;B;1Story;No;nan
447679;7;2084;1;236;1974;9737;E;1Story;No;nan
364132;6;1448;2;;1985;3672;B;1Story;No;nan
344322;9;1353;3;662;1982;8691;E;1Story;No;nan
229644;3;1032;3;671;1952;4908;C;Duplex;No;nan
316222;3;2164;3;583;1960;7939;D;2Story;No;nan
208445;3;784;1;261;2007;5349;F;1Story;No;nan
404141;10;1224;0;-14;2013;6055;C;1Story;Yes;TA
494151;3;2347;1;;1967;8545;B;1Story;No;nan
452137;9;1734;3;580;1996;6148;E;1Story;No;nan
325617;4;1490;3;683;1993;4703;B;Duplex;No;nan
314959;7;1511;3;682;2008;12361;D;Townhouse;No;nan
303843;9;1027;1;161;1999;4746;F;1Story;No;nan
356357;7;1466;3;634;2018;1069;D;2Story;No;nan
310453;9;1325;2;398;1978;9706;B;1Story;No;nan
230428;3;1590;3;695;2016;7131;B;1Story;No;nan
198580;4;747;0;12;1951;7912;B;2Story;No;nan
365174;8;1699;2;504;1974;8475;C;1Story;No;nan
426910;6;2008;3;668;1968;11812;B;1Story;No;nan
359026;5;1398;2;469;1989;13591;E;1Story;No;nan
244818;4;1824;3;707;1951;8760;C;1Story;No;nan
288787;8;1655;0;22;2014;4473;F;1Story;No;nan
199890;1;1196;3;645;2011;;E;1Story;No;nan
410869;9;971;2;417;2003;9768;F;1Story;No;nan
140756;1;1041;0;-3;1994;11011;B;2Story;No;nan
313664;8;1646;1;252;1998;8412;C;1Story;No;nan
298302;4;1472;0;;2018;6318;B;1Story;No;nan
365912;9;2138;0;26;1987;5280;B;1Story;No;nan
255674;5;1895;0;13;1953;7650;D;Duplex;No;nan
286593;3;1894;2;;1966;3497;E;1Story;No;nan
259205;9;1632;0;24;;9183;A;Duplex;No;nan
372845;9;1019;3;666;2002;8532;B;1Story;No;nan
273838;4;1663;0;-22;1980;8517;B;Townhouse;No;nan
263858;4;1532;0;5;1971;10153;E;1Story;No;nan
407968;8;931;3;640;1960;12353;F;1Story;No;nan
358840;2;2105;3;670;1983;;A;2Story;No;nan
326905;9;2051;1;213;1964;;C;2Story;No;nan
131492;6;928;0;;1959;;F;2Story;No;nan
386905;9;1181;2;434;2002;9655;B;1Story;No;nan
259718;8;1225;0;-18;1997;7977;D;1Story;No;nan
455301;7;1805;0;25;1980;;A;2Story;No;nan
160521;1;1747;3;695;1986;11402;C;Townhouse;No;nan
275196;3;1522;1;200;1977;;C;Townhouse;No;nan
165679;2;1637;0;-32;1980;7761;E;2Story;No;nan
161426;5;856;2;373;2019;7180;B;1Story;No;nan
280460;5;1691;0;-33;1963;9441;B;1Story;No;nan
569476;5;1450;2;427;1965;9449;B;Duplex;No;nan
226409;4;1160;3;606;1974;7179;C;Duplex;No;nan
266892;5;734;1;256;1988;8865;E;Townhouse;No;nan
262185;3;1513;0;10;2015;5677;E;2Story;No;nan
342114;1;1678;1;215;1987;9353;A;Duplex;No;nan
272162;5;649;0;-1;1990;5929;E;Duplex;No;nan
294086;9;1509;2;452;1989;10316;A;2Story;No;nan
396055;9;1561;1;;2013;7050;C;2Story;No;nan
176543;4;1223;0;32;1965;13022;E;1Story;No;nan
269555;3;1690;3;;2008;8117;A;2Story;No;nan
278513;1;1434;2;434;;8714;A;Townhouse;No;nan
210617;2;1642;1;227;1950;3804;B;1Story;No;nan
312024;8;1767;0;-7;1962;12220;D;2Story;No;nan
256690;1;1767;1;255;1979;7886;C;1Story;No;nan
327366;8;2008;0;49;2018;13219;C;Duplex;No;nan
385348;7;1669;2;454;1967;8145;E;2Story;No;nan
345120;8;1261;3;624;;7358;E;Townhouse;Yes;Ex
368924;6;1176;2;460;;6466;E;2Story;No;nan
427444;9;968;1;235;2020;9927;C;1Story;No;nan
187954;3;1576;1;180;2021;9562;A;1Story;No;nan
389111;10;2161;0;;1999;3998;B;2Story;No;nan
258583;4;1321;2;418;2020;6293;D;1Story;No;nan
267844;6;1725;0;30;1980;10167;E;2Story;No;nan
381494;8;1124;2;460;2000;;F;1Story;No;nan
335391;5;1597;1;229;1976;5549;B;Duplex;No;nan
283049;3;2130;0;2;2009;8589;A;1Story;No;nan
479533;6;1843;0;-85;1982;8261;A;Townhouse;No;nan
335975;4;715;2;391;2002;6608;B;2Story;No;nan
334721;9;1785;3;655;2021;13302;C;1Story;No;nan
194086;3;1808;2;501;1982;7553;F;2Story;No;nan
378035;4;1587;3;683;1990;4205;C;Townhouse;Yes;TA
463406;7;1834;2;513;1968;3143;C;2Story;Yes;TA
449731;7;1083;1;223;1990;;D;1Story;No;nan
498108;4;1532;0;-1;1991;4708;A;Townhouse;No;nan
400887;6;2055;2;497;1972;8091;E;1Story;No;nan
337026;3;2010;1;214;1982;5378;D;1Story;No;nan
578393;6;1774;2;401;1969;7694;B;2Story;No;nan
176156;2;1059;0;13;1974;9044;D;1Story;Yes;TA
323287;8;980;2;485;2001;3903;C;2Story;No;nan
281491;2;1557;3;627;1961;6633;A;2Story;No;nan
491178;7;1590;0;24;1981;5979;B;2Story;No;nan
572644;9;1450;3;;1982;5104;C;1Story;No;nan
220718;1;1098;1;238;2017;6873;B;2Story;No;nan
338304;8;1718;1;233;1964;6129;B;2Story;No;nan
296708;7;1555;2;423;2000;10619;C;2Story;No;nan
336210;6;1645;3;656;1955;5853;C;Duplex;No;nan
309407;6;1797;3;646;2018;9352;D;1Story;No;nan
242959;6;1363;0;5;2018;9247;F;2Story;No;nan
424068;9;1256;3;626;1984;3497;D;2Story;No;nan
239495;2;2054;3;636;1983;6483;C;2Story;No;nan
202562;1;1121;0;-17;2012;7670;E;2Story;No;nan
382616;6;1265;0;16;2017;8796;D;1Story;No;nan
379066;10;2117;3;603;1967;7291;B;1Story;No;nan
319168;8;1226;2;436;1975;11126;B;2Story;No;nan
176928;3;1451;0;-28;2010;8314;D;1Story;No;nan
387476;10;1294;0;-16;1997;9337;D;1Story;No;nan
112129;1;608;3;634;2021;6223;F;2Story;No;nan
450707;9;1438;3;668;1980;9380;D;Duplex;No;nan
210641;1;995;0;-6;1983;13809;E;1Story;No;nan
371893;3;1627;3;688;1956;9580;A;Townhouse;No;nan
536539;8;2053;0;16;1956;11309;C;1Story;No;nan
125280;3;400;2;;1996;7125;F;2Story;No;nan
333585;4;1297;2;402;1957;10773;B;2Story;No;nan
341038;8;1726;0;-7;1950;11035;B;1Story;No;nan
126313;1;408;0;-2;1952;8736;C;Townhouse;No;nan
403007;6;2168;1;185;2002;7776;E;1Story;Yes;Ex
177440;1;1690;1;272;1987;;A;1Story;No;nan
425740;1;2042;3;695;2000;7903;D;2Story;No;nan
196698;8;1218;3;594;1964;9696;A;2Story;No;nan
348860;4;1278;0;;2016;5704;C;Townhouse;No;nan
213849;1;1420;0;;2013;4190;F;1Story;No;nan
455082;10;2569;1;270;2017;8306;B;1Story;No;nan
303814;7;2159;1;157;1954;8692;A;1Story;No;nan
274984;5;1566;0;82;1959;3958;C;2Story;No;nan
365725;5;1627;2;406;1957;8122;C;2Story;No;nan
295537;1;1817;2;;1961;8870;B;Townhouse;No;nan
409300;10;2696;3;;2013;11964;C;2Story;No;nan
347398;6;1691;0;;2008;;F;Townhouse;No;nan
371414;9;1523;0;-68;2016;14259;B;Townhouse;No;nan
368864;9;1331;3;708;1999;8162;B;1Story;No;nan
446517;8;1617;1;209;1972;4394;C;1Story;No;nan
350597;5;1206;1;212;1989;7009;C;1Story;No;nan
180533;1;1748;2;532;1967;4661;A;1Story;No;nan
314070;9;784;0;;1970;7498;D;2Story;No;nan
202384;1;1370;1;193;1950;9405;F;1Story;No;nan
389599;8;1867;2;416;1987;8805;B;1Story;No;nan
170460;5;1685;2;450;1990;4610;D;1Story;No;nan
175489;3;1269;2;471;1991;;A;1Story;No;nan
194900;7;1384;1;290;1958;9258;D;1Story;No;nan
342390;7;2018;1;;1972;9932;C;1Story;No;nan
291981;9;895;0;29;1960;6533;C;1Story;No;nan
251666;7;898;0;36;2020;1000;C;1Story;No;nan
198521;3;1035;2;408;1980;4525;B;Duplex;No;nan
170531;1;1495;2;426;1975;10959;E;1Story;No;nan
222254;8;822;1;;;5784;C;Duplex;Yes;Gd
268854;3;1977;1;200;1983;6958;B;2Story;No;nan
390574;8;1038;0;9;1995;9660;F;1Story;No;nan
412852;8;1612;0;64;2018;7081;A;2Story;No;nan
248042;5;1210;3;727;1954;12192;D;1Story;No;nan
201703;1;1467;0;-41;2010;;C;1Story;No;nan
394726;10;698;1;;1987;5418;C;2Story;No;nan
302443;7;2001;2;362;1977;11547;B;Townhouse;No;nan
519400;10;1019;3;637;1975;8143;B;Townhouse;Yes;Ex
361162;5;967;0;-12;2010;4765;A;2Story;No;nan
378006;8;2690;0;10;1972;9415;D;1Story;No;nan
498111;9;1777;1;224;1995;7117;D;1Story;No;nan
481063;7;1981;3;675;1979;4562;D;2Story;No;nan
345325;7;1729;0;;2016;8285;E;Duplex;No;nan
228019;1;1274;2;478;1982;;F;1Story;No;nan
186791;4;847;1;248;1952;2938;C;Townhouse;No;nan
339375;2;1351;3;648;2018;4822;D;1Story;No;nan
251986;2;1011;0;34;1991;13596;A;2Story;No;nan
195095;2;1041;0;83;2011;8244;E;Townhouse;No;nan
268472;4;708;3;633;2007;12040;E;Townhouse;No;nan
229028;1;1557;1;287;2006;8926;A;2Story;No;nan
275494;4;2287;3;637;1950;11711;C;1Story;No;nan
348358;2;1779;3;716;2022;9667;F;1Story;No;nan
340370;5;1447;1;198;2009;5161;B;1Story;No;nan
323373;3;1480;0;31;2018;9820;C;2Story;No;nan
328457;8;400;2;;2008;5142;B;2Story;No;nan
296384;4;1288;1;149;1995;10788;C;2Story;No;nan
207177;1;787;2;517;1983;8653;A;1Story;No;nan
287379;1;1567;0;;1974;8056;B;1Story;No;nan
466411;10;1370;3;609;1991;6684;B;2Story;No;nan
300135;3;1065;2;414;1978;10395;E;Townhouse;Yes;Gd
328120;9;1556;0;101;1974;7527;C;1Story;No;nan
184534;7;1552;0;-50;2003;2270;C;Duplex;No;nan
373454;2;2259;3;;2022;2857;C;1Story;No;nan
511844;9;1843;3;615;2016;4192;A;2Story;No;nan
278683;10;1608;0;-38;1964;10353;F;Townhouse;No;nan
241055;2;1026;0;-64;1953;10581;E;1Story;No;nan
279822;3;963;2;453;1987;8975;C;1Story;Yes;Gd
455359;10;1799;0;-6;1969;8943;C;1Story;No;nan
132022;2;1400;0;-45;1972;12338;D;1Story;No;nan
217267;3;1625;2;475;1986;9029;B;2Story;No;nan
347873;6;1989;1;;2011;9914;A;1Story;No;nan
291189;9;743;2;456;1957;7968;C;1Story;No;nan
417585;9;2199;2;487;;6617;F;2Story;No;nan
382592;7;1985;3;646;1994;7159;B;2Story;No;nan
164674;3;473;2;453;1982;14152;C;1Story;No;nan
387818;4;2677;0;-14;1956;4740;A;2Story;No;nan
262619;6;1661;0;-60;1971;8943;A;2Story;No;nan
294465;5;1261;0;9;1954;3454;C;1Story;No;nan
206654;2;1760;1;226;1964;6168;B;2Story;No;nan
204590;6;1011;0;-1;1970;10321;F;Duplex;No;nan
208198;3;1773;1;;1966;2570;C;1Story;No;nan
370173;8;1103;0;56;2005;10714;B;2Story;No;nan
333283;2;2510;2;;1999;14143;C;Duplex;No;nan
313532;1;1530;3;622;;9095;E;Duplex;No;nan
401675;9;1825;0;-10;1999;11786;A;2Story;Yes;Gd
217146;3;1107;1;215;2009;8744;C;2Story;No;nan
201548;1;1908;1;259;1956;10133;E;2Story;No;nan
406739;7;1494;3;664;1989;9361;A;2Story;No;nan
349093;10;794;0;-46;1994;;F;1Story;No;nan
280951;5;1381;2;472;2008;6201;B;1Story;No;nan
426168;5;2466;0;26;2004;11544;B;1Story;Yes;Gd
240638;1;1929;0;4;2013;7873;C;1Story;No;nan
410920;9;1311;3;698;2014;;B;1Story;No;nan
191152;7;565;0;45;2003;7513;D;1Story;No;nan
